ID,Primary_Text,Analyzed_Word,Gloss,Translated_Text,Text_ID,Sentence_Number,Language_ID,OTC_ID,LGR_Conformance,Abbreviations
even1260a-A1-1,"kuŋarapi ɟugulin ukʨendeku gɵ, tarak intereːhinej biʨeːɟin, gɵːli?",kuŋa-rap-i	ɟugu-li-n	ukʨen-de-ku	gɵ	tarak	intereːhinej	bi-ʨeːɟi-n	gɵːli,child-ADJR(TIME)-PRFL.SG	about-PROL-PX.3SG	tell-HORT-1SG	DP	DIST	interesting.R	be-PRES-3SG	TAG,"Well, let me tell you about my childhood, that will probably be interesting, won't it?",A1,1,even1260,even1260a,WORD_ALIGNED,"{""ADJR"": ""Adjectivizer"", ""PRFL"": ""Reflexive possessive"", ""SG"": ""Singular"", ""PROL"": ""Prolative"", ""PX"": ""Possessive suffix"", ""HORT"": ""Hortative"", ""DP"": ""Discourse particle"", ""DIST"": ""Distal demonstrative"", ""PRES"": ""Presumptive"", ""TAG"": ""Tag question""}"
even1260a-A1-2,"tak, oːn gɵːnɟim?",tak	oːn	gɵːn-ɟi-m,so.R	how	say-FUT-1SG,"Well, so what should I say?",A1,2,even1260,even1260a,WORD_ALIGNED,"{""FUT"": ""Future"", ""SG"": ""Singular""}"
even1260a-A1-3,"kuŋarapu nadi stadala ieltenin, ammu ɟaːldulan, upeːβ, abagaβ, ammu ɵmettu baldadaŋalni tala bihitnen.",kuŋa-rap-u	nad-i	stado-la	ielte-ni-n	amm-u	ɟaːl-dula-n	upeː-β	abaga-β	amm-u	ɵmettu	balda-daŋa-l-ni	ta-la	bi-hi-tnen,child-ADJR(TIME)-PX.1SG	seven-ORD	herd.R-LOC	pass-PST-3SG	father-PX.1SG	family-LOC-PX.3SG	grandmother-PX.1SG	grandfather-PX.1SG	father-PX.1SG	together	be.born-REM.PTCP-PL-PX.3SG	DIST-LOC	be-PST-3PL,"My childhood passed in the seventh reindeer brigade, with my father's family, my grandmother, my grandfather, my father's siblings were there.",A1,3,even1260,even1260a,WORD_ALIGNED,"{""ADJR"": ""Adjectivizer"", ""PX"": ""Possessive suffix"", ""SG"": ""Singular"", ""ORD"": ""Ordinal"", ""LOC"": ""Locative"", ""PST"": ""Past"", ""REM"": ""Remote"", ""PTCP"": ""Participle"", ""PL"": ""Plural"", ""DIST"": ""Distal demonstrative""}"
even1260a-A1-4,"meːni ilan anŋanidukuj ɟoːŋʨiram, ɲulgeβeʨeddij.",meːni	ilan	anŋani-duku-j	ɟoː-ŋʨi-ra-m	ɲulge-βeʨe-d-di-j,REFL.SG.ACC	three	year-ABL-PRFL.SG	remember-DUR-NFUT-1SG	migrate-ITER-PROG-PRS.PTCP-PRFL.SG,"I remember myself from three years old, how I migrated.",A1,4,even1260,even1260a,WORD_ALIGNED,"{""REFL"": ""Reflexive pronoun"", ""SG"": ""Singular"", ""ACC"": ""Accusative"", ""ABL"": ""Ablative"", ""PRFL"": ""Reflexive possessive"", ""DUR"": ""Durative"", ""NFUT"": ""Non-future"", ""ITER"": ""Iterative (aspect)"", ""PROG"": ""Progressive"", ""PRS"": ""Present"", ""PTCP"": ""Participle""}"
even1260a-A1-5,"uːʨaki tiːkde gərbəβen ɟoːŋʨiram, koːʨaj gərbə bihin.",uːʨak-i	tiːk=de	gərbə-βe-n	ɟoː-ŋʨi-ra-m	koːʨaj	gərbə	bi-hi-n,riding.reindeer-PRFL.SG	now=ADD	name-ACC-PX.3SG	remember-DUR-NFUT-1SG	hide.scraper	name	be-PST-3SG,newpag,A1,5,even1260,even1260a,WORD_ALIGNED,"{""PRFL"": ""Reflexive possessive"", ""SG"": ""Singular"", ""ADD"": ""Additive"", ""ACC"": ""Accusative"", ""PX"": ""Possessive suffix"", ""DUR"": ""Durative"", ""NFUT"": ""Non-future"", ""PST"": ""Past""}"
even1260a-A1-6,"ejmu gɵːniɟin, kokʨinni kaptakumaja, egɟemeje biʨe, teːmi taʨin gərbəʨel, uhu.",ejm-u	gɵː-ni-ɟi-n	kokʨin-ni	kapta-ku-maja	egɟe-meje	bi-ʨe	teːmi	taʨin	gərbə-ʨe-l	uhu,mother-PX.1SG	say-PRS.PTCP-INS-3SG	hoof-PX.3SG	become.flat-ADJR(DESCR)-AUG.INDEF	big-AUG.INDEF	be-NAR.PST	therefore	DIST.QUAL	give.name-NAR.PST-PL	HSY.Y,"As my mother says, it had such big flat hooves, that is why they called it like that.",A1,6,even1260,even1260a,WORD_ALIGNED,"{""PX"": ""Possessive suffix"", ""SG"": ""Singular"", ""PRS"": ""Present"", ""PTCP"": ""Participle"", ""INS"": ""Instrumental"", ""ADJR"": ""Adjectivizer"", ""DESCR"": ""Descriptive"", ""AUG"": ""Augmentative"", ""INDEF"": ""Indefinite"", ""NAR"": ""Narrative"", ""PST"": ""Past"", ""DIST"": ""Distal demonstrative"", ""QUAL"": ""Qualitative"", ""PL"": ""Plural"", ""HSY"": ""Hearsay""}"
even1260a-A1-7,nɵːβu uːʨakan ŋiː gərbə bihin?,nɵː-βu	uːʨaka-n	ŋiː	gərbə	bi-hi-n,younger.sib-PX.1SG	riding.reindeer-PX.3SG	who	name	be-PST-3SG,What was the name of my brother's riding reindeer?,A1,7,even1260,even1260a,WORD_ALIGNED,"{""PX"": ""Possessive suffix"", ""SG"": ""Singular"", ""PST"": ""Past""}"
even1260a-A1-8,"ʨokoː gərbə bihin, gaːdan iahalan aʨʨa bihin.",ʨokoː	gərbə	bi-hi-n	gaːda-n	iahala-n	aʨʨa	bi-hi-n,one-eyed	name	be-PST-3SG	half-PX.3SG	eyes-PX.3SG	NEG.EXIST	be-PST-3SG,"He was called Choko (One-eyed), he had only one eye.' (lit. `half of his eyes were gone'",A1,8,even1260,even1260a,WORD_ALIGNED,"{""PST"": ""Past"", ""SG"": ""Singular"", ""PX"": ""Possessive suffix"", ""NEG"": ""Negative; by itself: Negative auxiliary"", ""EXIST"": ""Existential""}"
even1260a-A1-9,uːʨaklaj baduddij ɟoːŋʨiram.,uːʨak-la-j	badu-d-di-j	ɟoː-ŋʨi-ra-m,riding.reindeer-LOC-PRFL.SG	ride-PROG-PRS.PTCP-PRFL.SG	remember-DUR-NFUT-1SG,I remember riding on my riding reindeer.,A1,9,even1260,even1260a,WORD_ALIGNED,"{""LOC"": ""Locative"", ""PRFL"": ""Reflexive possessive"", ""SG"": ""Singular"", ""PROG"": ""Progressive"", ""PRS"": ""Present"", ""PTCP"": ""Participle"", ""DUR"": ""Durative"", ""NFUT"": ""Non-future""}"
even1260a-A1-10,"ɟuldeleβ tar noːβu uːʨaklaj baduddi biβren, mejkinenteken təgəʨəddi biβren, dilan hoβnaddi biβren, tar uːʨaklaj təgətniken.",ɟul-de-le-β	tar	noː-βu	uːʨak-la-j	badu-d-di	bi-βre-n	mejkine-nteken	təgə-ʨə-d-di	bi-βre-n	dila-n	hoβna-d-di	bi-βre-n	tar	uːʨak-la-j	təgə-t-niken,front-SIDE-LOC-PX.1SG	DIST	younger.sib-PX.1SG	riding.reindeer-LOC-PRFL.SG	ride-PROG-PRS.PTCP	AUX-HAB-3SG	sway-SS.MULT	sit.down-TAM2-PROG-PRS.PTCP	AUX-HAB-3SG	head-PX.3SG	move-PROG-PRS.PTCP	AUX-HAB-3SG	DIST	riding.reindeer-LOC-PRFL.SG	sit.down-TAM2-SS.SIM1,"In front of me my younger brother was riding his reindeer, he was sitting and swaying, his head was moving, sitting on that riding reindeer of his.",A1,10,even1260,even1260a,WORD_ALIGNED,"{""LOC"": ""Locative"", ""PX"": ""Possessive suffix"", ""SG"": ""Singular"", ""DIST"": ""Distal demonstrative"", ""PRFL"": ""Reflexive possessive"", ""PROG"": ""Progressive"", ""PRS"": ""Present"", ""PTCP"": ""Participle"", ""AUX"": ""Auxiliary"", ""HAB"": ""Habitual"", ""SS"": ""Same-subject converb"", ""MULT"": ""Multiplicative"", ""TAM"": ""Polysemous TAM marker"", ""SIM"": ""Simultaneous (converb)""}"
even1260a-A1-11,"tar ɟuldelet amanti, mutu əlgəddi biβren, biː amardadukuβ inuʨelti, tarit ejmu ɲan meːn inuʨelbi əlgəddi biβren.",tar	ɟul-de-le-t	aman-ti	mut-u	əlgə-d-di	bi-βre-n	biː	amar-da-duku-β	inuʨe-l-ti	tarit	ejm-u	ɲan	meːn	inuʨe-l-bi	əlgə-d-di	bi-βre-n,DP	front-SIDE-LOC-PX.1PL	father-PX.1PL	1PL-ACC	lead-PROG-PRS.PTCP	AUX-HAB-3SG	1SG	behind-SIDE-ABL-PX.1SG	pack.reindeer-PL-PX.1PL	then	mother-PX.1SG	and	REFL	pack.reindeer-PL-PRFL.SG	lead-PROG-PRS.PTCP	AUX-HAB-3SG,"Ahead of us our father was leading us, behind me (came) our pack reindeer, then (came) my mother also leading her pack reindeer.",A1,11,even1260,even1260a,WORD_ALIGNED,"{""DP"": ""Discourse particle"", ""LOC"": ""Locative"", ""PX"": ""Possessive suffix"", ""PL"": ""Plural"", ""ACC"": ""Accusative"", ""PROG"": ""Progressive"", ""PRS"": ""Present"", ""PTCP"": ""Participle"", ""AUX"": ""Auxiliary"", ""HAB"": ""Habitual"", ""SG"": ""Singular"", ""ABL"": ""Ablative"", ""REFL"": ""Reflexive pronoun"", ""PRFL"": ""Reflexive possessive""}"
even1260a-A1-12,"taʨin huklenteken ɲulgeβrerit, iakta hiːlgaβan əniken haːra, ɲokaladdijda ʨuptereddijde gahamaddijda əniken haːr, taʨin huklenteken ɵrimkeːndule ihkararit.",taʨin	hukle-nteken	ɲulge-βre-ri-t	iak=ta	hiːlga-βa-n	ə-niken	haː-ra	ɲokala-d-di-j=da	ʨuptere-d-di-j=da	gahama-d-di-j=da	ə-niken	haː-r	taʨin	hukle-nteken	ɵrimkeːn-dule	ih-kara-ri-t,DIST.QUAL	sleep-SS.MULT	migrate-HAB-PST-1PL	what=ADD	troubles-ACC-PX.3SG	NEG-SS.SIM1	know-NEG.CVB	slide.forward-PROG-PRS.PTCP-PRFL.SG=ADD	slide.backwards-PROG-PRS.PTCP-PRFL.SG=ADD	slide.sideways-PROG-PRS.PTCP-PRFL.SG=ADD	NEG-SS.SIM1	know-NEG.CVB	DIST.QUAL	sleep-SS.MULT	new.camp-LOC	reach-HAB-PST-1PL,"Sleeping like that we migrated, not knowing any troubles, not knowing how we slip on to the neck of the reindeer, how we slide back, how we slide to the side, sleeping like that we reached the new camp.'\footnote{Infants ride in a special saddle with high sides called \textit{ɵːɲeː} (see \figref{fig:photoDongka} in \sectref{sec:reindeerterms}).",A1,12,even1260,even1260a,WORD_ALIGNED,"{""DIST"": ""Distal demonstrative"", ""QUAL"": ""Qualitative"", ""SS"": ""Same-subject converb"", ""MULT"": ""Multiplicative"", ""HAB"": ""Habitual"", ""PST"": ""Past"", ""PL"": ""Plural"", ""ADD"": ""Additive"", ""ACC"": ""Accusative"", ""PX"": ""Possessive suffix"", ""SG"": ""Singular"", ""NEG"": ""Negative; by itself: Negative auxiliary"", ""SIM"": ""Simultaneous (converb)"", ""CVB"": ""Converb"", ""PROG"": ""Progressive"", ""PRS"": ""Present"", ""PTCP"": ""Participle"", ""PRFL"": ""Reflexive possessive"", ""LOC"": ""Locative""}"
even1260a-A1-13,"tarit emie bolo biʨe yryʨyn, ilan emie anŋanilkan biʨe bihem yryʨyn, tarakam uže kibikkele ajannaːddap.",tarit	emie	bolo	bi-ʨe	yryʨyn	ilan	emie	anŋani-lkan	bi-ʨe	bi-he-m	yryʨyn	tarakam	uže	kibikke-le	ajannaː-d-da-p,then	also.Y	autumn	be-NAR.PST	it.seems	three	also.Y	year-PROP	be-PST.PTCP	AUX-NFUT-1SG	it.seems	at.that.time	already.R	covered.sled.R-LOC	travel.Y-PROG-NFUT-1PL,"And then, it was also autum it seems, and I was also three years old it seems, then we were already journeying in the kibitka.",A1,13,even1260,even1260a,WORD_ALIGNED,"{""NAR"": ""Narrative"", ""PST"": ""Past"", ""PROP"": ""Proprietive"", ""PTCP"": ""Participle"", ""AUX"": ""Auxiliary"", ""NFUT"": ""Non-future"", ""SG"": ""Singular"", ""LOC"": ""Locative"", ""PROG"": ""Progressive"", ""PL"": ""Plural""}"
even1260a-A1-14,"hatlaβ ŋiː, nɵːβu təgəʨəggeren, ɟuldelet eɲenti.",hat-la-β	ŋiː	nɵː-βu	təgə-ʨə-g-gere-n	ɟul-de-le-t	eɲin-ti,base-LOC-PX.1SG	FLR	younger.sib-PX.1SG	sit.down-TAM2-PROG-HAB-3SG	front-SIDE-LOC-PX.1PL	mother-PX.1PL,"Next to me sat my younger brother, in front (sat) our mother.",A1,14,even1260,even1260a,WORD_ALIGNED,"{""LOC"": ""Locative"", ""PX"": ""Possessive suffix"", ""SG"": ""Singular"", ""FLR"": ""Filler"", ""TAM"": ""Polysemous TAM marker"", ""PROG"": ""Progressive"", ""HAB"": ""Habitual"", ""PL"": ""Plural""}"
even1260a-A1-15,"tar ŋinaɲɟat goβallan ɵmneken, ŋiː gərbə bihin?",tar	ŋina-ɲɟa-t	goβa-l-la-n	ɵm-neken	ŋiː	gərbə	bi-hi-n,DP	dog-AUG.DEF-PX.1PL	to.bark-INCH-NFUT-3SG	one-ITER.ADV	who	name	be-PST-3SG,"Then once our big dog started barking, what was its name?",A1,15,even1260,even1260a,WORD_ALIGNED,"{""DP"": ""Discourse particle"", ""AUG"": ""Augmentative"", ""DEF"": ""Definite"", ""PX"": ""Possessive suffix"", ""PL"": ""Plural"", ""INCH"": ""Inchoative"", ""NFUT"": ""Non-future"", ""SG"": ""Singular"", ""ITER"": ""Iterative (aspect)"", ""ADV"": ""Adverb"", ""PST"": ""Past""}"
even1260a-A1-16,"Reks gərbə ŋin bihin, həpəkumeje, hutakumaja ŋinmaja.",Reks	gərbə	ŋin	bi-hi-n	həpəku-meje	huta-ku-maja	ŋin-maja,PN	name	dog	be-PST-3SG	shaggy-AUG.INDEF	become.red-ADJR(DESCR)-AUG.INDEF	dog-AUG.INDEF,"Its name was Rex, it was a big shaggy red dog.",A1,16,even1260,even1260a,WORD_ALIGNED,"{""PN"": ""Proper noun"", ""PST"": ""Past"", ""SG"": ""Singular"", ""AUG"": ""Augmentative"", ""INDEF"": ""Indefinite"", ""ADJR"": ""Adjectivizer"", ""DESCR"": ""Descriptive""}"
even1260a-A1-17,"tara iaβ iluʨa biʨe, ujamkam, anaŋu.",tara	ia-β	ilu-ʨa	bi-ʨe	ujamka-m	anaŋ-u,DIST	FLR-ACC	appoint-PST.PTCP	AUX-NAR.PST	snow.sheep-ACC	ram-ACC,"(The dog) flushed out a snow sheep, a ram.",A1,17,even1260,even1260a,WORD_ALIGNED,"{""DIST"": ""Distal demonstrative"", ""FLR"": ""Filler"", ""ACC"": ""Accusative"", ""PST"": ""Past"", ""PTCP"": ""Participle"", ""AUX"": ""Auxiliary"", ""NAR"": ""Narrative""}"
even1260a-A1-18,taraβ ammu nəmkədni.,tara-β	amm-u	nəmkə-d-ni,DIST-ACC	father-PX.1SG	shoot-NFUT-3SG,"That my father shot.'\footnote{As one of the ``indigenous small-numbered peoples of the North'' Evens have the right to shoot game for their own use, although they are not allowed to sell the meat.",A1,18,even1260,even1260a,WORD_ALIGNED,"{""DIST"": ""Distal demonstrative"", ""ACC"": ""Accusative"", ""PX"": ""Possessive suffix"", ""SG"": ""Singular"", ""NFUT"": ""Non-future""}"
even1260a-A1-19,tar ajannaːdnikan taʨin uldəŋgeːr bakrit.,tar	ajannaː-d-nikan	taʨin	uldə-ŋ-geːr	bak-ri-t,DP	travel.Y-PROG-SS.SIM1	DIST.QUAL	meat-POSS-DEST.PRFL.PL	find-PST-1PL,Like that we found meat for ourselves while journeying.,A1,19,even1260,even1260a,WORD_ALIGNED,"{""DP"": ""Discourse particle"", ""PROG"": ""Progressive"", ""SS"": ""Same-subject converb"", ""SIM"": ""Simultaneous (converb)"", ""DIST"": ""Distal demonstrative"", ""QUAL"": ""Qualitative"", ""POSS"": ""Non-canonical possession"", ""DEST"": ""Destinative"", ""PRFL"": ""Reflexive possessive"", ""PL"": ""Plural"", ""PST"": ""Past""}"
even1260a-A1-20,tarit biː huklehenʨe bihem yryʨyn dalše əhem ɵjdɵːr.,tarit	biː	hukle-hen-ʨe	bi-he-m	yryʨyn	dalše	ə-he-m	ɵjdɵː-r,then	1SG	sleep-TAM1-PST.PTCP	AUX-NFUT-1SG	it.seems	further.R	NEG-NFUT-1SG	remember.Y-NEG.CVB,"Then I must have fallen asleep, I don't remember anything more.",A1,20,even1260,even1260a,WORD_ALIGNED,"{""SG"": ""Singular"", ""TAM"": ""Polysemous TAM marker"", ""PST"": ""Past"", ""PTCP"": ""Participle"", ""AUX"": ""Auxiliary"", ""NFUT"": ""Non-future"", ""NEG"": ""Negative; by itself: Negative auxiliary"", ""CVB"": ""Converb""}"
even1260a-A1-21,tara.,tara,DP,That's it.,A1,21,even1260,even1260a,WORD_ALIGNED,"{""DP"": ""Discourse particle""}"
even1260a-A10-1,"emnekej mut, ammu, biː ɲan biː nɵːβu Kaːʨa oːnikan- ammu školatki mutu həruddin.",em-nekej	mut	amm-u	biː	ɲan	biː	nɵː-βu	Kaːʨa	oː-nikan	amm-u	škola-tki	mut-u	hər-u-d-di-n,one-ITER.ADV	1PL	father-PX.1SG	1SG	and	1SG	younger.sib-PX.1SG	PN	become-SS.SIM1	father-PX.1SG	school.R-ALL	1PL-ACC	go-VAL-PROG-PST-3SG,"Once we, my father, I and my little sister Katja - my father was taking us to school.",A10,1,even1260,even1260a,WORD_ALIGNED,"{""ITER"": ""Iterative (aspect)"", ""ADV"": ""Adverb"", ""PL"": ""Plural"", ""PX"": ""Possessive suffix"", ""SG"": ""Singular"", ""PN"": ""Proper noun"", ""SS"": ""Same-subject converb"", ""SIM"": ""Simultaneous (converb)"", ""ALL"": ""Allative"", ""ACC"": ""Accusative"", ""VAL"": ""Valency-change"", ""PROG"": ""Progressive"", ""PST"": ""Past""}"
even1260a-A10-2,"tarit hieheʨen oːʨalan, haːtaralʨalan aːnŋarit.",tarit	hieheʨen	oː-ʨa-la-n	haːtara-l-ʨa-la-n	aːnŋa-ri-t,then	evening	become-PST.PTCP-LOC-3SG	be.dark-INCH-PST.PTCP-LOC-3SG	spend.night-PST-1PL,"When evening fell, when it became dark, we stopped for the night.",A10,2,even1260,even1260a,WORD_ALIGNED,"{""PST"": ""Past"", ""PTCP"": ""Participle"", ""LOC"": ""Locative"", ""SG"": ""Singular"", ""INCH"": ""Inchoative"", ""PL"": ""Plural""}"
even1260a-A10-3,aːŋŋariɟur ʨaju igin hujutʨelet ammu binokli gariɟi ireβ taraβ iːmkattan urekʨelteki.,aːŋŋa-riɟur	ʨaj-u	igin	huj-u-t-ʨe-le-t	amm-u	binokl-i	ga-riɟi	ire-β	tara-β	iːmkat-ta-n	urekʨe-l-teki,spend.night-SS.ANT.PL	tea.R-ACC	etc.Y	boil[INTR]-VAL-TAM2-PST.PTCP-LOC-1PL	father-PX.1SG	binoculars.R-PRFL.SG	take-SS.ANT.SG	which-ACC	DIST-ACC	aim-NFUT-3SG	high.mountain-PL-ALL,"Having spent the night, when we were making tea, my father took his binoculars and aimed at this and that, towards the mountains.",A10,3,even1260,even1260a,WORD_ALIGNED,"{""SS"": ""Same-subject converb"", ""ANT"": ""Anterior (converb)"", ""PL"": ""Plural"", ""ACC"": ""Accusative"", ""INTR"": ""Intransitive"", ""VAL"": ""Valency-change"", ""TAM"": ""Polysemous TAM marker"", ""PST"": ""Past"", ""PTCP"": ""Participle"", ""LOC"": ""Locative"", ""PX"": ""Possessive suffix"", ""SG"": ""Singular"", ""PRFL"": ""Reflexive possessive"", ""DIST"": ""Distal demonstrative"", ""NFUT"": ""Non-future"", ""ALL"": ""Allative""}"
even1260a-A10-4,tarit gɵːnni:,tarit	gɵː-n-ni,then	say-NFUT-3SG,Then he said:,A10,4,even1260,even1260a,WORD_ALIGNED,"{""NFUT"": ""Non-future"", ""SG"": ""Singular""}"
even1260a-A10-5,"toːla urekʨendule ial ujamkal bidde gɵːnni, ammu.",ta-la	urekʨen-dule	ia-l	ujamka-l	bi-d-de	gɵː-n-ni	amm-u,DIST-LOC	high.mountain-LOC	FLR-PL	snow.sheep-PL	be-PROG-NFUT	say-NFUT-3SG	father-PX.1SG,"{``}Over there on the mountain there are snow sheep,'' he said, my father.",A10,5,even1260,even1260a,WORD_ALIGNED,"{""DIST"": ""Distal demonstrative"", ""LOC"": ""Locative"", ""FLR"": ""Filler"", ""PL"": ""Plural"", ""PROG"": ""Progressive"", ""NFUT"": ""Non-future"", ""SG"": ""Singular"", ""PX"": ""Possessive suffix""}"
even1260a-A10-6,"tala biː hərdeku, huː buolla ələ emebelde, tala ojʨidakun, gɵːnni, urekʨendule.",ta-la	biː	hər-de-ku	huː	buolla	ə-lə	eme-be-lde	ta-la	ojʨi-da-kun	gɵː-n-ni	urekʨen-dule,DIST-LOC	1SG	go-HORT-1SG	2PL	DP.Y	PROX-LOC	leave-MED-IMP.PL	DIST-LOC	ascend-HORT-1SG	say-NFUT-3SG	high.mountain-LOC,"{``}Let me go there, and you stay here, let me go up there,'' he said, ``to the mountain''.",A10,6,even1260,even1260a,WORD_ALIGNED,"{""DIST"": ""Distal demonstrative"", ""LOC"": ""Locative"", ""SG"": ""Singular"", ""HORT"": ""Hortative"", ""PL"": ""Plural"", ""DP"": ""Discourse particle"", ""PROX"": ""Proximal (demonstrative)"", ""MED"": ""Mediopassive"", ""IMP"": ""Imperative"", ""NFUT"": ""Non-future""}"
even1260a-A10-7,"mut, ɛɛ, gə hərri, gɵːnep.",mut	ɛɛ	gə	hər-ri	gɵː-ne-p,1PL	AFF	DP	go-IMP.SG	say-NFUT-1PL,"We said ``yes, OK, go''.",A10,7,even1260,even1260a,WORD_ALIGNED,"{""PL"": ""Plural"", ""AFF"": ""Affirmative"", ""DP"": ""Discourse particle"", ""IMP"": ""Imperative"", ""SG"": ""Singular"", ""NFUT"": ""Non-future""}"
even1260a-A10-8,"mut emeːptep, ammu buolla urekʨendule ojʨidni.",mut	emeː-p-te-p	amm-u	buolla	urekʨen-dule	ojʨi-d-ni,1PL	leave-MED-NFUT-1PL	father-PX.1SG	DP.Y	high.mountain-LOC	ascend-NFUT-3SG,"We remained, and our father went up the mountain.",A10,8,even1260,even1260a,WORD_ALIGNED,"{""PL"": ""Plural"", ""MED"": ""Mediopassive"", ""NFUT"": ""Non-future"", ""PX"": ""Possessive suffix"", ""SG"": ""Singular"", ""DP"": ""Discourse particle"", ""LOC"": ""Locative""}"
even1260a-A10-9,"mut delbi kɵjeːttep, nɵːʨel ɵmettu oːn nəkəddiβen.",mut	delbi	kɵjeːt-te-p	nɵː-ʨel	ɵmettu	oːn	nəkə-d-di-βe-n,1PL	very.Y	look.at-NFUT-1PL	younger.sib-COM(KIN)	together	how	do-PROG-PRS.PTCP-ACC-3SG,"We watched closely, together with my little sister, what he was doing.",A10,9,even1260,even1260a,WORD_ALIGNED,"{""PL"": ""Plural"", ""NFUT"": ""Non-future"", ""COM"": ""Comitative"", ""PROG"": ""Progressive"", ""PRS"": ""Present"", ""PTCP"": ""Participle"", ""ACC"": ""Accusative"", ""SG"": ""Singular""}"
even1260a-A10-10,tar ujamkalbu igin delbi kɵjeːttep.,tar	ujamka-l-bu	igin	delbi	kɵjeːt-te-p,DIST	snow.sheep-PL-ACC	etc.Y	very.Y	look.at-NFUT-1PL,And we also watched the snow sheep closely.,A10,10,even1260,even1260a,WORD_ALIGNED,"{""DIST"": ""Distal demonstrative"", ""PL"": ""Plural"", ""ACC"": ""Accusative"", ""NFUT"": ""Non-future""}"
even1260a-A10-11,"ujamkandula ammu ojʨiriɟi, ojʨidni.",ujamkan-dula	amm-u	ojʨi-riɟi	ojʨi-d-ni,snow.sheep-LOC	father-PX.1SG	ascend-SS.ANT.SG	ascend-NFUT-3SG,My father went up to the snow sheep.,A10,11,even1260,even1260a,WORD_ALIGNED,"{""LOC"": ""Locative"", ""PX"": ""Possessive suffix"", ""SG"": ""Singular"", ""SS"": ""Same-subject converb"", ""ANT"": ""Anterior (converb)"", ""NFUT"": ""Non-future""}"
even1260a-A10-12,tarit nəmkərin iːhnen nuŋat.,tarit	nəmkə-ri-n	iːh-ne-n	nuŋa-t,then	shoot-PRS.PTCP-3SG	be.audible-NFUT-3SG	gun-INS,"Then his shot was heard, with a gun.",A10,12,even1260,even1260a,WORD_ALIGNED,"{""PRS"": ""Present"", ""PTCP"": ""Participle"", ""SG"": ""Singular"", ""NFUT"": ""Non-future"", ""INS"": ""Instrumental""}"
even1260a-A10-13,"tarit buollaɣina uraːdni yryʨyn, araːha ujamkalbu, ani araj itteket, ammu brosta kuːnintakan hergijele urekʨem hergekki iaddan, tutedden.",tarit	buollaɣina	uraː-d-ni	yryʨyn	araːha	ujamka-l-bu	ani	araj	it-teke-t	amm-u	brosta	kuːni-ntakan	hergi-je-le	urekʨe-m	herge-kki	ia-d-da-n	tute-d-de-n,then	DP.Y	miss.mark-NFUT-3SG	it.seems	maybe.Y	snow.sheep-PL-ACC	now.Y	suddenly.Y	see-DS.COND-1PL	father-PX.1SG	simply.R	to.scream-SS.MULT	bottom-AUG-LOC	high.mountain-ACC	bottom-ALL	FLR-PROG-NFUT-3SG	run-PROG-NFUT-3SG,"And then it seems he missed the snow sheep, suddenly we see my father is running screaming straight down the mountain.",A10,13,even1260,even1260a,WORD_ALIGNED,"{""DP"": ""Discourse particle"", ""NFUT"": ""Non-future"", ""SG"": ""Singular"", ""PL"": ""Plural"", ""ACC"": ""Accusative"", ""DS"": ""Different-subject converb"", ""COND"": ""Conditional-Temporal (converb)"", ""PX"": ""Possessive suffix"", ""SS"": ""Same-subject converb"", ""MULT"": ""Multiplicative"", ""AUG"": ""Augmentative"", ""LOC"": ""Locative"", ""ALL"": ""Allative"", ""FLR"": ""Filler"", ""PROG"": ""Progressive""}"
even1260a-A10-14,"oo, iami tutedden gɵːniken moːdarganikan kɵjeːttep delbi ɟɵːriɟur.",oo	iami	tute-d-de-n	gɵːniken	moːdarga-nikan	kɵjeːt-te-p	delbi	ɟɵː-ri-ɟur,oh	why	run-PROG-NFUT-3SG	say.PTL	be.surprised.Y-SS.SIM1	look.at-NFUT-1PL	very.Y	two-COLL-INS.PRFL.PL,"Oh, why is he running, we wondered, both of us watching closely.",A10,14,even1260,even1260a,WORD_ALIGNED,"{""PROG"": ""Progressive"", ""NFUT"": ""Non-future"", ""SG"": ""Singular"", ""PTL"": ""Particle"", ""SS"": ""Same-subject converb"", ""SIM"": ""Simultaneous (converb)"", ""PL"": ""Plural"", ""COLL"": ""Collective"", ""INS"": ""Instrumental"", ""PRFL"": ""Reflexive possessive""}"
even1260a-A10-15,"tarakam biː mian anŋanilkan bihiβ, Kaːʨa nɵːβu buolla nadan anŋanilkan bihin.",tarakam	biː	mian	anŋani-lkan	bi-hi-β	Kaːʨa	nɵː-βu	buolla	nadan	anŋani-lkan	bi-hi-n,at.that.time	1SG	ten	year-PROP	be-PST-1SG	PN	younger.sib-PX.1SG	DP.Y	seven	year-PROP	be-PST-3SG,"At that time I was ten years old, and my sister Katja was seven years old.",A10,15,even1260,even1260a,WORD_ALIGNED,"{""SG"": ""Singular"", ""PROP"": ""Proprietive"", ""PST"": ""Past"", ""PN"": ""Proper noun"", ""PX"": ""Possessive suffix"", ""DP"": ""Discourse particle""}"
even1260a-A10-16,otton ər školala tattaβur hərəddit.,otton	ər	škola-la	tat-ta-βur	hərə-d-di-t,DP.Y	DP	school.R-LOC	learn-VS.PURP-PRFL.PL	go-PROG-PST-1PL,We were going to study in school.,A10,16,even1260,even1260a,WORD_ALIGNED,"{""DP"": ""Discourse particle"", ""LOC"": ""Locative"", ""VS"": ""Variable-subject converb"", ""PURP"": ""Purposive"", ""PRFL"": ""Reflexive possessive"", ""PL"": ""Plural"", ""PROG"": ""Progressive"", ""PST"": ""Past""}"
even1260a-A10-17,tarit nadan anŋanilkan bihin.,tarit	nadan	anŋani-lkan	bi-hi-n,then	seven	year-PROP	be-PST-3SG,So she was seven years old.,A10,17,even1260,even1260a,WORD_ALIGNED,"{""PROP"": ""Proprietive"", ""PST"": ""Past"", ""SG"": ""Singular""}"
even1260a-A10-18,"ammu delbi kuːnintakoːn, olok hergekkijeːki tutedden.",amm-u	delbi	kuːni-ntakan	olok	herge-kki=jeːki	tute-d-de-n,father-PX.1SG	very.Y	to.scream-SS.MULT	completely.Y	bottom-ALL=AUG.DYN	run-PROG-NFUT-3SG,"My father was running straight down, screaming loudly.'\footnote{Normally, the relational noun \textit{hergi-} would take the Adverbial Allative form \textit{-ski}, with the infixed Dynamic Augmentative \textit{-jakaː(n)}: \textit{herge-h<jekeː>ki}.",A10,18,even1260,even1260a,WORD_ALIGNED,"{""PX"": ""Possessive suffix"", ""SG"": ""Singular"", ""SS"": ""Same-subject converb"", ""MULT"": ""Multiplicative"", ""ALL"": ""Allative"", ""AUG"": ""Augmentative"", ""DYN"": ""Dynamic"", ""PROG"": ""Progressive"", ""NFUT"": ""Non-future""}"
even1260a-A10-19,tarak biː nɵːβu Kaːʨa ulgimidni:,tarak	biː	nɵː-βu	Kaːʨa	ulgimi-d-ni,DIST	1SG	younger.sib-PX.1SG	PN	ask-NFUT-3SG,And my sister Katja asked:,A10,19,even1260,even1260a,WORD_ALIGNED,"{""DIST"": ""Distal demonstrative"", ""SG"": ""Singular"", ""PX"": ""Possessive suffix"", ""PN"": ""Proper noun"", ""NFUT"": ""Non-future""}"
even1260a-A10-20,"taraβ amanti iami kuːniddan tabar, gɵːniken.",tara-β	aman-ti	iami	kuːni-d-da-n	tabar	gɵːniken,DIST-ACC	father-PX.1PL	why	to.scream-PROG-NFUT-3SG	DEM.RECOGN	say.QUOT,{``}Why is our father screaming like that?'',A10,20,even1260,even1260a,WORD_ALIGNED,"{""DIST"": ""Distal demonstrative"", ""ACC"": ""Accusative"", ""PX"": ""Possessive suffix"", ""PL"": ""Plural"", ""PROG"": ""Progressive"", ""NFUT"": ""Non-future"", ""SG"": ""Singular"", ""DEM"": ""Demonstrative"", ""RECOGN"": ""Recognitional"", ""QUOT"": ""Quotative""}"
even1260a-A10-21,"biː buolla: tɵːr iatkin haːnintikin hiːralʨa, ujamkam ətiɟi maːra, hiːralliɟi, tabar delbi kuːnintakan hergile tutedden, gɵːnem.",biː	buolla	tɵːr	ia-tki-n	haːnin-tiki-n	hiːra-l-ʨa	ujamka-m	ə-tiɟi	maː-ra	hiːra-l-liɟi	tabar	delbi	kuːni-ntakan	hergi-le	tute-d-de-n	gɵː-ne-m,1SG	DP.Y	earth	FLR-ALL-PX.3SG	spirit-ALL-PX.3SG	be.angry-INCH-NAR.PST	snow.sheep-ACC	NEG-SS.ANT.SG	kill-NEG.CVB	be.angry-INCH-SS.ANT.SG	DEM.RECOGN	very.Y	to.scream-SS.MULT	bottom-LOC	run-PROG-NFUT-3SG	say-NFUT-1SG,"And I: ``(He) got angry with the spirit of the earth, not having been able to kill the snow sheep, having gotten angry he is running screaming down (the hill),'' I said.",A10,21,even1260,even1260a,WORD_ALIGNED,"{""SG"": ""Singular"", ""DP"": ""Discourse particle"", ""FLR"": ""Filler"", ""ALL"": ""Allative"", ""PX"": ""Possessive suffix"", ""INCH"": ""Inchoative"", ""NAR"": ""Narrative"", ""PST"": ""Past"", ""ACC"": ""Accusative"", ""NEG"": ""Negative; by itself: Negative auxiliary"", ""SS"": ""Same-subject converb"", ""ANT"": ""Anterior (converb)"", ""CVB"": ""Converb"", ""DEM"": ""Demonstrative"", ""RECOGN"": ""Recognitional"", ""MULT"": ""Multiplicative"", ""LOC"": ""Locative"", ""PROG"": ""Progressive"", ""NFUT"": ""Non-future""}"
even1260a-A10-22,"ɛɛ, gɵːnni tar.",ɛɛ	gɵː-n-ni	tar,AFF	say-NFUT-3SG	DIST,{``}Yes'' she said.,A10,22,even1260,even1260a,WORD_ALIGNED,"{""AFF"": ""Affirmative"", ""NFUT"": ""Non-future"", ""SG"": ""Singular"", ""DIST"": ""Distal demonstrative""}"
even1260a-A10-23,ɟe kɵjeːttoːp delbi hergile.,ɟe	kɵjeːt-te-p	delbi	hergi-le,PTL.Y	look.at-NFUT-1PL	very.Y	bottom-LOC,"We watched, (he ran) down very fast.' (lit. `very to the bottom'",A10,23,even1260,even1260a,WORD_ALIGNED,"{""PTL"": ""Particle"", ""NFUT"": ""Non-future"", ""PL"": ""Plural"", ""LOC"": ""Locative""}"
even1260a-A10-24,tarit emiske biː əjəhki iʨehnem tartaki.,tarit	emiske	biː	əjə-hki	iʨe-h-ne-m	tar-taki,then	suddenly.Y	1SG	downriver-ADVB.ALL	see-TAM1-NFUT-1SG	DIST-ALL,"Then suddenly I looked downriver, over there.",A10,24,even1260,even1260a,WORD_ALIGNED,"{""SG"": ""Singular"", ""ADVB"": ""Adverbial"", ""ALL"": ""Allative"", ""TAM"": ""Polysemous TAM marker"", ""NFUT"": ""Non-future"", ""DIST"": ""Distal demonstrative""}"
even1260a-A10-25,"əjəhki iʨehneku, broːsta abagamaja əmədden, nakat.",əjə-hki	iʨe-h-nek-u	broːsta	abaga-maja	əmə-d-de-n	nakat,downriver-ADVB.ALL	see-TAM1-DS.COND-1SG	simply.R	grandfather-AUG.INDEF	come-PROG-NFUT-3SG	bear,"I look downriver, and a big bear is coming.'\footnote{The word \textit{abaga}\textasciitilde\textit{abiga} `grandfather' is the euphemistic term for `bear' (see \sectref{sec:huntingfishing}).",A10,25,even1260,even1260a,WORD_ALIGNED,"{""ADVB"": ""Adverbial"", ""ALL"": ""Allative"", ""TAM"": ""Polysemous TAM marker"", ""DS"": ""Different-subject converb"", ""COND"": ""Conditional-Temporal (converb)"", ""SG"": ""Singular"", ""AUG"": ""Augmentative"", ""INDEF"": ""Indefinite"", ""PROG"": ""Progressive"", ""NFUT"": ""Non-future""}"
even1260a-A10-26,"tak gɵːnem nɵːkkij: Kaːʨoː, taraɲɟa abagamaja əmədden, gɵːnem.",tak	gɵː-ne-m	nɵː-kki-j	Kaːʨoː	tara-ɲɟa	abaga-maja	əmə-d-de-n	gɵː-ne-m,so.R	say-NFUT-1SG	younger.sib-ALL-PRFL.SG	PN[VOC]	DIST-AUG.DEF	grandfather-AUG.INDEF	come-PROG-NFUT-3SG	say-NFUT-1SG,"So I say to my sister: ``Katja, over there a big bear is coming,'' I said.",A10,26,even1260,even1260a,WORD_ALIGNED,"{""NFUT"": ""Non-future"", ""SG"": ""Singular"", ""ALL"": ""Allative"", ""PRFL"": ""Reflexive possessive"", ""PN"": ""Proper noun"", ""VOC"": ""Vocative"", ""DIST"": ""Distal demonstrative"", ""AUG"": ""Augmentative"", ""DEF"": ""Definite"", ""INDEF"": ""Indefinite"", ""PROG"": ""Progressive""}"
even1260a-A10-27,"tuŋŋam miar, iak bihin yryʨyn araːha, metre gde to, pjatdesjat metrov.",tuŋŋam	mia-r	iak	bi-hi-n	yryʨyn	araːha	metre	{gde\_to}	pjatdesjat	metrov,five	ten-PL	FLR	be-PST-3SG	it.seems	maybe.Y	meter.R	approximately.R	fifty.R	meter.GEN.PL.R,He was probably 50 metres (away).,A10,27,even1260,even1260a,WORD_ALIGNED,"{""PL"": ""Plural"", ""FLR"": ""Filler"", ""PST"": ""Past"", ""SG"": ""Singular"", ""GEN"": ""Genitive""}"
even1260a-A10-28,tuŋŋam miar metre bihin.,tuŋŋam	mia-r	metre	bi-hi-n,five	ten-PL	meter.R	be-PST-3SG,He was 50 metres (away).,A10,28,even1260,even1260a,WORD_ALIGNED,"{""PL"": ""Plural"", ""PST"": ""Past"", ""SG"": ""Singular""}"
even1260a-A10-29,"oo, voobše ŋeːlellep delbi brosta olok.",oo	voobše	ŋeːle-l-le-p	delbi	brosta	olok,oh	in.general.R	be.afraid-INCH-NFUT-1PL	very.Y	simply.R	completely.Y,"Ooh, we really got a fright, completely.",A10,29,even1260,even1260a,WORD_ALIGNED,"{""INCH"": ""Inchoative"", ""NFUT"": ""Non-future"", ""PL"": ""Plural""}"
even1260a-A10-30,nɵːβu haŋaldaj nəktən.,nɵː-βu	haŋa-l-da-j	nək-tə-n,younger.sib-PX.1SG	cry-INCH-VS.PURP-PRFL.SG	do-NFUT-3SG,My sister was about to cry.,A10,30,even1260,even1260a,WORD_ALIGNED,"{""PX"": ""Possessive suffix"", ""SG"": ""Singular"", ""INCH"": ""Inchoative"", ""VS"": ""Variable-subject converb"", ""PURP"": ""Purposive"", ""PRFL"": ""Reflexive possessive"", ""NFUT"": ""Non-future""}"
even1260a-A10-31,"biː gɵːnem tar: əɟiː haŋalkil, hoŋollokos bussa ələ əmɟin, mutu itʨin, gɵːnem.",biː	gɵː-ne-m	tar	ə-ɟiː	haŋa-l-kil	hoŋo-l-loko-s	bussa	ə-lə	əm-ɟi-n	mut-u	it-ʨi-n	gɵː-ne-m,1SG	say-NFUT-1SG	DIST	NEG-IMP.SG	cry-INCH-PROH.SG	cry-INCH-DS.COND-2SG	even.more.Y	PROX-LOC	come-FUT-3SG	1PL-ACC	see-FUT-3SG	say-NFUT-1SG,"And I say: ``Don't start crying, if you start crying it will be worse, he will come here, he will see us,'' I said.",A10,31,even1260,even1260a,WORD_ALIGNED,"{""SG"": ""Singular"", ""NFUT"": ""Non-future"", ""DIST"": ""Distal demonstrative"", ""NEG"": ""Negative; by itself: Negative auxiliary"", ""IMP"": ""Imperative"", ""INCH"": ""Inchoative"", ""PROH"": ""Prohibitive"", ""DS"": ""Different-subject converb"", ""COND"": ""Conditional-Temporal (converb)"", ""PROX"": ""Proximal (demonstrative)"", ""LOC"": ""Locative"", ""FUT"": ""Future"", ""PL"": ""Plural"", ""ACC"": ""Accusative""}"
even1260a-A10-32,oralti igin ələ togaʨadda hiβkeŋken.,ora-l-ti	igin	ə-lə	toga-ʨa-d-da	hiβkeŋken,reindeer(domestic)-PL-PX.1PL	etc.Y	PROX-LOC	lie.down(of.animals)-TAM2-PROG-NFUT	silently,Our reindeer were lying here quietly.,A10,32,even1260,even1260a,WORD_ALIGNED,"{""PL"": ""Plural"", ""PX"": ""Possessive suffix"", ""PROX"": ""Proximal (demonstrative)"", ""LOC"": ""Locative"", ""TAM"": ""Polysemous TAM marker"", ""PROG"": ""Progressive"", ""NFUT"": ""Non-future""}"
even1260a-A10-33,"ŋinalkahal igin bihep, ŋinat emie togaʨaddan.",ŋina-lka-hal	igin	bi-he-p	ŋina-t	emie	toga-ʨa-d-da-n,dog-PROP-PL	etc.Y	be-NFUT-1PL	dog-PX.1PL	also.Y	lie.down(of.animals)-TAM2-PROG-NFUT-3SG,"We also had dogs, our dogs were also lying.",A10,33,even1260,even1260a,WORD_ALIGNED,"{""PROP"": ""Proprietive"", ""PL"": ""Plural"", ""NFUT"": ""Non-future"", ""PX"": ""Possessive suffix"", ""TAM"": ""Polysemous TAM marker"", ""PROG"": ""Progressive"", ""SG"": ""Singular""}"
even1260a-A10-34,"taral mədɟir gɵːmi, biː bəju, emiske mədɟir buoluo gɵːniken, ŋeːlelehnem meːn doːlaj.",tara-l	məd-ɟi-r	gɵːmi	biː	bəj-u	emiske	məd-ɟi-r	buoluo	gɵːniken	ŋeːle-le-h-ne-m	meːn	doː-la-j,DIST-PL	notice-FUT-3PL	say.PTL	1SG	self-PX.1SG	suddenly.Y	notice-FUT-3PL	probably.Y	say.PTL	be.afraid-INCH-TAM1-NFUT-1SG	REFL	inside-LOC-PRFL.SG,"{``}Those will notice, what if they notice,'' I thought with a fright.",A10,34,even1260,even1260a,WORD_ALIGNED,"{""DIST"": ""Distal demonstrative"", ""PL"": ""Plural"", ""FUT"": ""Future"", ""PTL"": ""Particle"", ""SG"": ""Singular"", ""PX"": ""Possessive suffix"", ""INCH"": ""Inchoative"", ""TAM"": ""Polysemous TAM marker"", ""NFUT"": ""Non-future"", ""REFL"": ""Reflexive pronoun"", ""LOC"": ""Locative"", ""PRFL"": ""Reflexive possessive""}"
even1260a-A10-35,"nɵːkkij əhəm gɵːne, tarit.",nɵː-kki-j	ə-hə-m	gɵː-ne	tarit,younger.sib-ALL-PRFL.SG	NEG-NFUT-1SG	say-NEG.CVB	then,I didn't tell my sister.,A10,35,even1260,even1260a,WORD_ALIGNED,"{""ALL"": ""Allative"", ""PRFL"": ""Reflexive possessive"", ""SG"": ""Singular"", ""NEG"": ""Negative; by itself: Negative auxiliary"", ""NFUT"": ""Non-future"", ""CVB"": ""Converb""}"
even1260a-A10-36,"nɵːβu buolla haŋaldaj: tartaki deːhki derihiŋgel, balgit igin iʨuggeren deːhki.",nɵː-βu	buolla	haŋa-l-da-j	tar-taki	deː-hki	derihiŋ-gel	balgit	igin	iʨ-u-g-gere-n	deː-hki,younger.sib-PX.1SG	DP.Y	cry-INCH-VS.PURP-PRFL.SG	DIST-ALL	upper.part.of.hill-ADVB.ALL	run.off-HORT.PL	cedar.bushes	etc.Y	see-VAL-PROG-HAB-3SG	upper.part.of.hill-ADVB.ALL,"And my sister was about to cry, ``let's run over there, uphill'' -- cedar bushes were visible --- ``uphill''",A10,36,even1260,even1260a,WORD_ALIGNED,"{""PX"": ""Possessive suffix"", ""SG"": ""Singular"", ""DP"": ""Discourse particle"", ""INCH"": ""Inchoative"", ""VS"": ""Variable-subject converb"", ""PURP"": ""Purposive"", ""PRFL"": ""Reflexive possessive"", ""DIST"": ""Distal demonstrative"", ""ALL"": ""Allative"", ""ADVB"": ""Adverbial"", ""HORT"": ""Hortative"", ""PL"": ""Plural"", ""VAL"": ""Valency-change"", ""PROG"": ""Progressive"", ""HAB"": ""Habitual""}"
even1260a-A10-37,tartaki derihiŋgel gɵːŋnen.,tar-taki	derihiŋ-gel	gɵː-ŋne-n,DIST-ALL	run.off-HORT.PL	say-HAB-3SG,{``}Let's run over there'' she was saying.,A10,37,even1260,even1260a,WORD_ALIGNED,"{""DIST"": ""Distal demonstrative"", ""ALL"": ""Allative"", ""HORT"": ""Hortative"", ""PL"": ""Plural"", ""HAB"": ""Habitual"", ""SG"": ""Singular""}"
even1260a-A10-38,"derihneket bussa mutu bokonɟin, bokoniɟi ɟebɟin, gɵːnem biː.",derih-neke-t	bussa	mut-u	bokon-ɟi-n	boko-niɟi	ɟeb-ɟi-n	gɵː-ne-m	biː,run.off-DS.COND-1PL	even.more.Y	1PL-ACC	catch.up-FUT-3SG	catch.up-SS.ANT.SG	eat-FUT-3SG	say-NFUT-1SG	1SG,"{``}If we run away it will be worse, he will catch us, he will catch us and eat us,'' I said.",A10,38,even1260,even1260a,WORD_ALIGNED,"{""DS"": ""Different-subject converb"", ""COND"": ""Conditional-Temporal (converb)"", ""PL"": ""Plural"", ""ACC"": ""Accusative"", ""FUT"": ""Future"", ""SG"": ""Singular"", ""SS"": ""Same-subject converb"", ""ANT"": ""Anterior (converb)"", ""NFUT"": ""Non-future""}"
even1260a-A10-39,"ŋeːlellen, haŋaldaj nəktən, əɟiː haŋkil hagahrit, doldariɟi ələ emɟin, gɵːnem.",ŋeːle-l-le-n	haŋa-l-da-j	nək-tə-n	ə-ɟiː	haŋ-kil	hagahri-t	dolda-riɟi	ə-lə	em-ɟi-n	gɵː-ne-m,be.afraid-INCH-NFUT-3SG	cry-INCH-VS.PURP-PRFL.SG	do-NFUT-3SG	NEG-IMP.SG	cry-PROH.SG	be.noisy.PRS.PTCP-ADVR	hear-SS.ANT.SG	PROX-LOC	come-FUT-3SG	say-NFUT-1SG,"(She) got a fright and was about to cry, ``Don't cry loudly, if he hears he will come over here,'' I said.",A10,39,even1260,even1260a,WORD_ALIGNED,"{""INCH"": ""Inchoative"", ""NFUT"": ""Non-future"", ""SG"": ""Singular"", ""VS"": ""Variable-subject converb"", ""PURP"": ""Purposive"", ""PRFL"": ""Reflexive possessive"", ""NEG"": ""Negative; by itself: Negative auxiliary"", ""IMP"": ""Imperative"", ""PROH"": ""Prohibitive"", ""PRS"": ""Present"", ""PTCP"": ""Participle"", ""ADVR"": ""Adverbializer"", ""SS"": ""Same-subject converb"", ""ANT"": ""Anterior (converb)"", ""PROX"": ""Proximal (demonstrative)"", ""LOC"": ""Locative"", ""FUT"": ""Future""}"
even1260a-A10-40,"ammu brosta delbi kuːnin, hergekki hoɣus oːdni.",amm-u	brosta	delbi	kuːni-n	herge-kki	hoɣus	oː-d-ni,father-PX.1SG	simply.R	very.Y	to.scream-3SG	bottom-ALL	relatively.Y	become-NFUT-3SG,"My father was screaming a lot, he was already relatively far down.",A10,40,even1260,even1260a,WORD_ALIGNED,"{""PX"": ""Possessive suffix"", ""SG"": ""Singular"", ""ALL"": ""Allative"", ""NFUT"": ""Non-future""}"
even1260a-A10-41,"emiske ammuβ ittiɟi, tar abagaɲɟa buolla brosta noŋantakin hərrən, amantikiβu.",emiske	amm-u-β	it-tiɟi	tar	abaga-ɲɟa	buolla	brosta	noŋantakin	hər-rə-n	aman-tiki-βu,suddenly.Y	father-ACC-PX.1SG	see-SS.ANT.SG	DIST	grandfather-AUG.DEF	DP.Y	simply.R	3SG.ALL	go-NFUT-3SG	father-ALL-PX.1SG,"Suddenly seeing my father that big bear went towards him, towards my father.",A10,41,even1260,even1260a,WORD_ALIGNED,"{""ACC"": ""Accusative"", ""PX"": ""Possessive suffix"", ""SG"": ""Singular"", ""SS"": ""Same-subject converb"", ""ANT"": ""Anterior (converb)"", ""DIST"": ""Distal demonstrative"", ""AUG"": ""Augmentative"", ""DEF"": ""Definite"", ""DP"": ""Discourse particle"", ""ALL"": ""Allative"", ""NFUT"": ""Non-future""}"
even1260a-A10-42,"brosta hərrən tak amantikij, muttiki əniken emne, amantikij girkadni tar, ɲajukukan.",brosta	hər-rə-n	tak	aman-tiki-j	mut-tiki	ə-niken	em-ne	aman-tiki-j	girka-d-ni	tar	ɲajuku-kan,simply.R	go-NFUT-3SG	so.R	father-ALL-PRFL.SG	1PL-ALL	NEG-SS.SIM1	come-NEG.CVB	father-ALL-PRFL.SG	walk-NFUT-3SG	DIST	quietly-DIM,"He went towards my father, he didn't come towards us, he walked towards my father, slowly.",A10,42,even1260,even1260a,WORD_ALIGNED,"{""NFUT"": ""Non-future"", ""SG"": ""Singular"", ""ALL"": ""Allative"", ""PRFL"": ""Reflexive possessive"", ""PL"": ""Plural"", ""NEG"": ""Negative; by itself: Negative auxiliary"", ""SS"": ""Same-subject converb"", ""SIM"": ""Simultaneous (converb)"", ""CVB"": ""Converb"", ""DIST"": ""Distal demonstrative"", ""DIM"": ""Diminutive ""}"
even1260a-A10-43,girkajaːɟi hərriɟi brosta.,girka-jaːɟi	hər-riɟi	brosta,walk-AUG.CVB.SG	go-SS.ANT.SG	simply.R,"Walking, going....",A10,43,even1260,even1260a,WORD_ALIGNED,"{""AUG"": ""Augmentative"", ""CVB"": ""Converb"", ""SG"": ""Singular"", ""SS"": ""Same-subject converb"", ""ANT"": ""Anterior (converb)""}"
even1260a-A10-44,ammu buolla tarak abagaɲɟakan ʨugahaddakan iadni...,amm-u	buolla	tarak	abaga-ɲɟa-kan	ʨugaha-d-daka-n	ia-d-ni,father-PX.1SG	DP.Y	DIST	grandfather-AUG.DEF-DIM	come.closer.Y-PROG-DS.COND-3SG	FLR-NFUT-3SG,"My father, however, when that big bear came closer, did whatchamacallit.",A10,44,even1260,even1260a,WORD_ALIGNED,"{""PX"": ""Possessive suffix"", ""SG"": ""Singular"", ""DP"": ""Discourse particle"", ""DIST"": ""Distal demonstrative"", ""AUG"": ""Augmentative"", ""DEF"": ""Definite"", ""DIM"": ""Diminutive "", ""PROG"": ""Progressive"", ""DS"": ""Different-subject converb"", ""COND"": ""Conditional-Temporal (converb)"", ""FLR"": ""Filler"", ""NFUT"": ""Non-future""}"
even1260a-A10-45,"naβta iakta golda tala aʨʨa bihin, čistaj iak urekʨen bihin voobše, golan igin, ireŋen taraŋan aʨʨa.",naβta	iak=ta	gol=da	ta-la	aʨʨa	bi-hi-n	čistaj	iak	urekʨen	bi-hi-n	voobše	gola-n	igin	ire-ŋe-n	tara-ŋa-n	aʨʨa,lichen(Cladonia)	what=ADD	log=ADD	DIST-LOC	NEG.EXIST	be-PST-3SG	clean.R	FLR	high.mountain	be-PST-3SG	in.general.R	log-PX.3SG	etc.Y	which-POSS-PX.3SG	DIST-POSS-PX.3SG	NEG.EXIST,"(Only) reindeer moss, there was nothing, not even wood, it was a clean mountain, no wood, no this or that.",A10,45,even1260,even1260a,WORD_ALIGNED,"{""ADD"": ""Additive"", ""DIST"": ""Distal demonstrative"", ""LOC"": ""Locative"", ""NEG"": ""Negative; by itself: Negative auxiliary"", ""EXIST"": ""Existential"", ""PST"": ""Past"", ""SG"": ""Singular"", ""FLR"": ""Filler"", ""PX"": ""Possessive suffix"", ""POSS"": ""Non-canonical possession""}"
even1260a-A10-46,herile gərbə tɵːr bihin tar yryʨyn tarak,herile	gərbə	tɵːr	bi-hi-n	tar	yryʨyn	tarak,stony.mountain	name	place	be-PST-3SG	DIST	it.seems	DIST,"It was a so-called stony mountain, it seems.",A10,46,even1260,even1260a,WORD_ALIGNED,"{""PST"": ""Past"", ""SG"": ""Singular"", ""DIST"": ""Distal demonstrative""}"
even1260a-A10-47,heriledu aːŋŋajdakpitdiː.,herile-du	aːŋŋa-j-dakpit=diː,stony.mountain-DAT.ESS	spend.night-CONN-ASSERT.1PL.Y=EMPH.Y,"We spent the night on a stony mountain, right.",A10,47,even1260,even1260a,WORD_ALIGNED,"{""DAT"": ""Dative"", ""ESS"": ""Essive"", ""CONN"": ""Connective glide"", ""ASSERT"": ""Assertive mood"", ""PL"": ""Plural"", ""EMPH"": ""Emphatic""}"
even1260a-A10-48,"noŋandulan ʨugahaddakan buolla brosta eʨin ammu əleːr, ələ naβtaβ əli durudni.",noŋandulan	ʨugaha-d-daka-n	buolla	brosta	eʨin	amm-u	ə-leːr	ə-lə	naβta-β	ə-li	dur-u-d-ni,3SG.LOC	come.closer.Y-PROG-DS.COND-3SG	DP.Y	simply.R	PROX.QUAL	father-PX.1SG	PROX-LOC.PRFL.PL	PROX-LOC	lichen(Cladonia)-ACC	PROX-PROL	burn[INTR]-VAL-NFUT-3SG,"When (the bear) came closer to him, my father set fire to the reindeer moss along here.'\footnote{From here on, she starts showing with her hands where her father stood, how the bear came, etc, that explains all the tokens of \textit{eʨin} and \textit{ələ}.",A10,48,even1260,even1260a,WORD_ALIGNED,"{""SG"": ""Singular"", ""LOC"": ""Locative"", ""PROG"": ""Progressive"", ""DS"": ""Different-subject converb"", ""COND"": ""Conditional-Temporal (converb)"", ""DP"": ""Discourse particle"", ""PROX"": ""Proximal (demonstrative)"", ""QUAL"": ""Qualitative"", ""PX"": ""Possessive suffix"", ""PRFL"": ""Reflexive possessive"", ""PL"": ""Plural"", ""ACC"": ""Accusative"", ""PROL"": ""Prolative"", ""INTR"": ""Intransitive"", ""VAL"": ""Valency-change"", ""NFUT"": ""Non-future""}"
even1260a-A10-49,abagaɲɟa buolla eʨin emnen.,abaga-ɲɟa	buolla	eʨin	em-ne-n,grandfather-AUG.DEF	DP.Y	PROX.QUAL	come-NFUT-3SG,And the big bear came like this.,A10,49,even1260,even1260a,WORD_ALIGNED,"{""AUG"": ""Augmentative"", ""DEF"": ""Definite"", ""DP"": ""Discourse particle"", ""PROX"": ""Proximal (demonstrative)"", ""QUAL"": ""Qualitative"", ""NFUT"": ""Non-future"", ""SG"": ""Singular""}"
even1260a-A10-50,"emniɟi buolla eʨin- haːnin brosta eʨin, naβtaβ duruʨelen haːninajar buolla.",em-niɟi	buolla	eʨin	haːnin	brosta	eʨin	naβta-β	dur-u-ʨe-le-n	haːnina-j-ar	buol-laɣa,come-SS.ANT.SG	DP.Y	PROX.QUAL	smoke	simply.R	PROX.QUAL	lichen(Cladonia)-ACC	burn[INTR]-VAL-PST.PTCP-LOC-3SG	to.smoke-CONN-PRS.PTCP.Y	AUX.Y-ASSERT.3SG.Y,"And having come like this - there was smoke like this, when he set fire to the reindeer moss, it smokes, right.'\footnote{She shows with her hands how the smoke was.",A10,50,even1260,even1260a,WORD_ALIGNED,"{""SS"": ""Same-subject converb"", ""ANT"": ""Anterior (converb)"", ""SG"": ""Singular"", ""DP"": ""Discourse particle"", ""PROX"": ""Proximal (demonstrative)"", ""QUAL"": ""Qualitative"", ""ACC"": ""Accusative"", ""INTR"": ""Intransitive"", ""VAL"": ""Valency-change"", ""PST"": ""Past"", ""PTCP"": ""Participle"", ""LOC"": ""Locative"", ""CONN"": ""Connective glide"", ""PRS"": ""Present"", ""AUX"": ""Auxiliary"", ""ASSERT"": ""Assertive mood""}"
even1260a-A10-51,"abagaɲɟa eʨije ilmatta, eʨin.",abaga-ɲɟa	eʨi-je	il-mat-ta	eʨin,grandfather-AUG.DEF	PROX.QUAL-AUG	stand.up-REC-NFUT	PROX.QUAL,"The big bear like this, they stood (opposite) each other like this.",A10,51,even1260,even1260a,WORD_ALIGNED,"{""AUG"": ""Augmentative"", ""DEF"": ""Definite"", ""PROX"": ""Proximal (demonstrative)"", ""QUAL"": ""Qualitative"", ""REC"": ""Reciprocal"", ""NFUT"": ""Non-future""}"
even1260a-A10-52,"ilijaːɟi eʨije ilabahadni, abagaɲɟa.",ili-jaːɟi	eʨi-je	ila-baha-d-ni	abaga-ɲɟa,stand.up-AUG.CVB.SG	PROX.QUAL-AUG	stand.up-AUG.VB-NFUT-3SG	grandfather-AUG.DEF,"Standing up like this, he stood up, the big bear.",A10,52,even1260,even1260a,WORD_ALIGNED,"{""AUG"": ""Augmentative"", ""CVB"": ""Converb"", ""SG"": ""Singular"", ""PROX"": ""Proximal (demonstrative)"", ""QUAL"": ""Qualitative"", ""VB"": ""Verbal"", ""NFUT"": ""Non-future"", ""DEF"": ""Definite""}"
even1260a-A10-53,ammu ilgamnan eʨin.,amm-u	ilgam-na-n	eʨin,father-PX.1SG	stand.still-NFUT-3SG	PROX.QUAL,My father stood like this.,A10,53,even1260,even1260a,WORD_ALIGNED,"{""PX"": ""Possessive suffix"", ""SG"": ""Singular"", ""NFUT"": ""Non-future"", ""PROX"": ""Proximal (demonstrative)"", ""QUAL"": ""Qualitative""}"
even1260a-A10-54,"tarak ərə iaʨanti, otuːʨanti əleːr bidden, kostёrʨanti, otuːʨanti.",tarak	ərə	ia-ʨan-ti	otuː-ʨan-ti	ə-leːr	bi-d-de-n	kostёr-ʨan-ti	otuː-ʨan-ti,DIST	PROX	FLR-DIM.DEF-PX.1PL	fire.Y-DIM.DEF-PX.1PL	PROX-LOC.PRFL.PL	be-PROG-NFUT-3SG	camp.fire.R-DIM.DEF-PX.1PL	fire.Y-DIM.DEF-PX.1PL,And our little campfire is here.,A10,54,even1260,even1260a,WORD_ALIGNED,"{""DIST"": ""Distal demonstrative"", ""PROX"": ""Proximal (demonstrative)"", ""FLR"": ""Filler"", ""DIM"": ""Diminutive "", ""DEF"": ""Definite"", ""PX"": ""Possessive suffix"", ""PL"": ""Plural"", ""LOC"": ""Locative"", ""PRFL"": ""Reflexive possessive"", ""PROG"": ""Progressive"", ""NFUT"": ""Non-future"", ""SG"": ""Singular""}"
even1260a-A10-55,taduk eʨin girkaβaːtta.,ta-duk	eʨin	girka-βaːt-ta,DIST-ABL	PROX.QUAL	walk-ITER-NFUT,From that they walked like this.,A10,55,even1260,even1260a,WORD_ALIGNED,"{""DIST"": ""Distal demonstrative"", ""ABL"": ""Ablative"", ""PROX"": ""Proximal (demonstrative)"", ""QUAL"": ""Qualitative"", ""ITER"": ""Iterative (aspect)"", ""NFUT"": ""Non-future""}"
even1260a-A10-56,ammu ərteki hərreken abagaɲɟa ərteki emgeren.,amm-u	ər-teki	hər-reke-n	abaga-ɲɟa	ər-teki	em-gere-n,father-PX.1SG	PROX-ALL	go-DS.COND-3SG	grandfather-AUG.DEF	PROX-ALL	come-HAB-3SG,"When my father goes here, the big bear comes here.",A10,56,even1260,even1260a,WORD_ALIGNED,"{""PX"": ""Possessive suffix"", ""SG"": ""Singular"", ""PROX"": ""Proximal (demonstrative)"", ""ALL"": ""Allative"", ""DS"": ""Different-subject converb"", ""COND"": ""Conditional-Temporal (converb)"", ""AUG"": ""Augmentative"", ""DEF"": ""Definite"", ""HAB"": ""Habitual""}"
even1260a-A10-57,ammu ərteki hərrəken ərtiki hərgeren.,amm-u	ər-teki	hər-rəke-n	ər-tiki	hər-gere-n,father-PX.1SG	PROX-ALL	go-DS.COND-3SG	PROX-ALL	go-HAB-3SG,"When my father goes here, (the bear) goes here.",A10,57,even1260,even1260a,WORD_ALIGNED,"{""PX"": ""Possessive suffix"", ""SG"": ""Singular"", ""PROX"": ""Proximal (demonstrative)"", ""ALL"": ""Allative"", ""DS"": ""Different-subject converb"", ""COND"": ""Conditional-Temporal (converb)"", ""HAB"": ""Habitual""}"
even1260a-A10-58,"brosta taraβ kɵjeːtniken delbi ilgamnap, ŋeːlellep, delbi brosta olok hilgəlləp olok.",brosta	tara-β	kɵjeːt-niken	delbi	ilgam-na-p	ŋeːle-l-le-p	delbi	brosta	olok	hilgə-l-lə-p	olok,simply.R	DIST-ACC	look.at-SS.SIM1	very.Y	stand.still-NFUT-1PL	be.afraid-INCH-NFUT-1PL	very.Y	simply.R	completely.Y	shiver-INCH-NFUT-1PL	completely.Y,"Looking at that we stood, we were frightened, we started shivering very badly.",A10,58,even1260,even1260a,WORD_ALIGNED,"{""DIST"": ""Distal demonstrative"", ""ACC"": ""Accusative"", ""SS"": ""Same-subject converb"", ""SIM"": ""Simultaneous (converb)"", ""NFUT"": ""Non-future"", ""PL"": ""Plural"", ""INCH"": ""Inchoative""}"
even1260a-A10-59,Kaːʨa buolla nɵːβu buolla delbi haŋaldaj nəkkeren.,Kaːʨa	buolla	nɵː-βu	buolla	delbi	haŋa-l-da-j	nək-kere-n,PN	DP.Y	younger.sib-PX.1SG	DP.Y	very.Y	cry-INCH-VS.PURP-PRFL.SG	do-HAB-3SG,"And Katja, my little sister, is just about to cry.",A10,59,even1260,even1260a,WORD_ALIGNED,"{""PN"": ""Proper noun"", ""DP"": ""Discourse particle"", ""PX"": ""Possessive suffix"", ""SG"": ""Singular"", ""INCH"": ""Inchoative"", ""VS"": ""Variable-subject converb"", ""PURP"": ""Purposive"", ""PRFL"": ""Reflexive possessive"", ""HAB"": ""Habitual""}"
even1260a-A10-60,"əɟiː haŋalla emɟin ələ, muttule, mutu ɟebɟin.",ə-ɟiː	haŋa-l-la	em-ɟi-n	ə-lə	mut-tule	mut-u	ɟeb-ɟi-n,NEG-IMP.SG	cry-INCH-NEG.CVB	come-FUT-3SG	PROX-LOC	1PL-LOC	1PL-ACC	eat-FUT-3SG,"{``}Don't start to cry, he will come here, to us, he will eat us.''",A10,60,even1260,even1260a,WORD_ALIGNED,"{""NEG"": ""Negative; by itself: Negative auxiliary"", ""IMP"": ""Imperative"", ""SG"": ""Singular"", ""INCH"": ""Inchoative"", ""CVB"": ""Converb"", ""FUT"": ""Future"", ""PROX"": ""Proximal (demonstrative)"", ""LOC"": ""Locative"", ""PL"": ""Plural"", ""ACC"": ""Accusative""}"
even1260a-A10-61,"ammuːr kɵjeːkkel, gɵːnem, oːnka nəkʨir gɵːniken.",amm-uːr	kɵjeːk-kel	gɵː-ne-m	oːn=ka	nək-ʨi-r	gɵːniken,father-PRFL.PL	look.at-HORT.PL	say-NFUT-1SG	how=FOC	do-FUT-3PL	say.QUOT,"{``}Let's look at our father,'' I say, ``what they will do.''",A10,61,even1260,even1260a,WORD_ALIGNED,"{""PRFL"": ""Reflexive possessive"", ""PL"": ""Plural"", ""HORT"": ""Hortative"", ""NFUT"": ""Non-future"", ""SG"": ""Singular"", ""FOC"": ""Focus"", ""FUT"": ""Future"", ""QUOT"": ""Quotative""}"
even1260a-A10-62,"tar haːninduk iariɟi hɵtelɟin buoluo, abagaɲɟa hərɟin buoluo, əɟiː ŋeːlkil gɵːnem biː.",tar	haːnin-duk	ia-riɟi	hɵtel-ɟi-n	buoluo	abaga-ɲɟa	hər-ɟi-n	buoluo	ə-ɟiː	ŋeːl-kil	gɵː-ne-m	biː,DIST	smoke-ABL	FLR-SS.ANT.SG	run.away-FUT-3SG	probably.Y	grandfather-AUG.DEF	go-FUT-3SG	probably.Y	NEG-IMP.SG	be.afraid-PROH.SG	say-NFUT-1SG	1SG,"{``}From that smoke he will probably run away, that big bear will probably go away, don't be frightened,'' I say.",A10,62,even1260,even1260a,WORD_ALIGNED,"{""DIST"": ""Distal demonstrative"", ""ABL"": ""Ablative"", ""FLR"": ""Filler"", ""SS"": ""Same-subject converb"", ""ANT"": ""Anterior (converb)"", ""SG"": ""Singular"", ""FUT"": ""Future"", ""AUG"": ""Augmentative"", ""DEF"": ""Definite"", ""NEG"": ""Negative; by itself: Negative auxiliary"", ""IMP"": ""Imperative"", ""PROH"": ""Prohibitive"", ""NFUT"": ""Non-future""}"
even1260a-A10-63,"biː, ələ emneken buolla, biː brosta heːruku naŋiram, naŋiriɟi buollar iaβ nugahnam, patron igin biʨe pačkala, pačkalkan patrom igin nugahniɟi, biː ərit noːdaɟim gɵːniken, gɵːnem.",biː	ə-lə	em-neke-n	buolla	biː	brosta	heːruk-u	naŋi-ra-m	naŋi-riɟi	buollar	ia-β	nuga-h-na-m	patron	igin	bi-ʨe	pačka-la	pačka-lkan	patro-m	igin	nuga-h-niɟi	biː	əri-t	noːda-ɟi-m	gɵːniken	gɵː-ne-m,1SG	PROX-LOC	come-DS.COND-3SG	DP.Y	1SG	simply.R	saddle.bag-ACC	search-NFUT-1SG	search-SS.ANT.SG	DP.Y	FLR-ACC	take.out-TAM1-NFUT-1SG	bullet.R	etc.Y	be-NAR.PST	packet.R-LOC	packet.R-PROP	bullet.R-ACC	etc.Y	take.out-TAM1-SS.ANT.SG	1SG	PROX-INS	throw-FUT-1SG	say.QUOT	say-NFUT-1SG,"{``}And if he comes here'' -- I searched around in the saddle-bag, having searched I took out bullets that were still in a packet, I took out a packet of bullets -- ``I will throw this (at the bear),'' I said.",A10,63,even1260,even1260a,WORD_ALIGNED,"{""SG"": ""Singular"", ""PROX"": ""Proximal (demonstrative)"", ""LOC"": ""Locative"", ""DS"": ""Different-subject converb"", ""COND"": ""Conditional-Temporal (converb)"", ""DP"": ""Discourse particle"", ""ACC"": ""Accusative"", ""NFUT"": ""Non-future"", ""SS"": ""Same-subject converb"", ""ANT"": ""Anterior (converb)"", ""FLR"": ""Filler"", ""TAM"": ""Polysemous TAM marker"", ""NAR"": ""Narrative"", ""PST"": ""Past"", ""PROP"": ""Proprietive"", ""INS"": ""Instrumental"", ""FUT"": ""Future"", ""QUOT"": ""Quotative""}"
even1260a-A10-64,noːdaɟim abagaɲɟa emeddeken.,noːda-ɟi-m	abaga-ɲɟa	eme-d-deke-n,throw-FUT-1SG	grandfather-AUG.DEF	come-PROG-DS.COND-3SG,{``}I will throw (it) when the bear comes.'',A10,64,even1260,even1260a,WORD_ALIGNED,"{""FUT"": ""Future"", ""SG"": ""Singular"", ""AUG"": ""Augmentative"", ""DEF"": ""Definite"", ""PROG"": ""Progressive"", ""DS"": ""Different-subject converb"", ""COND"": ""Conditional-Temporal (converb)""}"
even1260a-A10-65,"noŋan buolla brosta granat igin esteβren əhni, taʨin eʨin esteɟin, gɵːnem.",noŋan	buolla	brosta	granat	igin	este-βre-n	əhni	taʨin	eʨin	este-ɟi-n	gɵː-ne-m,3SG	DP.Y	simply.R	grenade.R	etc.Y	blow.up.Y-HAB-3SG	TAG	DIST.QUAL	PROX.QUAL	blow.up.Y-FUT-3SG	say-NFUT-1SG,"{``}And he will blow up like a grenade, right, he will blow up like this,'' I say.",A10,65,even1260,even1260a,WORD_ALIGNED,"{""SG"": ""Singular"", ""DP"": ""Discourse particle"", ""HAB"": ""Habitual"", ""TAG"": ""Tag question"", ""DIST"": ""Distal demonstrative"", ""QUAL"": ""Qualitative"", ""PROX"": ""Proximal (demonstrative)"", ""FUT"": ""Future"", ""NFUT"": ""Non-future""}"
even1260a-A10-66,"iaɟin brosta eʨin esteɟin, gɵːnem, vzorvёtsja gɵːjer buollaɣimdiː.",ia-ɟi-n	brosta	eʨin	este-ɟi-n	gɵː-ne-m	vzorvёtsja	gɵː-j-er	buol-laɣim=diː,FLR-FUT-3SG	simply.R	PROX.QUAL	blow.up.Y-FUT-3SG	say-NFUT-1SG	blow.up.3SG.R	say-CONN-PRS.PTCP.Y	AUX.Y-ASSERT.1SG.Y=EMPH.Y,"{``}He will blow up like this,'' I say, right.",A10,66,even1260,even1260a,WORD_ALIGNED,"{""FLR"": ""Filler"", ""FUT"": ""Future"", ""SG"": ""Singular"", ""PROX"": ""Proximal (demonstrative)"", ""QUAL"": ""Qualitative"", ""NFUT"": ""Non-future"", ""CONN"": ""Connective glide"", ""PRS"": ""Present"", ""PTCP"": ""Participle"", ""AUX"": ""Auxiliary"", ""ASSERT"": ""Assertive mood"", ""EMPH"": ""Emphatic""}"
even1260a-A10-67,"hiː əɟiː ŋeːlkil, gɵːnem.",hiː	ə-ɟiː	ŋeːl-kil	gɵː-ne-m,2SG	NEG-IMP.SG	be.afraid-PROH.SG	say-NFUT-1SG,"{``}Don't be frightened,'' I say.",A10,67,even1260,even1260a,WORD_ALIGNED,"{""SG"": ""Singular"", ""NEG"": ""Negative; by itself: Negative auxiliary"", ""IMP"": ""Imperative"", ""PROH"": ""Prohibitive"", ""NFUT"": ""Non-future""}"
even1260a-A10-68,tarit amɲumu ɟɵːriɟur tar abagaɲɟa delbi eʨin nəkmətte.,tarit	am-ɲu-mu	ɟɵː-ri-ɟur	tar	abaga-ɲɟa	delbi	eʨin	nək-mət-te,then	father-COM(GNRL)-PX.1SG	two-COLL-INS.PRFL.PL	DIST	grandfather-AUG.DEF	very.Y	PROX.QUAL	do-REC-NFUT,Then both my father and that bear did like this to each other.'\footnote{She shows with her hands how the father and the bear walked around each other.,A10,68,even1260,even1260a,WORD_ALIGNED,"{""COM"": ""Comitative"", ""GNRL"": ""General (comitative)"", ""PX"": ""Possessive suffix"", ""SG"": ""Singular"", ""COLL"": ""Collective"", ""INS"": ""Instrumental"", ""PRFL"": ""Reflexive possessive"", ""PL"": ""Plural"", ""DIST"": ""Distal demonstrative"", ""AUG"": ""Augmentative"", ""DEF"": ""Definite"", ""PROX"": ""Proximal (demonstrative)"", ""QUAL"": ""Qualitative"", ""REC"": ""Reciprocal"", ""NFUT"": ""Non-future""}"
even1260a-A10-69,"tar emiske abagaɲɟa ɟiŋ iːhnen ələ, taraβ oːn iajaːɟi, prt prt gɵːjeːɟi nəkəbehedni.",tar	emiske	abaga-ɲɟa	ɟiŋ	iːh-ne-n	ə-lə	tara-β	oːn	ia-jaːɟi	prt	prt	gɵː-jeːɟi	nəkə-behe-d-ni,DP	suddenly.Y	grandfather-AUG.DEF	indeed.Y	be.audible-NFUT-3SG	PROX-LOC	DIST-ACC	how	FLR-AUG.CVB.SG	ONOMAT	ONOMAT	say-AUG.CVB.SG	do-AUG.VB-NFUT-3SG,"Then suddenly the big bear, it was audible here, made a sound ``prt prt''.",A10,69,even1260,even1260a,WORD_ALIGNED,"{""DP"": ""Discourse particle"", ""AUG"": ""Augmentative"", ""DEF"": ""Definite"", ""NFUT"": ""Non-future"", ""SG"": ""Singular"", ""PROX"": ""Proximal (demonstrative)"", ""LOC"": ""Locative"", ""DIST"": ""Distal demonstrative"", ""ACC"": ""Accusative"", ""FLR"": ""Filler"", ""CVB"": ""Converb"", ""ONOMAT"": ""Onomatopoetic"", ""VB"": ""Verbal""}"
even1260a-A10-70,nəktiɟi buolla eʨije ɲanukuja eʨije iariɟi tartakijaːki emdeŋi tɵːrtekij iak hərrən.,nək-tiɟi	buolla	eʨi-je	ɲanuku-ja	eʨi-je	ia-riɟi	tar-taki=jaːki	em-deŋ-i	tɵːr-teki-j	iak	hər-rə-n,do-SS.ANT.SG	DP.Y	PROX.QUAL-AUG	quietly-AUG	PROX.QUAL-AUG	FLR-SS.ANT.SG	DIST-ALL=AUG.DYN	come-REM.PTCP-PRFL.SG	place-ALL-PRFL.SG	FLR	go-NFUT-3SG,"And having done like this, slowly having done like this, he went straight to the place where he had come from.",A10,70,even1260,even1260a,WORD_ALIGNED,"{""SS"": ""Same-subject converb"", ""ANT"": ""Anterior (converb)"", ""SG"": ""Singular"", ""DP"": ""Discourse particle"", ""PROX"": ""Proximal (demonstrative)"", ""QUAL"": ""Qualitative"", ""AUG"": ""Augmentative"", ""FLR"": ""Filler"", ""DIST"": ""Distal demonstrative"", ""ALL"": ""Allative"", ""DYN"": ""Dynamic"", ""REM"": ""Remote"", ""PTCP"": ""Participle"", ""PRFL"": ""Reflexive possessive"", ""NFUT"": ""Non-future""}"
even1260a-A10-71,"emdeŋi tɵːrtekij hərrən, tarit delbi kɵjeːttoːp, mut.",em-deŋ-i	tɵːr-teki-j	hər-rə-n	tarit	delbi	kɵjeːt-te-p	mut,come-REM.PTCP-PRFL.SG	place-ALL-PRFL.SG	go-NFUT-3SG	then	very.Y	look.at-NFUT-1PL	1PL,"He went to the place where he had come from, and we watched closely.",A10,71,even1260,even1260a,WORD_ALIGNED,"{""REM"": ""Remote"", ""PTCP"": ""Participle"", ""PRFL"": ""Reflexive possessive"", ""SG"": ""Singular"", ""ALL"": ""Allative"", ""NFUT"": ""Non-future"", ""PL"": ""Plural""}"
even1260a-A10-72,"ammu buolla baraxsan, olok buluhikie olok, taraŋakaːn hɵkɵlɵn butunni eʨin ejeːhenʨeken emeːnnen, ammu baraxsan.",amm-u	buolla	baraxsan	olok	bul-u-hi-kie	olok	tara-ŋakaːn	hɵkɵlɵ-n	butunni	eʨin	ejeː-hen-ʨe-ken	em-eːn-ne-n	amm-u	baraxsan,father-PX.1SG	DP.Y	dear.Y	completely.Y	to.pity-VAL-PRS.PTCP-INTS	completely.Y	become.drenched.with.sweat-DIM.ADJR	sweat-PX.3SG	entirely.Y	PROX.QUAL	move.downriver-TAM1-PST.PTCP-DIM	come-CMPS-NFUT-3SG	father-PX.1SG	dear.Y,"And my poor father came, very pitiful, completely wet from sweat, covered in sweat that is running (off him), my poor father.",A10,72,even1260,even1260a,WORD_ALIGNED,"{""PX"": ""Possessive suffix"", ""SG"": ""Singular"", ""DP"": ""Discourse particle"", ""VAL"": ""Valency-change"", ""PRS"": ""Present"", ""PTCP"": ""Participle"", ""INTS"": ""Intensive"", ""DIM"": ""Diminutive "", ""ADJR"": ""Adjectivizer"", ""PROX"": ""Proximal (demonstrative)"", ""QUAL"": ""Qualitative"", ""TAM"": ""Polysemous TAM marker"", ""PST"": ""Past"", ""CMPS"": ""Compassionate"", ""NFUT"": ""Non-future""}"
even1260a-A10-73,"tarit buolla eʨin gɵːnni: oo, ɵŋɵnɵŋ olok iedeːn oːran, gɵːnni.",tarit	buolla	eʨin	gɵː-n-ni	oo	ɵŋɵnɵŋ	olok	iedeːn	oː-ra-n	gɵː-n-ni,then	DP.Y	PROX.QUAL	say-NFUT-3SG	oh	nearly	completely.Y	misfortune.Y	become-NFUT-3SG	say-NFUT-3SG,"And then he said: ``Oh, that very nearly was a misfortune,'' he said. (i.e. ``That was a close call'')",A10,73,even1260,even1260a,WORD_ALIGNED,"{""DP"": ""Discourse particle"", ""PROX"": ""Proximal (demonstrative)"", ""QUAL"": ""Qualitative"", ""NFUT"": ""Non-future"", ""SG"": ""Singular""}"
even1260a-A10-74,"ɛɛ, gɵːnep, delbi kɵjeːttep, abagaɲɟa həreddikkin delbi kɵjeːttep, mute.",ɛɛ	gɵː-ne-p	delbi	kɵjeːt-te-p	abaga-ɲɟa	həre-d-di-kki-n	delbi	kɵjeːt-te-p	mute,AFF	say-NFUT-1PL	very.Y	look.at-NFUT-1PL	grandfather-AUG.DEF	go-PROG-PRS.PTCP-ALL-3SG	very.Y	look.at-NFUT-1PL	1PL,"{``}Yes,'' we said, we closely watched in the direction in which the bear was going.",A10,74,even1260,even1260a,WORD_ALIGNED,"{""AFF"": ""Affirmative"", ""NFUT"": ""Non-future"", ""PL"": ""Plural"", ""AUG"": ""Augmentative"", ""DEF"": ""Definite"", ""PROG"": ""Progressive"", ""PRS"": ""Present"", ""PTCP"": ""Participle"", ""ALL"": ""Allative"", ""SG"": ""Singular""}"
even1260a-A10-75,"delbi ŋeːlelliːt, olok miaβandulaβ ietʨe, ol ihin tiːkerren istala taraβ kuruk ɟoːŋnaram.",delbi	ŋeːle-l-li-t	olok	miaβan-dula-β	iet-ʨe	{ol\_ihin}	tiːk-er-re-n	istala	tara-β	kuruk	ɟoː-ŋna-ra-m,very.Y	be.afraid-INCH-PST-1PL	completely.Y	heart-LOC-PX.1SG	hit-NAR.PST	therefore.Y	now-ADJR(TIME)-LOC-PX.3SG	until	DIST-ACC	always.Y	remember-HAB-NFUT-1SG,"We got a big fright, it really hit me in my heart, that is why until now I continuously remember.",A10,75,even1260,even1260a,WORD_ALIGNED,"{""INCH"": ""Inchoative"", ""PST"": ""Past"", ""PL"": ""Plural"", ""LOC"": ""Locative"", ""PX"": ""Possessive suffix"", ""SG"": ""Singular"", ""NAR"": ""Narrative"", ""ADJR"": ""Adjectivizer"", ""DIST"": ""Distal demonstrative"", ""ACC"": ""Accusative"", ""HAB"": ""Habitual"", ""NFUT"": ""Non-future""}"
even1260a-A10-76,tarbaʨan ukʨenek ɟe.,tarbaʨan	ukʨene-k	ɟe,DIST.QUAL	tell-NR	PTL.Y,"Well, such a story.",A10,76,even1260,even1260a,WORD_ALIGNED,"{""DIST"": ""Distal demonstrative"", ""QUAL"": ""Qualitative"", ""NR"": ""Nominalizer"", ""PTL"": ""Particle""}"
even1260a-A11-1,"stadala oronat hərgerep, emmi bolo emmi emie oronat emgerep, ibgakie biβren taʨin ɲulgeβetmi.",stado-la	orona-t	hər-gere-p	em-mi	bolo	em-mi	emie	orona-t	em-gere-p	ibga-kie	bi-βre-n	taʨin	ɲulge-βet-mi,herd.R-LOC	reindeer(domestic)-INS	go-HAB-1PL	come-SS.COND	in.autumn	come-SS.COND	also.Y	reindeer(domestic)-INS	come-HAB-1PL	good-INTS	be-HAB-3SG	DIST.QUAL	migrate-ITER-SS.COND,"We went to the herd by reindeer, coming (to the village) in autumn also by reindeer, it was very good to migrate like that.",A11,1,even1260,even1260a,WORD_ALIGNED,"{""LOC"": ""Locative"", ""INS"": ""Instrumental"", ""HAB"": ""Habitual"", ""PL"": ""Plural"", ""SS"": ""Same-subject converb"", ""COND"": ""Conditional-Temporal (converb)"", ""INTS"": ""Intensive"", ""SG"": ""Singular"", ""DIST"": ""Distal demonstrative"", ""QUAL"": ""Qualitative"", ""ITER"": ""Iterative (aspect)""}"
even1260a-A11-2,"kuŋa bihiŋij ibga biβren, otton egɟelbumi keɲeli tar, neːgimeʨeːk, kuːnimaʨaːk, bəjəsde neːgiβɟinni.",kuŋa	bi-hiŋi-j	ibga	bi-βre-n	otton	egɟe-lbu-mi	keɲeli	tar	neːgi-meʨ-eːk	kuːni-maʨ-aːk	bəjə-s=de	neːgi-β-ɟi-nni,child	be-VS.TEMP-PRFL.SG	good	be-HAB-3SG	DP.Y	big-VR-SS.COND	bad	DP	scold-REC-NR	to.scream-REC-NR	self-PX.2SG=ADD	scold-ADVRS-FUT-2SG,"It's good when you're a child, but when you're big it's bad, arguing, shouting, you are scolded.'\footnote{It can be very stressful before a new move, so people are tense, they shout at each other, it's very hectic and unpleasant.\label{fn1}",A11,2,even1260,even1260a,WORD_ALIGNED,"{""VS"": ""Variable-subject converb"", ""TEMP"": ""Temporal (converb)"", ""PRFL"": ""Reflexive possessive"", ""SG"": ""Singular"", ""HAB"": ""Habitual"", ""DP"": ""Discourse particle"", ""VR"": ""Verbalizer"", ""SS"": ""Same-subject converb"", ""COND"": ""Conditional-Temporal (converb)"", ""REC"": ""Reciprocal"", ""NR"": ""Nominalizer"", ""PX"": ""Possessive suffix"", ""ADD"": ""Additive"", ""ADVRS"": ""Adversative"", ""FUT"": ""Future""}"
even1260a-A11-3,tara kɵtlen bihiŋij uːʨakla uːrijɲun haːβranni.,tara	kɵtlen	bi-hiŋi-j	uːʨak-la	uː-ri-j=ɲun	haː-βra-nni,DP	small	be-VS.TEMP-PRFL.SG	riding.reindeer-LOC	to.mount-PRS.PTCP-PRFL.SG=RESTR	know-HAB-2SG,When you're small all you know is how to mount a riding reindeer.,A11,3,even1260,even1260a,WORD_ALIGNED,"{""DP"": ""Discourse particle"", ""VS"": ""Variable-subject converb"", ""TEMP"": ""Temporal (converb)"", ""PRFL"": ""Reflexive possessive"", ""SG"": ""Singular"", ""LOC"": ""Locative"", ""PRS"": ""Present"", ""PTCP"": ""Participle"", ""RESTR"": ""Restrictive"", ""HAB"": ""Habitual""}"
even1260a-A11-4,"tar ɵmneken, bolo ɟuːla Hebeːndule həreddep, stadaduk.",tar	ɵm-neken	bolo	ɟuː-la	Hebeːn-dule	həre-d-de-p	stada-duk,DP	one-ITER.ADV	in.autumn	house-LOC	TOPO-LOC	go-PROG-NFUT-1PL	herd.R-ABL,Once in autumn we were going home to Sebjan from the herd.,A11,4,even1260,even1260a,WORD_ALIGNED,"{""DP"": ""Discourse particle"", ""ITER"": ""Iterative (aspect)"", ""ADV"": ""Adverb"", ""LOC"": ""Locative"", ""TOPO"": ""Toponym"", ""PROG"": ""Progressive"", ""NFUT"": ""Non-future"", ""PL"": ""Plural"", ""ABL"": ""Ablative""}"
even1260a-A11-5,"oo ɟiŋ, ajannaːddakat, ajukaja hoːlu, ee, iaβ hoːtaram koŋdas omkandula iaʨakalgol mutu bodnikan iaβrar kuɲaβakkarar.",oo	ɟiŋ	ajannaː-d-daka-t	ajukaja	hoːl-u	ee	ia-β	hoːtara-m	koŋdas	omkan-dula	ia-ʨaka-l=gol	mut-u	bod-nikan	ia-βra-r	kuɲa-βak-kara-r,oh	indeed.Y	travel.Y-PROG-DS.COND-1PL	suddenly.Y	road.Y-ACC	eh	FLR-ACC	road-ACC	through	mountain-LOC	what-PLEN-PL=INDEF	1PL-ACC	accompany-SS.SIM1	FLR-HAB-3PL	run(of.animals)-ITER-HAB-3PL,"While we were travelling, suddenly, across the whole road, on the mountain, something was running, accompanying us.",A11,5,even1260,even1260a,WORD_ALIGNED,"{""PROG"": ""Progressive"", ""DS"": ""Different-subject converb"", ""COND"": ""Conditional-Temporal (converb)"", ""PL"": ""Plural"", ""ACC"": ""Accusative"", ""FLR"": ""Filler"", ""LOC"": ""Locative"", ""PLEN"": ""Plentitude"", ""INDEF"": ""Indefinite"", ""SS"": ""Same-subject converb"", ""SIM"": ""Simultaneous (converb)"", ""HAB"": ""Habitual"", ""ITER"": ""Iterative (aspect)""}"
even1260a-A11-6,orol biː gərbəttiβ bastaːn.,oro-l	biː	gərbət-ti-β	bastaːn,reindeer(domestic)-PL	1SG	think-PST-1SG	at.first.Y,At first I thought it was reindeer.,A11,6,even1260,even1260a,WORD_ALIGNED,"{""PL"": ""Plural"", ""SG"": ""Singular"", ""PST"": ""Past""}"
even1260a-A11-7,taraŋalbu ajukaja ujamkal oːra.,tara-ŋa-l-bu	ajukaja	ujamka-l	oː-ra,DIST-POSS-PL-PX.1SG	suddenly.Y	snow.sheep-PL	become-NFUT,Those suddenly turned out to be snow sheep.,A11,7,even1260,even1260a,WORD_ALIGNED,"{""DIST"": ""Distal demonstrative"", ""POSS"": ""Non-canonical possession"", ""PL"": ""Plural"", ""PX"": ""Possessive suffix"", ""SG"": ""Singular"", ""NFUT"": ""Non-future""}"
even1260a-A11-8,"adida ɲama ujamkan, taʨin hoːjakie delmiʨemdes biβeʨeddiβen ələkəs ittiβ.",adi=da	ɲama	ujamkan	taʨin	hoːja-kie	delmiʨe-mdes	bi-βeʨe-d-di-βe-n	ələkəs	it-ti-β,how.many=ADD	hundred	snow.sheep	DIST.QUAL	many-INTS	reindeer.herd-SML(PRP)	be-ITER-PROG-PRS.PTCP-ACC-3SG	at.first	see-PST-1SG,"Several hundred snow sheep, so many, roaming like a reindeer herd, I saw for the first time.'\footnote{Later Ija Krivoshapkina corrected this to 100-200 snow sheep rather than several hundred.",A11,8,even1260,even1260a,WORD_ALIGNED,"{""ADD"": ""Additive"", ""DIST"": ""Distal demonstrative"", ""QUAL"": ""Qualitative"", ""INTS"": ""Intensive"", ""SML"": ""Similative"", ""PRP"": ""Properties (Similative)"", ""ITER"": ""Iterative (aspect)"", ""PROG"": ""Progressive"", ""PRS"": ""Present"", ""PTCP"": ""Participle"", ""ACC"": ""Accusative"", ""SG"": ""Singular"", ""PST"": ""Past""}"
even1260a-A11-9,"ɟiŋ ili tali bəkəʨən ujamkan, omkan butunni ujamkan.",ɟiŋ	i-li	ta-li	bəkəʨə-n	ujamkan	omkan	butunni	ujamkan,indeed.Y	INTERR-PROL	DIST-PROL	all-PX.3SG	snow.sheep	mountain	entirely.Y	snow.sheep,"Really everwhere, everything was snow sheep, the mountains (were covered in) snow sheep.",A11,9,even1260,even1260a,WORD_ALIGNED,"{""INTERR"": ""Interrogative root"", ""PROL"": ""Prolative"", ""DIST"": ""Distal demonstrative"", ""PX"": ""Possessive suffix"", ""SG"": ""Singular""}"
even1260a-A11-10,ilegul ɲulgedʨel biʨel.,i-le=gul	ɲulge-d-ʨe-l	bi-ʨe-l,INTERR-LOC=INDEF	migrate-PROG-PST.PTCP-PL	AUX-NAR.PST-PL,They were migrating somewhere.,A11,10,even1260,even1260a,WORD_ALIGNED,"{""INTERR"": ""Interrogative root"", ""LOC"": ""Locative"", ""INDEF"": ""Indefinite"", ""PROG"": ""Progressive"", ""PST"": ""Past"", ""PTCP"": ""Participle"", ""PL"": ""Plural"", ""AUX"": ""Auxiliary"", ""NAR"": ""Narrative""}"
even1260a-A11-11,"ələkəs ittiβ, ɵmnekenɲun taʨin ittiβ otton, taʨin ujamkan ɲulgeddiβen.",ələkəs	it-ti-β	ɵm-neken=ɲun	taʨin	it-ti-β	otton	taʨin	ujamkan	ɲulge-d-di-βe-n,at.first	see-PST-1SG	one-ITER.ADV=RESTR	DIST.QUAL	see-PST-1SG	DP.Y	DIST.QUAL	snow.sheep	migrate-PROG-PRS.PTCP-ACC-3SG,"I saw that for the first time, I only saw that once, that snow sheep migrate like that.'\footnote{Such migrations occur very rarely; the sheep were probably running away from something.\label{fn2}",A11,11,even1260,even1260a,WORD_ALIGNED,"{""PST"": ""Past"", ""SG"": ""Singular"", ""ITER"": ""Iterative (aspect)"", ""ADV"": ""Adverb"", ""RESTR"": ""Restrictive"", ""DIST"": ""Distal demonstrative"", ""QUAL"": ""Qualitative"", ""DP"": ""Discourse particle"", ""PROG"": ""Progressive"", ""PRS"": ""Present"", ""PTCP"": ""Participle"", ""ACC"": ""Accusative""}"
even1260a-A11-12,"tar aːnŋaʨa tɵːrlet turkurep tar ajukaja, beripte taʨin hoːjakie biβeʨeddiɟur.",tar	aːnŋa-ʨa	tɵːr-le-t	turku-re-p	tar	ajukaja	beri-p-te	taʨin	hoːja-kie	bi-βeʨe-d-diɟur,DIST	spend.night-PST.PTCP	place-LOC-PX.1PL	be.unable-NFUT-1PL	DP	suddenly.Y	lose-MED-NFUT	DIST.QUAL	many-INTS	be-ITER-PROG-SS.ANT.PL,"In the place where we stopped for the night we were not able (to find them), they disappeared, even though there had been so many of them (lit. `having been so many') (before).'\footnote{When people have been unable to kill an animal while hunting, they generally just say \textit{turkurep} `we weren't able'.",A11,12,even1260,even1260a,WORD_ALIGNED,"{""DIST"": ""Distal demonstrative"", ""PST"": ""Past"", ""PTCP"": ""Participle"", ""LOC"": ""Locative"", ""PX"": ""Possessive suffix"", ""PL"": ""Plural"", ""NFUT"": ""Non-future"", ""DP"": ""Discourse particle"", ""MED"": ""Mediopassive"", ""QUAL"": ""Qualitative"", ""INTS"": ""Intensive"", ""ITER"": ""Iterative (aspect)"", ""PROG"": ""Progressive"", ""SS"": ""Same-subject converb"", ""ANT"": ""Anterior (converb)""}"
even1260a-A11-13,"beripte ujamkal, ɵmemde əhep bakra.",beri-p-te	ujamka-l	ɵme-m=de	ə-he-p	bak-ra,lose-MED-NFUT	snow.sheep-PL	one-ACC=ADD	NEG-NFUT-1PL	find-NEG.CVB,"The snow sheep disappeared, we didn't find a single one.",A11,13,even1260,even1260a,WORD_ALIGNED,"{""MED"": ""Mediopassive"", ""NFUT"": ""Non-future"", ""PL"": ""Plural"", ""ACC"": ""Accusative"", ""ADD"": ""Additive"", ""NEG"": ""Negative; by itself: Negative auxiliary"", ""CVB"": ""Converb""}"
even1260a-A11-14,"gɵ, inɟeːngelde gərbə, ɵssɵ aːŋŋakkalda gərbə oːdni.",gɵ	inɟeːn-gelde	gərbə	ɵssɵ	aːŋŋa-k-kalda	gərbə	oː-d-ni,DP	to.rest-HORT.PL	name	still.Y	spend.night-TAM2-HORT.PL	name	become-NFUT-3SG,"Well, we decided to rest, to stop for the night one more time.",A11,14,even1260,even1260a,WORD_ALIGNED,"{""DP"": ""Discourse particle"", ""HORT"": ""Hortative"", ""PL"": ""Plural"", ""TAM"": ""Polysemous TAM marker"", ""NFUT"": ""Non-future"", ""SG"": ""Singular""}"
even1260a-A11-15,"Bɵːtur abiga biʨe tarak, etiken biʨe tarakam ɲan emie ialbi kuŋalbi həruggeren, ialbi hielbi školala həruggeren.",Bɵːtur	abiga	bi-ʨe	tarak	etikeːn	bi-ʨe	tarakam	ɲan	emie	ia-l-bi	kuŋa-l-bi	hər-u-g-gere-n	ia-l-bi	hie-l-bi	škola-la	hər-u-g-gere-n,PN	grandfather	be-NAR.PST	DIST	old.man	be-NAR.PST	at.that.time	and	also.Y	FLR-PL-PRFL.SG	child-PL-PRFL.SG	go-VAL-PROG-HAB-3SG	FLR-PL-PRFL.SG	grandchild.Y-PL-PRFL.SG	school.R-LOC	go-VAL-PROG-HAB-3SG,"At that time grandfather Petr was there, the old man was there, he was also bringing his kids to school, his grandchildren.'\footnote{There doesn't seem to be a specific term for `grandchild' in Even (cf. \cite{Lavrillier:2024et}).",A11,15,even1260,even1260a,WORD_ALIGNED,"{""PN"": ""Proper noun"", ""NAR"": ""Narrative"", ""PST"": ""Past"", ""DIST"": ""Distal demonstrative"", ""FLR"": ""Filler"", ""PL"": ""Plural"", ""PRFL"": ""Reflexive possessive"", ""SG"": ""Singular"", ""VAL"": ""Valency-change"", ""PROG"": ""Progressive"", ""HAB"": ""Habitual"", ""LOC"": ""Locative""}"
even1260a-A11-16,"taʨin ɟɵːriɟur hərriɟur ɟɵːrugu adiβgu, hoːjaβ emie maːra, gɵ.",taʨin	ɟɵː-ri-ɟur	hər-riɟur	ɟɵːr-u=gu	adi-β=gu	hoːja-β	emie	maː-ra	gɵ,DIST.QUAL	two-COLL-INS.PRFL.PL	go-SS.ANT.PL	two-ACC=DUB	how.many-ACC=DUB	many-ACC	also.Y	kill-NFUT	DP,"Well, the two of them (i.e. Ija's father and grandfather Petr) went and bagged two or how many, they also bagged many.'\footnote{Although the sheep all disappeared, they did manage to find some and shoot them, but it took some effort.\label{fn3}",A11,16,even1260,even1260a,WORD_ALIGNED,"{""DIST"": ""Distal demonstrative"", ""QUAL"": ""Qualitative"", ""COLL"": ""Collective"", ""INS"": ""Instrumental"", ""PRFL"": ""Reflexive possessive"", ""PL"": ""Plural"", ""SS"": ""Same-subject converb"", ""ANT"": ""Anterior (converb)"", ""ACC"": ""Accusative"", ""DUB"": ""Dubitative"", ""NFUT"": ""Non-future"", ""DP"": ""Discourse particle""}"
even1260a-A11-17,"emie hin uldəβ bakriɟur, Hebeːndule ihrit.",emie	hin	uldə-β	bak-riɟur	Hebeːn-dule	ih-ri-t,also.Y	a.bit.Y	meat-ACC	find-SS.ANT.PL	TOPO-LOC	reach-PST-1PL,"So having with difficulty found meat we arrived in Sebjan.'\footnote{Here, the Sakha attenuative \textit{hin} `a bit' gives a meaning not of `a little bit (of meat)', but `barely, with difficulty'.",A11,17,even1260,even1260a,WORD_ALIGNED,"{""ACC"": ""Accusative"", ""SS"": ""Same-subject converb"", ""ANT"": ""Anterior (converb)"", ""PL"": ""Plural"", ""TOPO"": ""Toponym"", ""LOC"": ""Locative"", ""PST"": ""Past""}"
even1260a-A11-18,"taraβ tahaɣahat battaŋahaʨantakahal nehiːle ihrap, ɵmen inuʨet kɵkerin igin hoːtarandula.",tara-β	tahaɣaha-t	batta-ŋahaʨa-ntaka-hal	nehiːle	ih-ra-p	ɵmen	inuʨe-t	kɵke-ri-n	igin	hoːtaran-dula,DIST-ACC	load.Y-PX.1PL	fit.in.Y-INAB-SS.MULT-PL	barely.Y	reach-NFUT-1PL	one	pack.reindeer-PX.1PL	die-PST-3SG	etc.Y	road-LOC,"We couldn't pack our load (there was no space for the extra bags), we barely arrived, one of our pack reindeer died along the way.'\footnote{The pack reindeer died because the load was so heavy, and also because it was a piebald, and those are weak, as are white reindeer.\label{fn4}",A11,18,even1260,even1260a,WORD_ALIGNED,"{""DIST"": ""Distal demonstrative"", ""ACC"": ""Accusative"", ""PX"": ""Possessive suffix"", ""PL"": ""Plural"", ""INAB"": ""Inability"", ""SS"": ""Same-subject converb"", ""MULT"": ""Multiplicative"", ""NFUT"": ""Non-future"", ""PST"": ""Past"", ""SG"": ""Singular"", ""LOC"": ""Locative""}"
even1260a-A11-19,tara uldəŋur himbiːr himbiːr əʨelti emeːne iala,tara	uldə-ŋ-ur	himbiːr	himbiːr	ə-ʨe-l-ti	emeː-ne	ia-la,DIST	meat-POSS-PRFL.PL	all.the.same.Y	all.the.same.Y	NEG-PST-PL-1PL	leave-NEG.CVB	FLR-LOC,But we nevertheless didn't leave that meat of ours.,A11,19,even1260,even1260a,WORD_ALIGNED,"{""DIST"": ""Distal demonstrative"", ""POSS"": ""Non-canonical possession"", ""PRFL"": ""Reflexive possessive"", ""PL"": ""Plural"", ""NEG"": ""Negative; by itself: Negative auxiliary"", ""PST"": ""Past"", ""CVB"": ""Converb"", ""FLR"": ""Filler"", ""LOC"": ""Locative""}"
even1260a-A11-20,"iaβur heːruku noːdariɟur amarra gaɟip gɵːniken iaβ uldəmeːku emurit, ɵmen heːruku noːdariɟur otton.",ia-βur	heːruk-u	noːda-riɟur	amar-ra	ga-ɟi-p	gɵː-niken	ia-β	uldə-meːk-u	em-u-ri-t	ɵmen	heːruk-u	noːda-riɟur	otton,FLR-PRFL.PL	saddle.bag-ACC	throw-SS.ANT.PL	behind-LOC	take-FUT-1PL	say-SS.SIM1	FLR-ACC	meat-RESTR-ACC	come-VAL-PST-1PL	one	saddle.bag-ACC	throw-SS.ANT.PL	DP.Y,"We left a saddle-bag saying ``we will get that later,'' we brought only the meat, having left one saddle-bag.'\footnote{They left the saddle bag of the dead reindeer behind, and later that dead reindeer was also eaten.\label{fn5}",A11,20,even1260,even1260a,WORD_ALIGNED,"{""FLR"": ""Filler"", ""PRFL"": ""Reflexive possessive"", ""PL"": ""Plural"", ""ACC"": ""Accusative"", ""SS"": ""Same-subject converb"", ""ANT"": ""Anterior (converb)"", ""LOC"": ""Locative"", ""FUT"": ""Future"", ""SIM"": ""Simultaneous (converb)"", ""RESTR"": ""Restrictive"", ""VAL"": ""Valency-change"", ""PST"": ""Past"", ""DP"": ""Discourse particle""}"
even1260a-A11-21,"haːn uldəβ himbiːr emeːnit otton tara ialan, tar aːŋŋattaŋur tɵːrle.",haːn	uldə-β	himbiːr	emeː-ni-t	otton	tara	ia-la-n	tar	aːŋŋa-t-taŋ-ur	tɵːr-le,some	meat-ACC	all.the.same.Y	leave-PST-1PL	DP.Y	DP	FLR-LOC-PX.3SG	DIST	spend.night-TAM2-REM.PTCP-PRFL.PL	place-LOC,Some meat we did leave in that place where we had spent the night.,A11,21,even1260,even1260a,WORD_ALIGNED,"{""ACC"": ""Accusative"", ""PST"": ""Past"", ""PL"": ""Plural"", ""DP"": ""Discourse particle"", ""FLR"": ""Filler"", ""LOC"": ""Locative"", ""PX"": ""Possessive suffix"", ""SG"": ""Singular"", ""DIST"": ""Distal demonstrative"", ""TAM"": ""Polysemous TAM marker"", ""REM"": ""Remote"", ""PTCP"": ""Participle"", ""PRFL"": ""Reflexive possessive""}"
even1260a-A11-22,iaβ tɵːru ʨoŋkariɟi ammu tala emeːnin.,ia-β	tɵːr-u	ʨoŋka-riɟi	amm-u	ta-la	emeː-ni-n,FLR-ACC	ground-ACC	dig-SS.ANT.SG	father-PX.1SG	DIST-LOC	leave-PST-3SG,Having dug up the ground my father left it there (i.e. he buried the meat they were leaving).,A11,22,even1260,even1260a,WORD_ALIGNED,"{""FLR"": ""Filler"", ""ACC"": ""Accusative"", ""SS"": ""Same-subject converb"", ""ANT"": ""Anterior (converb)"", ""SG"": ""Singular"", ""PX"": ""Possessive suffix"", ""DIST"": ""Distal demonstrative"", ""LOC"": ""Locative"", ""PST"": ""Past""}"
even1260a-A11-23,"tarit adigul ineŋi oːriɟi gennerin, uže tara, emurin tarit.",tarit	adi=gul	ineŋi	oː-riɟi	gen-ne-ri-n	uže	tara	em-u-ri-n	tarit,then	how.many=INDEF	day	become-SS.ANT.SG	look.for-AM-PST-3SG	already.R	DP	come-VAL-PST-3SG	then,After a few days he went to fetch that and brought it (to the village).,A11,23,even1260,even1260a,WORD_ALIGNED,"{""INDEF"": ""Indefinite"", ""SS"": ""Same-subject converb"", ""ANT"": ""Anterior (converb)"", ""SG"": ""Singular"", ""AM"": ""Associated Motion"", ""PST"": ""Past"", ""DP"": ""Discourse particle"", ""VAL"": ""Valency-change""}"
even1260a-A11-24,"heːrukude, tar iaβda, uldəβde.",heːruk-u=de	tar	ia-β=da	uldə-β=de,saddle.bag-ACC=ADD	DIST	FLR-ACC=ADD	meat-ACC=ADD,Both the saddle-bag and the meat.,A11,24,even1260,even1260a,WORD_ALIGNED,"{""ACC"": ""Accusative"", ""ADD"": ""Additive"", ""DIST"": ""Distal demonstrative"", ""FLR"": ""Filler""}"
even1260a-A11-25,Tara.,tara,DP,That's it.,A11,25,even1260,even1260a,WORD_ALIGNED,"{""DP"": ""Discourse particle""}"
even1260a-A12-1,ɟɵːr miar ilan anŋanidu mut ɟɵːris stadala bihit.,ɟɵːr	mia-r	ilan	anŋani-du	mut	ɟɵːr-is	stado-la	bi-hi-t,two	ten-PL	three	year-DAT.ESS	1PL	two-ORD.Y	herd.R-LOC	be-PST-1PL,"In the year '23 we were in the second reindeer brigade.'\footnote{Actually, the episode probably took place in the year 2003.",A12,1,even1260,even1260a,WORD_ALIGNED,"{""PL"": ""Plural"", ""DAT"": ""Dative"", ""ESS"": ""Essive"", ""ORD"": ""Ordinal"", ""LOC"": ""Locative"", ""PST"": ""Past""}"
even1260a-A12-2,tarakam Ujbaːnʨik aʨʨa bihin.,tarakam	Ujbaːnʨik	aʨʨa	bi-hi-n,at.that.time	PN	NEG.EXIST	be-PST-3SG,At that time  Ujbaːnʨik (her son Ivan) didn't exist yet (i.e. wasn't yet born).,A12,2,even1260,even1260a,WORD_ALIGNED,"{""PN"": ""Proper noun"", ""NEG"": ""Negative; by itself: Negative auxiliary"", ""EXIST"": ""Existential"", ""PST"": ""Past"", ""SG"": ""Singular""}"
even1260a-A12-3,"ee, bihin ebit, biʨe, kɵllekken, ilan anŋanilkan.",ee	bi-hi-n	ebit	bi-ʨe	kɵlle-kken	ilan	anŋani-lkan,eh	be-PST-3SG	INDIR.Y	be-NAR.PST	small-DIM.INDEF	three	year-PROP,"Ah, he did exist, it seems, he was, (he was) small, three years old.",A12,3,even1260,even1260a,WORD_ALIGNED,"{""PST"": ""Past"", ""SG"": ""Singular"", ""INDIR"": ""Indirective (particle)"", ""NAR"": ""Narrative"", ""DIM"": ""Diminutive "", ""INDEF"": ""Indefinite"", ""PROP"": ""Proprietive""}"
even1260a-A12-4,"Anželika nadan anŋanilkan, pervyj klaːhla iːjekteːk.",Anželika	nadan	anŋani-lkan	pervyj	klaːh-la	iː-jekteːk,PN	seven	year-PROP	first.R	grade.R-LOC	enter-NEC.3SG.Y,"Anželika was seven years old, she was supposed to enter the first grade.",A12,4,even1260,even1260a,WORD_ALIGNED,"{""PN"": ""Proper noun"", ""PROP"": ""Proprietive"", ""LOC"": ""Locative"", ""NEC"": ""Necessitive"", ""SG"": ""Singular""}"
even1260a-A12-5,"ee, ɲuŋen anŋanilkakkan.",ee	ɲuŋen	anŋani-lka-kkan,eh	six	year-PROP-DIM.INDEF,"Ah, she was six years old.",A12,5,even1260,even1260a,WORD_ALIGNED,"{""PROP"": ""Proprietive"", ""DIM"": ""Diminutive "", ""INDEF"": ""Indefinite""}"
even1260a-A12-6,"tar iriliβ mutu bɵrtɵlɵtet gennemi emejekteːk, mutu.",tar	irili-β	mut-u	bɵrtɵlɵte-t	gen-ne-mi	eme-jekteːk	mut-u,DIST	summer-ACC	1PL-ACC	helicopter.R-INS	look.for-AM-SS.COND	come-NEC.3SG.Y	1PL-ACC,That summer a helicopter was supposed to come pick us up.,A12,6,even1260,even1260a,WORD_ALIGNED,"{""DIST"": ""Distal demonstrative"", ""ACC"": ""Accusative"", ""PL"": ""Plural"", ""INS"": ""Instrumental"", ""AM"": ""Associated Motion"", ""SS"": ""Same-subject converb"", ""COND"": ""Conditional-Temporal (converb)"", ""NEC"": ""Necessitive"", ""SG"": ""Singular""}"
even1260a-A12-7,"tar iriliβ alatnikan, irilu koŋdas alattap.",tar	irili-β	alat-nikan	iril-u	koŋdas	alat-ta-p,DIST	summer-ACC	wait-SS.SIM1	summer-ACC	through	wait-NFUT-1PL,"We waited that summer, waited all summer.",A12,7,even1260,even1260a,WORD_ALIGNED,"{""DIST"": ""Distal demonstrative"", ""ACC"": ""Accusative"", ""SS"": ""Same-subject converb"", ""SIM"": ""Simultaneous (converb)"", ""NFUT"": ""Non-future"", ""PL"": ""Plural""}"
even1260a-A12-8,boloni oːdni.,boloni	oː-d-ni,autumn	become-NFUT-3SG,It became autumn.,A12,8,even1260,even1260a,WORD_ALIGNED,"{""NFUT"": ""Non-future"", ""SG"": ""Singular""}"
even1260a-A12-9,"tar boloni oːdʨalan ɟe, bɵrtɵlɵt ər emedden, tar emedden tar təgəttep.",tar	boloni	oː-d-ʨa-la-n	ɟe	bɵrtɵlɵt	ər	eme-d-de-n	tar	eme-d-de-n	tar	təgə-t-te-p,DP	autumn	become-PROG-PST.PTCP-LOC-3SG	PTL.Y	helicopter.R	DP	come-PROG-NFUT-3SG	DP	come-PROG-NFUT-3SG	DP	sit.down-TAM2-NFUT-1PL,"When it became autumn, ``the helicopter is coming here, is coming there,'' like that we sit.",A12,9,even1260,even1260a,WORD_ALIGNED,"{""DP"": ""Discourse particle"", ""PROG"": ""Progressive"", ""PST"": ""Past"", ""PTCP"": ""Participle"", ""LOC"": ""Locative"", ""SG"": ""Singular"", ""PTL"": ""Particle"", ""NFUT"": ""Non-future"", ""TAM"": ""Polysemous TAM marker"", ""PL"": ""Plural""}"
even1260a-A12-10,"tar Lukin gərbə urujedu, ɟɵːris stadadu.",tar	Lukin	gərbə	uruje-du	ɟɵːr-is	stada-du,DIST	TOPO	name	stream.Y-DAT.ESS	two-ORD.Y	herd.R-DAT.ESS,"That was by the stream called Lukin, in the second reindeer brigade.",A12,10,even1260,even1260a,WORD_ALIGNED,"{""DIST"": ""Distal demonstrative"", ""TOPO"": ""Toponym"", ""DAT"": ""Dative"", ""ESS"": ""Essive"", ""ORD"": ""Ordinal""}"
even1260a-A12-11,tarakam tar təgəʨedniken racijali gɵːne:,tarakam	tar	təgə-ʨe-d-niken	racija-li	gɵː-ne,at.that.time	DP	sit.down-TAM2-PROG-SS.SIM1	radio.R-PROL	say-NFUT,Sitting there like that they said over the radio:,A12,11,even1260,even1260a,WORD_ALIGNED,"{""DP"": ""Discourse particle"", ""TAM"": ""Polysemous TAM marker"", ""PROG"": ""Progressive"", ""SS"": ""Same-subject converb"", ""SIM"": ""Simultaneous (converb)"", ""PROL"": ""Prolative"", ""NFUT"": ""Non-future""}"
even1260a-A12-12,"bɵrtɵlɵt əten emne, hognahalda, mašina əduk emɟin.",bɵrtɵlɵt	ə-te-n	em-ne	hogna-ha-lda	mašina	ə-duk	em-ɟi-n,helicopter.R	NEG-FUT-3SG	come-NEG.CVB	move-TAM1-IMP.PL	car.R	PROX-ABL	come-FUT-3SG,"{``}The helicopter won't come, move, a vehicle will come from here.''",A12,12,even1260,even1260a,WORD_ALIGNED,"{""NEG"": ""Negative; by itself: Negative auxiliary"", ""FUT"": ""Future"", ""SG"": ""Singular"", ""CVB"": ""Converb"", ""TAM"": ""Polysemous TAM marker"", ""IMP"": ""Imperative"", ""PL"": ""Plural"", ""PROX"": ""Proximal (demonstrative)"", ""ABL"": ""Ablative""}"
even1260a-A12-13,"broduktaβut nakat butunni aʨʨaltaʨa, brodukta aʨʨa.",brodukta-βu-t	nakat	butunni	aʨʨa-lta-ʨa	brodukta	aʨʨa,food.R-ACC-PX.1PL	bear	entirely.Y	NEG.EXIST-VR-NAR.PST	food.R	NEG.EXIST,"A bear had completely decimated our food, we didn't have any food.",A12,13,even1260,even1260a,WORD_ALIGNED,"{""ACC"": ""Accusative"", ""PX"": ""Possessive suffix"", ""PL"": ""Plural"", ""NEG"": ""Negative; by itself: Negative auxiliary"", ""EXIST"": ""Existential"", ""VR"": ""Verbalizer"", ""NAR"": ""Narrative"", ""PST"": ""Past""}"
even1260a-A12-14,"adukun brodukta bihiβen, taraβ maːjutnikan, ɵmetelɟi haːkaru bɵːniken.",adukun	brodukta	bi-hi-βe-n	tara-β	maːjut-nikan	ɵme-tel-ɟi	haːkar-u	bɵː-niken,few	food.R	be-PRS.PTCP-ACC-3SG	DIST-ACC	save.food-SS.SIM1	one-DISTR(NUM)-INS	sugar.R-ACC	give-SS.SIM1,"The little bit of food that there was I stretched, giving just a little bit of sugar, one by one.",A12,14,even1260,even1260a,WORD_ALIGNED,"{""PRS"": ""Present"", ""PTCP"": ""Participle"", ""ACC"": ""Accusative"", ""SG"": ""Singular"", ""DIST"": ""Distal demonstrative"", ""SS"": ""Same-subject converb"", ""SIM"": ""Simultaneous (converb)"", ""DISTR"": ""Distributive"", ""NUM"": ""derived from numerals"", ""INS"": ""Instrumental""}"
even1260a-A12-15,"tarit, tar Lukinduk, gɵːnem, əɟilde hoβnohno, bɵrtɵlɵt alakkalda.",tarit	tar	Lukin-duk	gɵː-ne-m	ə-ɟilde	hoβno-h-no	bɵrtɵlɵt	alak-kalda,then	DIST	TOPO-ABL	say-NFUT-1SG	NEG-IMP.PL	move-TAM1-NEG.CVB	helicopter.R	wait-HORT.PL,"Then I said: ``Don't move from that Lukin, let's wait for the helicopter.''",A12,15,even1260,even1260a,WORD_ALIGNED,"{""DIST"": ""Distal demonstrative"", ""TOPO"": ""Toponym"", ""ABL"": ""Ablative"", ""NFUT"": ""Non-future"", ""SG"": ""Singular"", ""NEG"": ""Negative; by itself: Negative auxiliary"", ""IMP"": ""Imperative"", ""PL"": ""Plural"", ""TAM"": ""Polysemous TAM marker"", ""CVB"": ""Converb"", ""HORT"": ""Hortative""}"
even1260a-A12-16,"tar brigediret bolla, biː etikeŋu akanni, Alekseev Ujbaːn, hɵrehnep gɵːnen.",tar	brigedire-t	bolla	biː	etike-ŋ-u	akan-ni	Alekseev	Ujbaːn	hɵre-h-ne-p	gɵː-ne-n,DP	brigade.leader.R-PX.1PL	DP.Y	1SG	old.man-POSS-PX.1SG	older.brother-PX.3SG	PN	PN	go-TAM1-NFUT-1PL	say-NFUT-3SG,"But our brigade leader, the older brother of my husband, Ivan Alekseev, said: ``We're going!''.",A12,16,even1260,even1260a,WORD_ALIGNED,"{""DP"": ""Discourse particle"", ""PX"": ""Possessive suffix"", ""PL"": ""Plural"", ""SG"": ""Singular"", ""POSS"": ""Non-canonical possession"", ""PN"": ""Proper noun"", ""TAM"": ""Polysemous TAM marker"", ""NFUT"": ""Non-future""}"
even1260a-A12-17,"noŋartan ɲamɲihna, amargit mut ɲamɲihnap.",noŋartan	ɲamɲi-h-na	amar-git	mut	ɲamɲi-h-na-p,3PL	gallop-TAM1-NFUT	behind-ELAT	1PL	gallop-TAM1-NFUT-1PL,"They galloped off, and we galloped behind.",A12,17,even1260,even1260a,WORD_ALIGNED,"{""PL"": ""Plural"", ""TAM"": ""Polysemous TAM marker"", ""NFUT"": ""Non-future"", ""ELAT"": ""Elative""}"
even1260a-A12-18,"tar Hebeːʨeːn gərbə tɵːrdu ihajaktaːkpit, Hebeːʨeːn gərbədu.",tar	Hebeːʨeːn	gərbə	tɵːr-du	iha-jaktaːkpit	Hebeːʨeːn	gərbə-du,DP	TOPO	name	place-DAT.ESS	reach-NEC.1PL.Y	TOPO	name-DAT.ESS,We had to reach a place called Hebeːʨen.,A12,18,even1260,even1260a,WORD_ALIGNED,"{""DP"": ""Discourse particle"", ""TOPO"": ""Toponym"", ""DAT"": ""Dative"", ""ESS"": ""Essive"", ""NEC"": ""Necessitive"", ""PL"": ""Plural""}"
even1260a-A12-19,"noŋartan hərehnə, mut amarikan emehnep.",noŋartan	həre-h-nə	mut	amari-kan	eme-h-ne-p,3PL	go-TAM1-NFUT	1PL	behind-DIM	come-TAM1-NFUT-1PL,"They left, and we came a bit later.",A12,19,even1260,even1260a,WORD_ALIGNED,"{""PL"": ""Plural"", ""TAM"": ""Polysemous TAM marker"", ""NFUT"": ""Non-future"", ""DIM"": ""Diminutive ""}"
even1260a-A12-20,"perevaldu kaːttarrap, dolbun oːdni.",pereval-du	kaːttar-ra-p	dolbun	oː-d-ni,mountain.pass.R-DAT.ESS	be.delayed.Y-NFUT-1PL	night	become-NFUT-3SG,"On the mountain pass we got delayed, it became night.",A12,20,even1260,even1260a,WORD_ALIGNED,"{""DAT"": ""Dative"", ""ESS"": ""Essive"", ""NFUT"": ""Non-future"", ""PL"": ""Plural"", ""SG"": ""Singular""}"
even1260a-A12-21,tadu aːnŋarap.,ta-du	aːnŋa-ra-p,DIST-DAT.ESS	spend.night-NFUT-1PL,There we spent the night.,A12,21,even1260,even1260a,WORD_ALIGNED,"{""DIST"": ""Distal demonstrative"", ""DAT"": ""Dative"", ""ESS"": ""Essive"", ""NFUT"": ""Non-future"", ""PL"": ""Plural""}"
even1260a-A12-22,"irildeːrep balakka ɵlbukeɟin, iʨikeːn ianikan.",irild-eːrep	balakka	ɵlbu-ke-ɟi-n	iʨi-keːn	ia-nikan,summer-ADJR(TIME)	tent.R	cover.yurt-NR-INS-PX.3SG	PROX.QUAL-DIM	FLR-SS.SIM1,"With a small summer tent, doing whatchamacallit like this.'\footnote{\textit{irildu} is a fossilized form of the dative case of \textit{ireli}; it occurs both in subject position (\textit{irildu oːrakan}) and as the adverbial `in summer'; in addition, it is obviously at the root of \textit{irildeːrep}; \textit{ɵlbuke} traditionally refers to a partition in a yurt, and is now used for a small hiking tent.",A12,22,even1260,even1260a,WORD_ALIGNED,"{""ADJR"": ""Adjectivizer"", ""NR"": ""Nominalizer"", ""INS"": ""Instrumental"", ""PX"": ""Possessive suffix"", ""SG"": ""Singular"", ""PROX"": ""Proximal (demonstrative)"", ""QUAL"": ""Qualitative"", ""DIM"": ""Diminutive "", ""FLR"": ""Filler"", ""SS"": ""Same-subject converb"", ""SIM"": ""Simultaneous (converb)""}"
even1260a-A12-23,"haːtarallan, ɵmende osikat əhni iʨur, tɵgeːʨin.",haːtara-l-la-n	ɵmen=de	osikat	ə-h-ni	iʨ-u-r	tɵgeːʨin,be.dark-INCH-NFUT-3SG	one=ADD	star	NEG-NFUT-3SG	see-VAL-NEG.CVB	cloud,"It got dark, not a single star to be seen, clouds!",A12,23,even1260,even1260a,WORD_ALIGNED,"{""INCH"": ""Inchoative"", ""NFUT"": ""Non-future"", ""SG"": ""Singular"", ""ADD"": ""Additive"", ""NEG"": ""Negative; by itself: Negative auxiliary"", ""VAL"": ""Valency-change"", ""CVB"": ""Converb""}"
even1260a-A12-24,"tar haːtahri doːlin amanti otuːβ durudni, kuŋal ʨanɲikur neːre ojuːr komujrap, dahrap, tar balakkaŋuːr oːnikan, huklehepti iaβ iarap.",tar	haːtahri	doː-li-n	aman-ti	otuː-β	dur-u-d-ni	kuŋa-l	ʨanɲik-ur	neː-re	oj-uːr	komuj-ra-p	dah-ra-p	tar	balakka-ŋ-uːr	oː-nikan	hukle-he-pti	ia-β	ia-ra-p,DIST	be.dark.PRS.PTCP	inside-PROL-PX.3SG	father-PX.1PL	fire.Y-ACC	burn[INTR]-VAL-NFUT-3SG	child-PL	teapot.R-PRFL.PL	put-NFUT	clothes-PRFL.PL	gather.Y-NFUT-1PL	cover-NFUT-1PL	DIST	tent.R-POSS-PRFL.PL	make-SS.SIM1	sleep-TAM1-IMPERS	FLR-ACC	FLR-NFUT-1PL,"In that darkness our father lit a fire, the children put on the teapot, we gathered our clothes and covered them and made a tent, did whatchamacallit for sleeping.",A12,24,even1260,even1260a,WORD_ALIGNED,"{""DIST"": ""Distal demonstrative"", ""PRS"": ""Present"", ""PTCP"": ""Participle"", ""PROL"": ""Prolative"", ""PX"": ""Possessive suffix"", ""SG"": ""Singular"", ""PL"": ""Plural"", ""ACC"": ""Accusative"", ""INTR"": ""Intransitive"", ""VAL"": ""Valency-change"", ""NFUT"": ""Non-future"", ""PRFL"": ""Reflexive possessive"", ""POSS"": ""Non-canonical possession"", ""SS"": ""Same-subject converb"", ""SIM"": ""Simultaneous (converb)"", ""TAM"": ""Polysemous TAM marker"", ""IMPERS"": ""Impersonal"", ""FLR"": ""Filler""}"
even1260a-A12-25,"tala tar ɵlbuke ojlin halapaːnat dahrap, udan tikʨin gɵːniken.",ta-la	tar	ɵlbu-ke	oj-li-n	halapaːna-t	dah-ra-p	udan	tik-ʨi-n	gɵːniken,DIST-LOC	DIST	cover.yurt-NR	surface-PROL-PX.3SG	plastic.R-INS	cover-NFUT-1PL	rain	fall-FUT-3SG	say.PTL,"We covered that little tent with plastic (thinking) it would rain.'\footnote{Here, the \textsc{ss}.\textsc{sim}1 converb of the generic verb of speech, \textit{gɵːniken}, expresses a causal relation, `because it was going to rain'.",A12,25,even1260,even1260a,WORD_ALIGNED,"{""DIST"": ""Distal demonstrative"", ""LOC"": ""Locative"", ""NR"": ""Nominalizer"", ""PROL"": ""Prolative"", ""PX"": ""Possessive suffix"", ""SG"": ""Singular"", ""INS"": ""Instrumental"", ""NFUT"": ""Non-future"", ""PL"": ""Plural"", ""FUT"": ""Future"", ""PTL"": ""Particle""}"
even1260a-A12-26,"kuŋalti delbi ɟebemelʨel, ɟe haːtahridu ʨajuŋur hujuttep.",kuŋa-l-ti	delbi	ɟebe-me-l-ʨe-l	ɟe	haːtahri-du	ʨaju-ŋ-ur	huj-u-t-te-p,child-PL-PX.1PL	very.Y	eat-DES-INCH-NAR.PST-PL	PTL.Y	be.dark.PRS.PTCP-DAT.ESS	tea.R-POSS-PRFL.PL	boil[INTR]-VAL-TAM2-NFUT-1PL,"Our children were very hungry, in the darkness we boiled tea.",A12,26,even1260,even1260a,WORD_ALIGNED,"{""PL"": ""Plural"", ""PX"": ""Possessive suffix"", ""DES"": ""Desiderative"", ""INCH"": ""Inchoative"", ""NAR"": ""Narrative"", ""PST"": ""Past"", ""PTL"": ""Particle"", ""PRS"": ""Present"", ""PTCP"": ""Participle"", ""DAT"": ""Dative"", ""ESS"": ""Essive"", ""POSS"": ""Non-canonical possession"", ""PRFL"": ""Reflexive possessive"", ""INTR"": ""Intransitive"", ""VAL"": ""Valency-change"", ""TAM"": ""Polysemous TAM marker"", ""NFUT"": ""Non-future""}"
even1260a-A12-27,"taraŋur hujuttiɟur, ispisket ikkererep, ispiskeβ durutniken, hujelʨegu əʨegu.",tara-ŋ-ur	huj-u-t-tiɟur	ispiske-t	ik-kere-re-p	ispiske-β	dur-u-t-niken	huje-l-ʨe=gu	ə-ʨe=gu,DIST-POSS-PRFL.PL	boil[INTR]-VAL-TAM2-SS.ANT.PL	match.R-INS	see-HAB-NFUT-1PL	match.R-ACC	burn[INTR]-VAL-TAM2-SS.SIM1	boil[INTR]-INCH-NAR.PST=DUB	NEG-PST=DUB,"Boiling that, we looked with matches, lighting matches, has (the teapot) started to boil or not.",A12,27,even1260,even1260a,WORD_ALIGNED,"{""DIST"": ""Distal demonstrative"", ""POSS"": ""Non-canonical possession"", ""PRFL"": ""Reflexive possessive"", ""PL"": ""Plural"", ""INTR"": ""Intransitive"", ""VAL"": ""Valency-change"", ""TAM"": ""Polysemous TAM marker"", ""SS"": ""Same-subject converb"", ""ANT"": ""Anterior (converb)"", ""INS"": ""Instrumental"", ""HAB"": ""Habitual"", ""NFUT"": ""Non-future"", ""ACC"": ""Accusative"", ""SIM"": ""Simultaneous (converb)"", ""INCH"": ""Inchoative"", ""NAR"": ""Narrative"", ""PST"": ""Past"", ""DUB"": ""Dubitative"", ""NEG"": ""Negative; by itself: Negative auxiliary""}"
even1260a-A12-28,"ɟe haːtahri, otuː hattun.",ɟe	haːtahri	otuː	hat-tu-n,PTL.Y	be.dark.PRS.PTCP	fire.Y	base-DAT.ESS-PX.3SG,"Well (it was) dark, near the fire.",A12,28,even1260,even1260a,WORD_ALIGNED,"{""PTL"": ""Particle"", ""PRS"": ""Present"", ""PTCP"": ""Participle"", ""DAT"": ""Dative"", ""ESS"": ""Essive"", ""PX"": ""Possessive suffix"", ""SG"": ""Singular""}"
even1260a-A12-29,"gol aʨʨa, irek tarak iaβ jagelu durutniken ʨajdaːriɟur huklehnep.",gol	aʨʨa	irek	tarak	ia-β	jagel-u	dur-u-t-niken	ʨaj-daː-riɟur	hukle-h-ne-p,log	NEG.EXIST	which	DIST	FLR-ACC	lichen(Cladonia).R-ACC	burn[INTR]-VAL-TAM2-SS.SIM1	tea.R-VR-SS.ANT.PL	sleep-TAM1-NFUT-1PL,"There was no firewood, this and that, we burned reindeer moss and went to bed after having drunk tea.",A12,29,even1260,even1260a,WORD_ALIGNED,"{""NEG"": ""Negative; by itself: Negative auxiliary"", ""EXIST"": ""Existential"", ""DIST"": ""Distal demonstrative"", ""FLR"": ""Filler"", ""ACC"": ""Accusative"", ""INTR"": ""Intransitive"", ""VAL"": ""Valency-change"", ""TAM"": ""Polysemous TAM marker"", ""SS"": ""Same-subject converb"", ""SIM"": ""Simultaneous (converb)"", ""VR"": ""Verbalizer"", ""ANT"": ""Anterior (converb)"", ""PL"": ""Plural"", ""NFUT"": ""Non-future""}"
even1260a-A12-30,iedeːn ərək.,iedeːn	ərək,misfortune.Y	PROX,What a mess!,A12,30,even1260,even1260a,WORD_ALIGNED,"{""PROX"": ""Proximal (demonstrative)""}"
even1260a-A12-31,"udan tikʨin buoluo, tebeːku gariɟi, otuːla noːdaram.",udan	tik-ʨi-n	buoluo	tebeːk-u	ga-riɟi	otuː-la	noːda-ra-m,rain	fall-FUT-3SG	probably.Y	tobacco.R-ACC	take-SS.ANT.SG	fire.Y-LOC	throw-NFUT-1SG,(Thinking) it would probably rain I took some tobacco and threw it into the fire.,A12,31,even1260,even1260a,WORD_ALIGNED,"{""FUT"": ""Future"", ""SG"": ""Singular"", ""ACC"": ""Accusative"", ""SS"": ""Same-subject converb"", ""ANT"": ""Anterior (converb)"", ""LOC"": ""Locative"", ""NFUT"": ""Non-future""}"
even1260a-A12-32,amandi i gɵːnem:,aman-di	i	gɵː-ne-m,father-DAT.PRFL.SG	and.R	say-NFUT-1SG,And I said to my father:'\footnote{She spoke to the spirit of her father.,A12,32,even1260,even1260a,WORD_ALIGNED,"{""DAT"": ""Dative"", ""PRFL"": ""Reflexive possessive"", ""SG"": ""Singular"", ""NFUT"": ""Non-future""}"
even1260a-A12-33,"ibga pagoda biden, udam əɟiː tikukene, ələ kɵllen kuŋal bihe.",ibga	pagoda	bi-de-n	uda-m	ə-ɟiː	tik-uken-e	ə-lə	kɵllen	kuŋa-l	bi-he,good	weather.R	be-JUSS-3SG	rain-ACC	NEG-IMP.SG	fall-CAUS-NEG.CVB	PROX-LOC	small	child-PL	be-NFUT,"{``}Let there be good weather, don't let the rain fall, there are small children here.''",A12,33,even1260,even1260a,WORD_ALIGNED,"{""JUSS"": ""Jussive"", ""SG"": ""Singular"", ""ACC"": ""Accusative"", ""NEG"": ""Negative; by itself: Negative auxiliary"", ""IMP"": ""Imperative"", ""CAUS"": ""Causative"", ""CVB"": ""Converb"", ""PROX"": ""Proximal (demonstrative)"", ""LOC"": ""Locative"", ""PL"": ""Plural"", ""NFUT"": ""Non-future""}"
even1260a-A12-34,"huklehenʨe bihep, baʨikar ilassirap, ɵmuːnde tɵgeːʨin aʨʨa.",hukle-hen-ʨe	bi-he-p	baʨikar	ila-ssi-ra-p	ɵmen=de	tɵgeːʨin	aʨʨa,sleep-TAM1-PST.PTCP	AUX-NFUT-1PL	morning	stand.up-CONAT-NFUT-1PL	one=ADD	cloud	NEG.EXIST,"We went to sleep, we got up in the morning -- and there wasn't a single cloud!",A12,34,even1260,even1260a,WORD_ALIGNED,"{""TAM"": ""Polysemous TAM marker"", ""PST"": ""Past"", ""PTCP"": ""Participle"", ""AUX"": ""Auxiliary"", ""NFUT"": ""Non-future"", ""PL"": ""Plural"", ""CONAT"": ""Conative"", ""ADD"": ""Additive"", ""NEG"": ""Negative; by itself: Negative auxiliary"", ""EXIST"": ""Existential""}"
even1260a-A12-35,"bəkəʨen ʨuːlbaŋakaːn, ɲɵlten!",bəkəʨe-n	ʨuːlba-ŋakaːn	ɲɵlten,all-PX.3SG	be.grue-DIM.ADJR	sun,"Everything blue, sunshine!",A12,35,even1260,even1260a,WORD_ALIGNED,"{""PX"": ""Possessive suffix"", ""SG"": ""Singular"", ""DIM"": ""Diminutive "", ""ADJR"": ""Adjectivizer""}"
even1260a-A12-36,"ɟe otton ʨajdaːriɟrap, komujrap, hərrep.",ɟe	otton	ʨaj-daː-riɟ-ra-p	komuj-ra-p	hər-re-p,PTL.Y	DP.Y	tea.R-VR-SS.ANT.PL-NFUT-1PL	gather.Y-NFUT-1PL	go-NFUT-1PL,"Well, we drank tea, gathered our things and left.'\footnote{The form \textit{ʨajdaːriɟrap} seems to be a hybrid between the Anterior converb and the Nonfuture tense -- the speaker must have changed her mind about what to say in mid-word.",A12,36,even1260,even1260a,WORD_ALIGNED,"{""PTL"": ""Particle"", ""DP"": ""Discourse particle"", ""VR"": ""Verbalizer"", ""SS"": ""Same-subject converb"", ""ANT"": ""Anterior (converb)"", ""PL"": ""Plural"", ""NFUT"": ""Non-future""}"
even1260a-A12-37,tar həredniken irtekigɵl iakkul bɵrtɵlɵt iːgemdehen iːhnen.,tar	həre-d-niken	ir-teki=gɵl	iak=kul	bɵrtɵlɵt	iːge-mdehe-n	iːh-ne-n,DP	go-PROG-SS.SIM1	which-ALL=INDEF	what=INDEF	helicopter.R	sound-SML(PRP)-PX.3SG	be.audible-NFUT-3SG,"As we were riding there, somewhere the noise of a helicopter was heard.",A12,37,even1260,even1260a,WORD_ALIGNED,"{""DP"": ""Discourse particle"", ""PROG"": ""Progressive"", ""SS"": ""Same-subject converb"", ""SIM"": ""Simultaneous (converb)"", ""ALL"": ""Allative"", ""INDEF"": ""Indefinite"", ""SML"": ""Similative"", ""PRP"": ""Properties (Similative)"", ""PX"": ""Possessive suffix"", ""SG"": ""Singular"", ""NFUT"": ""Non-future""}"
even1260a-A12-38,tar akanti Alekseev Ujban racijalkan.,tar	akan-ti	Alekseev	Ivan	racija-lkan,DP	older.brother-PX.1PL	PN	PN	radio.R-PROP,Our older brother Ivan Alekseev has a radio.,A12,38,even1260,even1260a,WORD_ALIGNED,"{""DP"": ""Discourse particle"", ""PX"": ""Possessive suffix"", ""PL"": ""Plural"", ""PN"": ""Proper noun"", ""PROP"": ""Proprietive""}"
even1260a-A12-39,talaːr ihrap mut noŋardulatnan.,ta-laːr	ih-ra-p	mut	noŋardulatnan,DIST-LOC.PRFL.PL	reach-NFUT-1PL	1PL	3PL.LOC,We arrived there where they were.,A12,39,even1260,even1260a,WORD_ALIGNED,"{""DIST"": ""Distal demonstrative"", ""LOC"": ""Locative"", ""PRFL"": ""Reflexive possessive"", ""PL"": ""Plural"", ""NFUT"": ""Non-future""}"
even1260a-A12-40,"stadala bɵrtɵlɵt dəgəlʨe, gɵːnni.",stado-la	bɵrtɵlɵt	dəgə-l-ʨe	gɵː-n-ni,herd.R-LOC	helicopter.R	fly-INCH-NAR.PST	say-NFUT-3SG,"{``}A helicopter has flown to the herd,'' he said.",A12,40,even1260,even1260a,WORD_ALIGNED,"{""LOC"": ""Locative"", ""INCH"": ""Inchoative"", ""NAR"": ""Narrative"", ""PST"": ""Past"", ""NFUT"": ""Non-future"", ""SG"": ""Singular""}"
even1260a-A12-41,"tadu biː hiːrallam, ɟe, noŋman kuːniram, alakkalda gɵːniβ tala, gɵːnem.",ta-du	biː	hiːra-l-la-m	ɟe	noŋman	kuːni-ra-m	alak-kalda	gɵː-ni-β	ta-la	gɵː-ne-m,DIST-DAT.ESS	1SG	be.angry-INCH-NFUT-1SG	PTL.Y	3SG.ACC	to.scream-NFUT-1SG	wait-HORT.PL	say-PST-1SG	DIST-LOC	say-NFUT-1SG,"Then I got angry, shouted at him: ``I said we should wait there!'' I said.",A12,41,even1260,even1260a,WORD_ALIGNED,"{""DIST"": ""Distal demonstrative"", ""DAT"": ""Dative"", ""ESS"": ""Essive"", ""SG"": ""Singular"", ""INCH"": ""Inchoative"", ""NFUT"": ""Non-future"", ""PTL"": ""Particle"", ""ACC"": ""Accusative"", ""HORT"": ""Hortative"", ""PL"": ""Plural"", ""PST"": ""Past"", ""LOC"": ""Locative""}"
even1260a-A12-42,"ɟe tala emnep, amanti timannadun iala hərren.",ɟe	ta-la	em-ne-p	aman-ti	timanna-du-n	ia-la	hər-re-n,PTL.Y	DIST-LOC	come-NFUT-1PL	father-PX.1PL	tomorrow-DAT.ESS-PX.3SG	FLR-LOC	go-NFUT-3SG,"We arrived there, our father (i.e. her husband) went to whatchamacallit on the next day.",A12,42,even1260,even1260a,WORD_ALIGNED,"{""PTL"": ""Particle"", ""DIST"": ""Distal demonstrative"", ""LOC"": ""Locative"", ""NFUT"": ""Non-future"", ""PL"": ""Plural"", ""PX"": ""Possessive suffix"", ""DAT"": ""Dative"", ""ESS"": ""Essive"", ""SG"": ""Singular"", ""FLR"": ""Filler""}"
even1260a-A12-43,"mašinaβ alattap, emniβen.",mašina-β	alat-ta-p	em-ni-βe-n,car.R-ACC	wait-NFUT-1PL	come-PRS.PTCP-ACC-3SG,We waited for a vehicle to come.,A12,43,even1260,even1260a,WORD_ALIGNED,"{""ACC"": ""Accusative"", ""NFUT"": ""Non-future"", ""PL"": ""Plural"", ""PRS"": ""Present"", ""PTCP"": ""Participle"", ""SG"": ""Singular""}"
even1260a-A12-44,"bultaːnami hərren, ujamkam ittej.",bultaː-na-mi	hər-re-n	ujamka-m	it-te-j,hunt.Y-AM-SS.COND	go-NFUT-3SG	snow.sheep-ACC	see-VS.PURP-PRFL.SG,"He went to hunt, to see (look for) snow sheep.",A12,44,even1260,even1260a,WORD_ALIGNED,"{""AM"": ""Associated Motion"", ""SS"": ""Same-subject converb"", ""COND"": ""Conditional-Temporal (converb)"", ""NFUT"": ""Non-future"", ""SG"": ""Singular"", ""ACC"": ""Accusative"", ""VS"": ""Variable-subject converb"", ""PURP"": ""Purposive"", ""PRFL"": ""Reflexive possessive""}"
even1260a-A12-45,"tar hərriɟi beripten imanda tikellen, imanda.",tar	hər-riɟi	beri-p-te-n	imanda	tike-l-le-n	imanda,DP	go-SS.ANT.SG	lose-MED-NFUT-3SG	snow	fall-INCH-NFUT-3SG	snow,"He left and got lost, and snow started to fall.",A12,45,even1260,even1260a,WORD_ALIGNED,"{""DP"": ""Discourse particle"", ""SS"": ""Same-subject converb"", ""ANT"": ""Anterior (converb)"", ""SG"": ""Singular"", ""MED"": ""Mediopassive"", ""NFUT"": ""Non-future"", ""INCH"": ""Inchoative""}"
even1260a-A12-46,baʨikar tuŋŋan ʨastu emnen.,baʨikar	tuŋŋan	ʨas-tu	em-ne-n,morning	five	hour-DAT.ESS	come-NFUT-3SG,He came back at five in the morning.,A12,46,even1260,even1260a,WORD_ALIGNED,"{""DAT"": ""Dative"", ""ESS"": ""Essive"", ""NFUT"": ""Non-future"", ""SG"": ""Singular""}"
even1260a-A12-47,"ɵmende ujamkan aʨʨa, bəjən bukatin erbeʨen, uːʨakan olok ɟalaːrdaːʨa.",ɵmen=de	ujamkan	aʨʨa	bəjə-n	bukatin	erbeʨen	uːʨaka-n	olok	ɟalaːrdaː-ʨa,one=ADD	snow.sheep	NEG.EXIST	self-PX.3SG	completely.Y	PROX.QUAL	riding.reindeer-PX.3SG	completely.Y	be.exhausted.Y-NAR.PST,"There was not a single snow sheep, he himself completely like this, and his riding reindeer was utterly exhausted.",A12,47,even1260,even1260a,WORD_ALIGNED,"{""ADD"": ""Additive"", ""NEG"": ""Negative; by itself: Negative auxiliary"", ""EXIST"": ""Existential"", ""PX"": ""Possessive suffix"", ""SG"": ""Singular"", ""PROX"": ""Proximal (demonstrative)"", ""QUAL"": ""Qualitative"", ""NAR"": ""Narrative"", ""PST"": ""Past""}"
even1260a-A12-48,"baʨikar nɵːrep, imanra tikʨe.",baʨikar	ɲɵː-re-p	imanra	tik-ʨe,morning	to.exit-NFUT-1PL	snow	fall-NAR.PST,"In the morning we came out (of the tent), snow had fallen.'\footnote{This episode took place at the beginning of September.",A12,48,even1260,even1260a,WORD_ALIGNED,"{""NFUT"": ""Non-future"", ""PL"": ""Plural"", ""NAR"": ""Narrative"", ""PST"": ""Past""}"
even1260a-A12-49,taraβ gɵːnem ɟe,tara-β	gɵː-ne-m	ɟe,DIST-ACC	say-NFUT-1SG	PTL.Y,That's when I said:,A12,49,even1260,even1260a,WORD_ALIGNED,"{""DIST"": ""Distal demonstrative"", ""ACC"": ""Accusative"", ""NFUT"": ""Non-future"", ""SG"": ""Singular"", ""PTL"": ""Particle""}"
even1260a-A12-50,ianami ələ emnihne gɵːnem.,ia-na-mi	ə-lə	em-ni-hne	gɵː-ne-m,do.what-AM-SS.COND	PROX-LOC	come-PST-PX.2PL	say-NFUT-1SG,"{``}Why did you come here?,'' I said.",A12,50,even1260,even1260a,WORD_ALIGNED,"{""AM"": ""Associated Motion"", ""SS"": ""Same-subject converb"", ""COND"": ""Conditional-Temporal (converb)"", ""PROX"": ""Proximal (demonstrative)"", ""LOC"": ""Locative"", ""PST"": ""Past"", ""PX"": ""Possessive suffix"", ""PL"": ""Plural"", ""NFUT"": ""Non-future"", ""SG"": ""Singular""}"
even1260a-A12-51,"stadala biʨe bimi, tiːk Hebeːndule təgəʨʨe bimʨelti.",stado-la	bi-ʨe	bi-mi	tiːk	Hebeːn-dule	təgə-ʨ-ʨe	bi-mʨe-l-ti,herd.R-LOC	be-PST.PTCP	AUX-SS.COND	now	TOPO-LOC	sit.down-TAM2-PST.PTCP	AUX-SBJV-PL-1PL,"{``}If we'd been in the herd, we would now be sitting in Sebjan''.",A12,51,even1260,even1260a,WORD_ALIGNED,"{""LOC"": ""Locative"", ""PST"": ""Past"", ""PTCP"": ""Participle"", ""AUX"": ""Auxiliary"", ""SS"": ""Same-subject converb"", ""COND"": ""Conditional-Temporal (converb)"", ""TOPO"": ""Toponym"", ""TAM"": ""Polysemous TAM marker"", ""SBJV"": ""Subjunctive"", ""PL"": ""Plural""}"
even1260a-A12-52,"haːkar manudni, ulde aʨʨa, italjanskiʨin makarom ɟebniken.",haːkar	man-u-d-ni	ulde	aʨʨa	italjans-kiʨin	makaro-m	ɟeb-niken,sugar.R	use.up-VAL-NFUT-3SG	meat	NEG.EXIST	Italian.R-SML(MNR)	maccaroni.R-ACC	eat-SS.SIM1,"The sugar was finished, there was no meat, like Italians we ate maccaroni.",A12,52,even1260,even1260a,WORD_ALIGNED,"{""VAL"": ""Valency-change"", ""NFUT"": ""Non-future"", ""SG"": ""Singular"", ""NEG"": ""Negative; by itself: Negative auxiliary"", ""EXIST"": ""Existential"", ""SML"": ""Similative"", ""MNR"": ""Manner (Similative)"", ""ACC"": ""Accusative"", ""SS"": ""Same-subject converb"", ""SIM"": ""Simultaneous (converb)""}"
even1260a-A12-53,"ɟe tarit kɵllen haːkar bihiβen, kɵllen omolgodiɲun haːkardaːβram.",ɟe	tarit	kɵllen	haːkar	bi-hi-βe-n	kɵllen	omolgo-di=ɲun	haːkar-daː-βra-m,PTL.Y	then	small	sugar.R	be-PRS.PTCP-ACC-3SG	small	boy-DAT.PRFL.SG=RESTR	sugar.R-VR-HAB-1SG,The little bit of sugar that there was I gave only to my small son.,A12,53,even1260,even1260a,WORD_ALIGNED,"{""PTL"": ""Particle"", ""PRS"": ""Present"", ""PTCP"": ""Participle"", ""ACC"": ""Accusative"", ""SG"": ""Singular"", ""DAT"": ""Dative"", ""PRFL"": ""Reflexive possessive"", ""RESTR"": ""Restrictive"", ""VR"": ""Verbalizer"", ""HAB"": ""Habitual""}"
even1260a-A12-54,"adukun kempietelken bihem, ɵmeteːlɟi bɵːβrerem.",adukun	kempiete-lken	bi-he-m	ɵme-teːl-ɟi	bɵː-βre-re-m,few	candy.R-PROP	be-NFUT-1SG	one-DISTR(NUM)-INS	give-HAB-NFUT-1SG,"I have a few sweets, I give them one by one.",A12,54,even1260,even1260a,WORD_ALIGNED,"{""PROP"": ""Proprietive"", ""NFUT"": ""Non-future"", ""SG"": ""Singular"", ""DISTR"": ""Distributive"", ""NUM"": ""derived from numerals"", ""INS"": ""Instrumental"", ""HAB"": ""Habitual""}"
even1260a-A12-55,"iakgol blokada oːʨa gɵːnem, Leningrad blokadan.",iak=gol	blokada	oː-ʨa	gɵː-ne-m	Leningrad	blokada-n,what=INDEF	blockade.R	become-NAR.PST	say-NFUT-1SG	TOPO	blockade.R-PX.3SG,"{``}It has become like the Leningrad blockade,'' I say.'\footnote{The Leningrad blockade took place during World War II, in the years 1941-1943, during which time the German army nearly entirely cut off Leningrad from its surroundings.",A12,55,even1260,even1260a,WORD_ALIGNED,"{""INDEF"": ""Indefinite"", ""NAR"": ""Narrative"", ""PST"": ""Past"", ""NFUT"": ""Non-future"", ""SG"": ""Singular"", ""TOPO"": ""Toponym"", ""PX"": ""Possessive suffix""}"
even1260a-A12-56,"tarit tartakida hərrit aʨʨa, imanda tikren.",tarit	tar-taki=da	hər-ri-t	aʨʨa	imanda	tik-re-n,then	DIST-ALL=ADD	go-PRS.PTCP-1PL	NEG.EXIST	snow	fall-NFUT-3SG,"And there (further on, to the village) we couldn't go, snow fell.",A12,56,even1260,even1260a,WORD_ALIGNED,"{""DIST"": ""Distal demonstrative"", ""ALL"": ""Allative"", ""ADD"": ""Additive"", ""PRS"": ""Present"", ""PTCP"": ""Participle"", ""PL"": ""Plural"", ""NEG"": ""Negative; by itself: Negative auxiliary"", ""EXIST"": ""Existential"", ""NFUT"": ""Non-future"", ""SG"": ""Singular""}"
even1260a-A12-57,racijali gɵːneken mašina əʨe hoβnohno.,racija-li	gɵː-neke-n	mašina	ə-ʨe	hoβno-h-no,radio.R-PROL	say-DS.COND-3SG	car.R	NEG-PST	move-TAM1-NEG.CVB,"When he talks on the radio, the vehicle hasn't left yet.",A12,57,even1260,even1260a,WORD_ALIGNED,"{""PROL"": ""Prolative"", ""DS"": ""Different-subject converb"", ""COND"": ""Conditional-Temporal (converb)"", ""SG"": ""Singular"", ""NEG"": ""Negative; by itself: Negative auxiliary"", ""PST"": ""Past"", ""TAM"": ""Polysemous TAM marker"", ""CVB"": ""Converb""}"
even1260a-A12-58,"tarit Alekseev Ujban, tar egɟen omolgon, kɵllen omolgon ɲan plemjannikan hərehnə Hebeːndule.",tarit	Alekseev	Ivan	tar	egɟen	omolgo-n	kɵllen	omolgo-n	ɲan	plemjannika-n	həre-h-nə	Hebeːn-dule,then	PN	PN	DP	big	boy-PX.3SG	small	boy-PX.3SG	and	nephew.R-PX.3SG	go-TAM1-NFUT	TOPO-LOC,"Then Ivan Alekseev, his eldest son, his youngest son and his nephew left for Sebjan.",A12,58,even1260,even1260a,WORD_ALIGNED,"{""PN"": ""Proper noun"", ""DP"": ""Discourse particle"", ""PX"": ""Possessive suffix"", ""SG"": ""Singular"", ""TAM"": ""Polysemous TAM marker"", ""NFUT"": ""Non-future"", ""TOPO"": ""Toponym"", ""LOC"": ""Locative""}"
even1260a-A12-59,tar mut tadu bihep.,tar	mut	ta-du	bi-he-p,DP	1PL	DIST-DAT.ESS	be-NFUT-1PL,We were there.,A12,59,even1260,even1260a,WORD_ALIGNED,"{""DP"": ""Discourse particle"", ""PL"": ""Plural"", ""DIST"": ""Distal demonstrative"", ""DAT"": ""Dative"", ""ESS"": ""Essive"", ""NFUT"": ""Non-future""}"
even1260a-A12-60,"noŋartan tartaki hərəhne, mut stadala muʨurap.",noŋartan	tar-taki	hərə-h-ne	mut	stado-la	muʨu-ra-p,3PL	DIST-ALL	go-TAM1-NFUT	1PL	herd.R-LOC	return-NFUT-1PL,"They went there, and we returned to the reindeer herd.",A12,60,even1260,even1260a,WORD_ALIGNED,"{""PL"": ""Plural"", ""DIST"": ""Distal demonstrative"", ""ALL"": ""Allative"", ""TAM"": ""Polysemous TAM marker"", ""NFUT"": ""Non-future"", ""LOC"": ""Locative""}"
even1260a-A12-61,ər tuŋŋan ʨas ineŋ.,ər	tuŋŋan	ʨas	ineŋ,DP	five	hour	day,At five o'clock in the day.,A12,61,even1260,even1260a,WORD_ALIGNED,"{""DP"": ""Discourse particle""}"
even1260a-A12-62,imanda doːlin.,imanda	doː-li-n,snow	inside-PROL-PX.3SG,In the snow.,A12,62,even1260,even1260a,WORD_ALIGNED,"{""PROL"": ""Prolative"", ""PX"": ""Possessive suffix"", ""SG"": ""Singular""}"
even1260a-A12-63,tar hərʨe tɵːreŋur urekʨem ojʨimi naːda.,tar	hər-ʨe	tɵːre-ŋ-ur	urekʨe-m	ojʨi-mi	naːda,DP	go-PST.PTCP	place-POSS-PRFL.PL	high.mountain-ACC	ascend-SS.COND	need.R,"The place where we were going, we had to go up a mountain.",A12,63,even1260,even1260a,WORD_ALIGNED,"{""DP"": ""Discourse particle"", ""PST"": ""Past"", ""PTCP"": ""Participle"", ""POSS"": ""Non-canonical possession"", ""PRFL"": ""Reflexive possessive"", ""PL"": ""Plural"", ""ACC"": ""Accusative"", ""SS"": ""Same-subject converb"", ""COND"": ""Conditional-Temporal (converb)""}"
even1260a-A12-64,tar ojʨidnikan murmu ələ ilgamnin.,tar	ojʨi-d-nikan	murm-u	ə-lə	ilgam-ni-n,DP	ascend-PROG-SS.SIM1	horse-PX.1SG	PROX-LOC	stand.still-PST-3SG,"As we were going up, my horse stood.",A12,64,even1260,even1260a,WORD_ALIGNED,"{""DP"": ""Discourse particle"", ""PROG"": ""Progressive"", ""SS"": ""Same-subject converb"", ""SIM"": ""Simultaneous (converb)"", ""PX"": ""Possessive suffix"", ""SG"": ""Singular"", ""PROX"": ""Proximal (demonstrative)"", ""LOC"": ""Locative"", ""PST"": ""Past""}"
even1260a-A12-65,taraβ ɟe amanti tiːniken ylɟy ojʨiβkanni.,tara-β	ɟe	aman-ti	tiː-niken	ylɟy	ojʨi-βkan-ni,DIST-ACC	PTL.Y	father-PX.1PL	send-SS.SIM1	immediately.Y	ascend-CAUS-3SG,Well our father (i.e. her husband) made (the horse) go up.,A12,65,even1260,even1260a,WORD_ALIGNED,"{""DIST"": ""Distal demonstrative"", ""ACC"": ""Accusative"", ""PTL"": ""Particle"", ""PX"": ""Possessive suffix"", ""PL"": ""Plural"", ""SS"": ""Same-subject converb"", ""SIM"": ""Simultaneous (converb)"", ""CAUS"": ""Causative"", ""SG"": ""Singular""}"
even1260a-A12-66,"stadala dolbu ɟɵːr ʨastu ihrap, haːtahri doːlin.",stado-la	dolbu	ɟɵːr	ʨas-tu	ih-ra-p	haːtahri	doː-li-n,herd.R-LOC	night	two	hour-DAT.ESS	reach-NFUT-1PL	be.dark.PRS.PTCP	inside-PROL-PX.3SG,"We arrived at the herd at two at night, in the dark.",A12,66,even1260,even1260a,WORD_ALIGNED,"{""LOC"": ""Locative"", ""DAT"": ""Dative"", ""ESS"": ""Essive"", ""NFUT"": ""Non-future"", ""PL"": ""Plural"", ""PRS"": ""Present"", ""PTCP"": ""Participle"", ""PROL"": ""Prolative"", ""PX"": ""Possessive suffix"", ""SG"": ""Singular""}"
even1260a-A12-67,"tadu butunniɟur noŋartan balaːkkadutna huklehnep, kɵtlekken balakkadu.",ta-du	butunni-ɟur	noŋartan	balaːkka-du-tna	hukle-h-ne-p	kɵtle-kken	balakka-du,DIST-DAT.ESS	entirely.Y-INS.PRFL.PL	3PL	tent.R-DAT.ESS-PX.3PL	sleep-TAM1-NFUT-1PL	small-DIM.INDEF	tent.R-DAT.ESS,"There all of us went to sleep in their tent, a small tent.",A12,67,even1260,even1260a,WORD_ALIGNED,"{""DIST"": ""Distal demonstrative"", ""DAT"": ""Dative"", ""ESS"": ""Essive"", ""INS"": ""Instrumental"", ""PRFL"": ""Reflexive possessive"", ""PL"": ""Plural"", ""PX"": ""Possessive suffix"", ""TAM"": ""Polysemous TAM marker"", ""NFUT"": ""Non-future"", ""DIM"": ""Diminutive "", ""INDEF"": ""Indefinite""}"
even1260a-A12-68,baʨikar illap.,baʨikar	il-la-p,morning	stand.up-NFUT-1PL,In the morning we got up.,A12,68,even1260,even1260a,WORD_ALIGNED,"{""NFUT"": ""Non-future"", ""PL"": ""Plural""}"
even1260a-A12-69,"Ujbanti ampaːrra hərren, broduktaβ gennemi.",Ivan-ti	ampaːr-ra	hər-re-n	brodukta-β	gen-ne-mi,PN-PX.1PL	storage.shed.R-LOC	go-NFUT-3SG	food.R-ACC	look.for-AM-SS.COND,Our Ivan went to the storage shed to fetch food.,A12,69,even1260,even1260a,WORD_ALIGNED,"{""PN"": ""Proper noun"", ""PX"": ""Possessive suffix"", ""PL"": ""Plural"", ""LOC"": ""Locative"", ""NFUT"": ""Non-future"", ""SG"": ""Singular"", ""ACC"": ""Accusative"", ""AM"": ""Associated Motion"", ""SS"": ""Same-subject converb"", ""COND"": ""Conditional-Temporal (converb)""}"
even1260a-A12-70,"mut bɵrtɵlɵtet noːdarap, gɵːnitnen.",mut	bɵrtɵlɵte-t	noːda-ra-p	gɵː-ni-tnen,1PL	helicopter.R-INS	throw-NFUT-1PL	say-PST-3PL,{``}We brought (food) by helicopter'' they said.,A12,70,even1260,even1260a,WORD_ALIGNED,"{""PL"": ""Plural"", ""INS"": ""Instrumental"", ""NFUT"": ""Non-future"", ""PST"": ""Past""}"
even1260a-A12-71,mut balakkaβur ilurap.,mut	balakka-βur	il-u-ra-p,1PL	tent.R-PRFL.PL	stand.up-VAL-NFUT-1PL,We set up our tent.,A12,71,even1260,even1260a,WORD_ALIGNED,"{""PL"": ""Plural"", ""PRFL"": ""Reflexive possessive"", ""VAL"": ""Valency-change"", ""NFUT"": ""Non-future""}"
even1260a-A12-72,ɟe tarit emnen hieheʨen.,ɟe	tarit	em-ne-n	hieheʨen,PTL.Y	then	come-NFUT-3SG	evening,"Well, then he came (back) in the evening.",A12,72,even1260,even1260a,WORD_ALIGNED,"{""PTL"": ""Particle"", ""NFUT"": ""Non-future"", ""SG"": ""Singular""}"
even1260a-A12-73,"ər kuŋalteː baraxsan, haːkaralkan mɵhɵʨʨukur ɟaːβriɟur, ɟuːlaːr emne ɲan ʨajuŋgaːr ɵŋkeriɟur ɟe haːkaralkan ʨaju ɟe kolnikan təgətte.",ər	kuŋa-l-ti	baraxsan	haːkara-lkan	mɵhɵʨʨuk-ur	ɟaːβ-riɟur	ɟuː-laːr	em-ne	ɲan	ʨaju-ŋ-gaːr	ɵŋke-riɟur	ɟe	haːkara-lkan	ʨaj-u	ɟe	kol-nikan	təgə-t-te,DP	child-PL-PX.1PL	dear.Y	sugar.R-PROP	bag.R-PRFL.PL	catch.hold-SS.ANT.PL	house-LOC.PRFL.PL	come-NFUT	and	tea.R-POSS-DEST.PRFL.PL	pour.out-SS.ANT.PL	PTL.Y	sugar.R-PROP	tea.R-ACC	PTL.Y	drink-SS.SIM1	sit.down-TAM2-NFUT,"Our poor children, they took a bag with sugar and came home (to the tent), and having poured themselves tea sat drinking tea with sugar.",A12,73,even1260,even1260a,WORD_ALIGNED,"{""DP"": ""Discourse particle"", ""PL"": ""Plural"", ""PX"": ""Possessive suffix"", ""PROP"": ""Proprietive"", ""PRFL"": ""Reflexive possessive"", ""SS"": ""Same-subject converb"", ""ANT"": ""Anterior (converb)"", ""LOC"": ""Locative"", ""NFUT"": ""Non-future"", ""POSS"": ""Non-canonical possession"", ""DEST"": ""Destinative"", ""PTL"": ""Particle"", ""ACC"": ""Accusative"", ""SIM"": ""Simultaneous (converb)"", ""TAM"": ""Polysemous TAM marker""}"
even1260a-A12-74,"tarit tar čerez ilan iniŋili, digen, ee tuŋŋan iniŋili bɵrtɵlɵtet emnen.",tarit	tar	čerez	ilan	iniŋi-li	digen	ee	tuŋŋan	iniŋi-li	bɵrtɵlɵte-t	em-ne-n,then	DP	through.R	three	day-PROL	four	eh	five	day-PROL	helicopter.R-PX.1PL	come-NFUT-3SG,"Then after three days, four, no five days our helicopter came.",A12,74,even1260,even1260a,WORD_ALIGNED,"{""DP"": ""Discourse particle"", ""PROL"": ""Prolative"", ""PX"": ""Possessive suffix"", ""PL"": ""Plural"", ""NFUT"": ""Non-future"", ""SG"": ""Singular""}"
even1260a-A12-75,daže mian ineŋili ebit.,daže	mian	ineŋi-li	ebit,even.R	ten	day-PROL	INDIR.Y,"Even after ten days, it seems!",A12,75,even1260,even1260a,WORD_ALIGNED,"{""PROL"": ""Prolative"", ""INDIR"": ""Indirective (particle)""}"
even1260a-A12-76,mian ɟapkan sentjabrdu ələːr emnep.,mian	ɟapkan	sentjabr-du	ə-ləːr	em-ne-p,ten	eight	September.R-DAT.ESS	PROX-LOC.PRFL.PL	come-NFUT-1PL,We arrived here on the eighteenth of September.,A12,76,even1260,even1260a,WORD_ALIGNED,"{""DAT"": ""Dative"", ""ESS"": ""Essive"", ""PROX"": ""Proximal (demonstrative)"", ""LOC"": ""Locative"", ""PRFL"": ""Reflexive possessive"", ""PL"": ""Plural"", ""NFUT"": ""Non-future""}"
even1260a-A12-77,tarak.,tarak,DP,That's it.,A12,77,even1260,even1260a,WORD_ALIGNED,"{""DP"": ""Discourse particle""}"
even1260a-A13-1,biː tiːk hunteki ebedit ukʨenɟim.,biː	tiːk	hun-teki	ebe-di-t	ukʨen-ɟi-m,1SG	now	2PL.OBL-ALL	Even-ADJR(ETHNIC)-ADVR	tell-FUT-1SG,I will now tell you in Even.,A13,1,even1260,even1260a,WORD_ALIGNED,"{""SG"": ""Singular"", ""PL"": ""Plural"", ""OBL"": ""Oblique"", ""ALL"": ""Allative"", ""ADJR"": ""Adjectivizer"", ""ADVR"": ""Adverbializer"", ""FUT"": ""Future""}"
even1260a-A13-2,ərək bihin tysjača ujun ɲama nadan miar tunŋan anŋanidu.,ərək	bi-hi-n	tysjača	ujun	ɲama	nadan	mia-r	tunŋan	anŋani-du,PROX	be-PST-3SG	thousand.R	nine	hundred	seven	ten-PL	five	year-DAT.ESS,It was in the year 1975.,A13,2,even1260,even1260a,WORD_ALIGNED,"{""PROX"": ""Proximal (demonstrative)"", ""PST"": ""Past"", ""SG"": ""Singular"", ""PL"": ""Plural"", ""DAT"": ""Dative"", ""ESS"": ""Essive""}"
even1260a-A13-3,biː biː nɵːʨel Afoɲaɲun ɲan kɵkənʨel Elenaɲun stadatki həreddit.,biː	biː	nɵː-ʨel	Afoɲa-ɲun	ɲan	kɵkən-ʨel	Elena-ɲun	stada-tki	həre-d-di-t,1SG	1SG	younger.sib-COM(KIN)	PN-COM(GNRL)	and	sister.in.law-COM(KIN)	PN-COM(GNRL)	herd.R-ALL	go-PROG-PST-1PL,"My younger brother Afanasij, my sister-in-law Elena, and I were going to the herd.'\footnote{Afonja is the hypocoristic form of Afanasij.",A13,3,even1260,even1260a,WORD_ALIGNED,"{""SG"": ""Singular"", ""COM"": ""Comitative"", ""PN"": ""Proper noun"", ""GNRL"": ""General (comitative)"", ""ALL"": ""Allative"", ""PROG"": ""Progressive"", ""PST"": ""Past"", ""PL"": ""Plural""}"
even1260a-A13-4,biː tar otpuskalaj ammi bakaldanami həreddiβ.,biː	tar	otpusk-la-j	amm-i	bakalda-na-mi	həre-d-di-β,1SG	DP	holidays.R-LOC-PRFL.SG	father-PRFL.SG	meet-AM-SS.COND	go-PROG-PST-1SG,I was going to see (meet) my father in my holidays.,A13,4,even1260,even1260a,WORD_ALIGNED,"{""SG"": ""Singular"", ""DP"": ""Discourse particle"", ""LOC"": ""Locative"", ""PRFL"": ""Reflexive possessive"", ""AM"": ""Associated Motion"", ""SS"": ""Same-subject converb"", ""COND"": ""Conditional-Temporal (converb)"", ""PROG"": ""Progressive"", ""PST"": ""Past""}"
even1260a-A13-5,"hoː iŋeɲ bisin, adiː gradus bideŋmen əhem haːra.",hoː	iŋeɲ	bi-si-n	adiː	gradus	bi-deŋ-me-n	ə-he-m	haː-ra,very	cold	be-PST-3SG	how.many	degree.R	be-REM.PTCP-ACC-3SG	NEG-NFUT-1SG	know-NEG.CVB,"It was very cold, how many degrees it was I don't know.'\footnote{Zoja Stepanova's brother said the event took place in January, when temperatures in this part of Yakutia drop to well below -40°C.",A13,5,even1260,even1260a,WORD_ALIGNED,"{""PST"": ""Past"", ""SG"": ""Singular"", ""REM"": ""Remote"", ""PTCP"": ""Participle"", ""ACC"": ""Accusative"", ""NEG"": ""Negative; by itself: Negative auxiliary"", ""NFUT"": ""Non-future"", ""CVB"": ""Converb""}"
even1260a-A13-6,"biː itiːj ədej bəgir bulataʨ iahaluɲun iʨuriɟin itiːj hapturiɟi, ŋəneddiβ.",biː	itiː-j	ə-de-j	bəgi-r	bulata-ʨ	iahal-u=ɲun	iʨ-u-ri-ɟi-n	itiː-j	haptu-riɟi	ŋəne-d-di-β,1SG	face-PRFL.SG	NEG-VS.PURP-PRFL.SG	get.frostbitten-NEG.CVB	kerchief.R-INS	eyes-PX.1SG=RESTR	see-VAL-PRS.PTCP-INS-3SG	face-PRFL.SG	cover.face-SS.ANT.SG	go-PROG-PST-1SG,"I went, having covered my face with my shawl so that it wouldn't get frostbitten, with only my eyes being visible.'\footnote{The verb \textit{ŋən-} is not a Lamunkhin Even verb (it occurs only three times in the overall corpus, see \sectref{sec:lexicon}). Its use by Zoja Stepanova might be explained by her penchant for Standard Even forms.",A13,6,even1260,even1260a,WORD_ALIGNED,"{""SG"": ""Singular"", ""PRFL"": ""Reflexive possessive"", ""NEG"": ""Negative; by itself: Negative auxiliary"", ""VS"": ""Variable-subject converb"", ""PURP"": ""Purposive"", ""CVB"": ""Converb"", ""INS"": ""Instrumental"", ""PX"": ""Possessive suffix"", ""RESTR"": ""Restrictive"", ""VAL"": ""Valency-change"", ""PRS"": ""Present"", ""PTCP"": ""Participle"", ""SS"": ""Same-subject converb"", ""ANT"": ""Anterior (converb)"", ""PROG"": ""Progressive"", ""PST"": ""Past""}"
even1260a-A13-7,bəju ɲogulannikan həreddiβ.,bəj-u	ɲogulan-nikan	həre-d-di-β,self-PX.1SG	drive.reindeer.sled-SS.SIM1	go-PROG-PST-1SG,I was driving (my reindeer) myself.,A13,7,even1260,even1260a,WORD_ALIGNED,"{""PX"": ""Possessive suffix"", ""SG"": ""Singular"", ""SS"": ""Same-subject converb"", ""SIM"": ""Simultaneous (converb)"", ""PROG"": ""Progressive"", ""PST"": ""Past""}"
even1260a-A13-8,"ɟuldeleβu nɵːβu hərrin, hoːja turkilkan amardalaji.",ɟul-de-le-βu	nɵː-βu	hər-ri-n	hoːja	turki-lkan	amar-da-la-ji,front-SIDE-LOC-PX.1SG	younger.sib-PX.1SG	go-PST-3SG	many	sled-PROP	behind-SIDE-LOC-PRFL.SG,"In front of me drove my brother, with a lot of sleds behind him.",A13,8,even1260,even1260a,WORD_ALIGNED,"{""LOC"": ""Locative"", ""PX"": ""Possessive suffix"", ""SG"": ""Singular"", ""PST"": ""Past"", ""PROP"": ""Proprietive"", ""PRFL"": ""Reflexive possessive""}"
even1260a-A13-9,tarak turkilan kɵkmu Elena təgəʨiddin.,tarak	turki-la-n	kɵkm-u	Elena	təgə-ʨi-d-di-n,DIST	sled-LOC-PX.3SG	sister.in.law-PX.1SG	PN	sit.down-TAM2-PROG-PST-3SG,On those sleds sat my sister-in-law Elena.,A13,9,even1260,even1260a,WORD_ALIGNED,"{""DIST"": ""Distal demonstrative"", ""LOC"": ""Locative"", ""PX"": ""Possessive suffix"", ""SG"": ""Singular"", ""PN"": ""Proper noun"", ""TAM"": ""Polysemous TAM marker"", ""PROG"": ""Progressive"", ""PST"": ""Past""}"
even1260a-A13-10,"akmu atikaŋan Elena Stručkova gərbən, noŋan Tabalaxtuk bihin.",akm-u	atika-ŋa-n	Elena	Stručkova	gərbə-n	noŋan	Tabalax-tuk	bi-hi-n,older.brother-PX.1SG	old.woman-POSS-PX.3SG	PN	PN	name-PX.3SG	3SG	TOPO-ABL	be-PST-3SG,"That (was) the wife of my older brother, Elena Struchkova, she was from Tabalax.'\footnote{Tabalax (\figref{fig:mapLam2}) is a mainly Sakha village in the Verxojansk district in which two Even families live.",A13,10,even1260,even1260a,WORD_ALIGNED,"{""PX"": ""Possessive suffix"", ""SG"": ""Singular"", ""POSS"": ""Non-canonical possession"", ""PN"": ""Proper noun"", ""TOPO"": ""Toponym"", ""ABL"": ""Ablative"", ""PST"": ""Past""}"
even1260a-A13-11,"iami noŋan meːnken əʨe ŋənədde, noŋan ŋaːli maːʨa bihin.",iami	noŋan	meːn-ken	ə-ʨe	ŋənə-d-de	noŋan	ŋaːl-i	maː-ʨa	bi-hi-n,why	3SG	REFL-DIM	NEG-PST	go-PROG-NEG.CVB	3SG	hand-PRFL.SG	kill-PST.PTCP	AUX-PST-3SG,"Why didn't she drive herself, she had hurt her hand.",A13,11,even1260,even1260a,WORD_ALIGNED,"{""SG"": ""Singular"", ""REFL"": ""Reflexive pronoun"", ""DIM"": ""Diminutive "", ""NEG"": ""Negative; by itself: Negative auxiliary"", ""PST"": ""Past"", ""PROG"": ""Progressive"", ""CVB"": ""Converb"", ""PRFL"": ""Reflexive possessive"", ""PTCP"": ""Participle"", ""AUX"": ""Auxiliary""}"
even1260a-A13-12,"ər poselokla emdej nəkəddəken - biː tar kuʨuken nɵːβ bihin, ekmu hurkeŋen, taraβ irgeʨidditnen, akmu.",ər	poselok-la	em-de-j	nəkə-d-dəke-n	biː	tar	kuʨuken	nɵː-β	bi-hi-n	ekm-u	hurke-ŋe-n	tara-β	irgeʨi-d-di-tnen	akm-u,DP	village.R-LOC	come-VS.PURP-PRFL.SG	do-PROG-DS.COND-3SG	1SG	DP	small	younger.sib-PX.1SG	be-PST-3SG	older.sister-PX.1SG	boy-POSS-PX.3SG	DIST-ACC	raise-PROG-PST-3PL	older.brother-PX.1SG,"When she wanted to come to the village - I had a small nephew (lit. `younger sibling'), the son of my elder sister, my older brother (and Elena) were raising him.'\footnote{The precise relationship of the boy to Zoja Stepanova is actually unclear: \textit{eken} `older sister' refers both to ego's older sister as well to the younger sister of one of ego's parents (see the schemata on p.104 (Standard Even) and p.113 (Arka-Tompo Even, a geographically and linguistically close dialect of Lamunkhin Even) in \cite{Lavrillier:2024et}). While the term used to designate the offspring of ego's older siblings is not known, \textit{nɵː} `younger sibling' is the term used for the offspring of ego's parent's younger siblings. It is thus possible that the child was a cousin of Zoja Stepanova's rather than her nephew.",A13,12,even1260,even1260a,WORD_ALIGNED,"{""DP"": ""Discourse particle"", ""LOC"": ""Locative"", ""VS"": ""Variable-subject converb"", ""PURP"": ""Purposive"", ""PRFL"": ""Reflexive possessive"", ""SG"": ""Singular"", ""PROG"": ""Progressive"", ""DS"": ""Different-subject converb"", ""COND"": ""Conditional-Temporal (converb)"", ""PX"": ""Possessive suffix"", ""PST"": ""Past"", ""POSS"": ""Non-canonical possession"", ""DIST"": ""Distal demonstrative"", ""ACC"": ""Accusative"", ""PL"": ""Plural""}"
even1260a-A13-13,tarak kuŋa adilkankene bihin?,tarak	kuŋa	adi-lkan=kene	bi-hi-n,DIST	child	how.many-PROP=FOC	be-PST-3SG,How old was that child?,A13,13,even1260,even1260a,WORD_ALIGNED,"{""DIST"": ""Distal demonstrative"", ""PROP"": ""Proprietive"", ""FOC"": ""Focus"", ""PST"": ""Past"", ""SG"": ""Singular""}"
even1260a-A13-14,digelken kuŋakakan.,dige-lken	kuŋa-kakan,four-PROP	child-DIM.INDEF,A four-year-old child.,A13,14,even1260,even1260a,WORD_ALIGNED,"{""PROP"": ""Proprietive"", ""DIM"": ""Diminutive "", ""INDEF"": ""Indefinite""}"
even1260a-A13-15,"tarak hirkam ɟaβaʨadnikan tutmi əli hirkanat iaʨa bihin, ulkukaʨadnikan, taraŋi ŋaːlan eʨin, eʨije kəbdərʨe bihin.",tarak	hirka-m	ɟaβa-ʨa-d-nikan	tut-mi	ə-li	hirkana-t	ia-ʨa	bi-hi-n	ulku-kaʨa-d-nikan	tara-ŋ-i	ŋaːla-n	eʨin	eʨi-je	kəbdər-ʨe	bi-hi-n,DIST	knife-ACC	catch.hold-TAM2-PROG-SS.SIM1	run-SS.COND	PROX-PROL	knife-INS	FLR-PST.PTCP	AUX-PST-3SG	touch-MULT-PROG-SS.SIM1	DIST-POSS-PRFL.SG	hand-PX.3SG	PROX.QUAL	PROX.QUAL-AUG	swell.up-PST.PTCP	AUX-PST-3SG,"He was holding a knife and running and did whatchamacallit (cut her) with the knife along here, while touching (the knife), her hand was swollen big like this.'\footnote{She shows how the little boy cut the sister-in-law across the fingers.",A13,15,even1260,even1260a,WORD_ALIGNED,"{""DIST"": ""Distal demonstrative"", ""ACC"": ""Accusative"", ""TAM"": ""Polysemous TAM marker"", ""PROG"": ""Progressive"", ""SS"": ""Same-subject converb"", ""SIM"": ""Simultaneous (converb)"", ""COND"": ""Conditional-Temporal (converb)"", ""PROX"": ""Proximal (demonstrative)"", ""PROL"": ""Prolative"", ""INS"": ""Instrumental"", ""FLR"": ""Filler"", ""PST"": ""Past"", ""PTCP"": ""Participle"", ""AUX"": ""Auxiliary"", ""SG"": ""Singular"", ""MULT"": ""Multiplicative"", ""POSS"": ""Non-canonical possession"", ""PRFL"": ""Reflexive possessive"", ""PX"": ""Possessive suffix"", ""QUAL"": ""Qualitative"", ""AUG"": ""Augmentative""}"
even1260a-A13-16,"tariŋi poselokla əniken bəgdette, noŋan stadatkijaːki hərəhnen.",tari-ŋ-i	poselok-la	ə-niken	bəg-de-t-te	noŋan	stada-tki=jaːki	hərə-h-ne-n,DIST-POSS-PRFL.SG	village.R-LOC	NEG-SS.SIM1	medicine-VR-TAM2-NEG.CVB	3SG	herd.R-ALL=AUG.DYN	go-TAM1-NFUT-3SG,"She didn't treat that in the village, she left straight for the herd.",A13,16,even1260,even1260a,WORD_ALIGNED,"{""DIST"": ""Distal demonstrative"", ""POSS"": ""Non-canonical possession"", ""PRFL"": ""Reflexive possessive"", ""SG"": ""Singular"", ""LOC"": ""Locative"", ""NEG"": ""Negative; by itself: Negative auxiliary"", ""SS"": ""Same-subject converb"", ""SIM"": ""Simultaneous (converb)"", ""VR"": ""Verbalizer"", ""TAM"": ""Polysemous TAM marker"", ""CVB"": ""Converb"", ""ALL"": ""Allative"", ""AUG"": ""Augmentative"", ""DYN"": ""Dynamic"", ""NFUT"": ""Non-future""}"
even1260a-A13-17,"mut noŋman bəgdetli gɵːŋe turkurit, ətem gɵːnin, biː tala bəjɟiβ bəgdeʨʨim gɵːniken.",mut	noŋman	bəg-de-t-li	gɵː-ŋe	turku-ri-t	ə-te-m	gɵː-ni-n	biː	ta-la	bəj-ɟi-β	bəg-de-ʨ-ʨi-m	gɵːniken,1PL	3SG.ACC	medicine-VR-TAM2-IMP.SG	say-NMDL.CVB	be.unable-PST-1PL	NEG-FUT-1SG	say-PST-3SG	1SG	DIST-LOC	self-INS-PX.1SG	medicine-VR-TAM2-FUT-1SG	say.QUOT,"We tried to say ``heal (your hand),'' but she said ``I won't, I will heal myself there,'' she said.",A13,17,even1260,even1260a,WORD_ALIGNED,"{""PL"": ""Plural"", ""SG"": ""Singular"", ""ACC"": ""Accusative"", ""VR"": ""Verbalizer"", ""TAM"": ""Polysemous TAM marker"", ""IMP"": ""Imperative"", ""NMDL"": ""Negative modal (converb)"", ""CVB"": ""Converb"", ""PST"": ""Past"", ""NEG"": ""Negative; by itself: Negative auxiliary"", ""FUT"": ""Future"", ""DIST"": ""Distal demonstrative"", ""LOC"": ""Locative"", ""INS"": ""Instrumental"", ""PX"": ""Possessive suffix"", ""QUOT"": ""Quotative""}"
even1260a-A13-18,"tarit həreɟeːnnep, biː hoːʨ ammi geleːlʨe bihiβ, teːmi hinmamakan istaji hɵliŋʨiriβ.",tarit	həre-ɟ-eːn-ne-p	biː	hoː-ʨ	amm-i	geleː-l-ʨe	bi-hi-β	teːmi	hinma-makan	is-ta-ji	hɵliŋʨi-ri-β,then	go-PROG-CMPS-NFUT-1PL	1SG	very-ADVR	father-PRFL.SG	miss-INCH-PST.PTCP	AUX-PST-1SG	therefore	fast-INTS	reach-VS.PURP-PRFL.SG	hurry-PST-1SG,"So we went on, I had missed my father very much and therefore hurried to get to him quickly.",A13,18,even1260,even1260a,WORD_ALIGNED,"{""PROG"": ""Progressive"", ""CMPS"": ""Compassionate"", ""NFUT"": ""Non-future"", ""PL"": ""Plural"", ""SG"": ""Singular"", ""ADVR"": ""Adverbializer"", ""PRFL"": ""Reflexive possessive"", ""INCH"": ""Inchoative"", ""PST"": ""Past"", ""PTCP"": ""Participle"", ""AUX"": ""Auxiliary"", ""INTS"": ""Intensive"", ""VS"": ""Variable-subject converb"", ""PURP"": ""Purposive""}"
even1260a-A13-19,tarit tala Kuruŋnax gərbə tɵːrle palatkakkan ilattin.,tarit	ta-la	Kuruŋnax	gərbə	tɵːr-le	palatka-kkan	ila-t-ti-n,then	DIST-LOC	TOPO	name	place-LOC	tent.R-DIM.INDEF	stand.up-TAM2-PST-3SG,There in a place called Kuruŋnax stood a small tent.,A13,19,even1260,even1260a,WORD_ALIGNED,"{""DIST"": ""Distal demonstrative"", ""LOC"": ""Locative"", ""TOPO"": ""Toponym"", ""DIM"": ""Diminutive "", ""INDEF"": ""Indefinite"", ""TAM"": ""Polysemous TAM marker"", ""PST"": ""Past"", ""SG"": ""Singular""}"
even1260a-A13-20,tala bəjəl aːnŋahakatnan palatka.,ta-la	bəjə-l	aːnŋa-haka-tnan	palatka,DIST-LOC	person-PL	spend.night-?PTCP-3PL	tent.R,There was a tent where people spent the night.,A13,20,even1260,even1260a,WORD_ALIGNED,"{""DIST"": ""Distal demonstrative"", ""LOC"": ""Locative"", ""PL"": ""Plural"", ""PTCP"": ""Participle""}"
even1260a-A13-21,tala adiː ʨastukene?,ta-la	adiː	ʨas-tu=kene,DIST-LOC	how.many	hour-DAT.ESS=FOC,When did we arrive?,A13,21,even1260,even1260a,WORD_ALIGNED,"{""DIST"": ""Distal demonstrative"", ""LOC"": ""Locative"", ""DAT"": ""Dative"", ""ESS"": ""Essive"", ""FOC"": ""Focus""}"
even1260a-A13-22,"nadan ʨastu ihrit, hieseʨen, giaβan gɵbɵddi bisin.",nadan	ʨas-tu	ih-ri-t	hieseʨen	giaβan	gɵbɵ-d-di	bi-si-n,seven	hour-DAT.ESS	reach-PST-1PL	evening	twilight	disappear-PROG-PRS.PTCP	AUX-PST-3SG,"We arrived at seven in the evening, when the twilight was ending.'\footnote{As mentioned in line \ref{ex:A13-5}, this trip probably took place in January, but in January it would be completely dark at 7:00 PM. So it might have been somewhat earlier in the afternoon.",A13,22,even1260,even1260a,WORD_ALIGNED,"{""DAT"": ""Dative"", ""ESS"": ""Essive"", ""PST"": ""Past"", ""PL"": ""Plural"", ""PROG"": ""Progressive"", ""PRS"": ""Present"", ""PTCP"": ""Participle"", ""AUX"": ""Auxiliary"", ""SG"": ""Singular""}"
even1260a-A13-23,"tarit Afoɲa gɵːnin oːn ɲekʨip, əleːr aːnŋaɟipgu, ətepgu?",tarit	Afoɲa	gɵː-ni-n	oːn	ɲek-ʨi-p	ə-leːr	aːnŋa-ɟi-p=gu	ə-te-p=gu,then	PN	say-PST-3SG	how	do-FUT-1PL	PROX-LOC.PRFL.PL	spend.night-FUT-1PL=DUB	NEG-FUT-1PL=DUB,"Then Afanasij said: ``What will we do, will we spend the night here or not?''",A13,23,even1260,even1260a,WORD_ALIGNED,"{""PN"": ""Proper noun"", ""PST"": ""Past"", ""SG"": ""Singular"", ""FUT"": ""Future"", ""PL"": ""Plural"", ""PROX"": ""Proximal (demonstrative)"", ""LOC"": ""Locative"", ""PRFL"": ""Reflexive possessive"", ""DUB"": ""Dubitative"", ""NEG"": ""Negative; by itself: Negative auxiliary""}"
even1260a-A13-24,"əgel aːnŋar gɵːniken biː, hinmamakan istaji.",ə-gel	aːnŋa-r	gɵː-niken	biː	hinma-makan	is-ta-ji,NEG-HORT.PL	spend.night-NEG.CVB	say-SS.SIM1	1SG	fast-INTS	reach-VS.PURP-PRFL.SG,"{``}Let's not spend the night (here)'' I said, in order to arrive faster.",A13,24,even1260,even1260a,WORD_ALIGNED,"{""NEG"": ""Negative; by itself: Negative auxiliary"", ""HORT"": ""Hortative"", ""PL"": ""Plural"", ""CVB"": ""Converb"", ""SS"": ""Same-subject converb"", ""SIM"": ""Simultaneous (converb)"", ""SG"": ""Singular"", ""INTS"": ""Intensive"", ""VS"": ""Variable-subject converb"", ""PURP"": ""Purposive"", ""PRFL"": ""Reflexive possessive""}"
even1260a-A13-25,"taraβ ieltenep, ielteniɟur ɟe haːtahridu həreɟeːnnep.",tara-β	ielte-ne-p	ielte-niɟur	ɟe	haːtahri-du	həre-ɟ-eːn-ne-p,DIST-ACC	pass-NFUT-1PL	pass-SS.ANT.PL	PTL.Y	be.dark.PRS.PTCP-DAT.ESS	go-PROG-CMPS-NFUT-1PL,We passed that and then went on in the dark (poor us).,A13,25,even1260,even1260a,WORD_ALIGNED,"{""DIST"": ""Distal demonstrative"", ""ACC"": ""Accusative"", ""NFUT"": ""Non-future"", ""PL"": ""Plural"", ""SS"": ""Same-subject converb"", ""ANT"": ""Anterior (converb)"", ""PTL"": ""Particle"", ""PRS"": ""Present"", ""PTCP"": ""Participle"", ""DAT"": ""Dative"", ""ESS"": ""Essive"", ""PROG"": ""Progressive"", ""CMPS"": ""Compassionate""}"
even1260a-A13-26,"hərgit, ɟuldelet hɵbgi bəkəʨʨeːnni.",hər-git	ɟul-de-le-t	hɵbgi	bəkəʨ-ʨeːn-ni,bottom-ELAT	front-SIDE-LOC-PX.1PL	fog	all-DIM.DEF-PX.3SG,"From below, in front of us, everything is fog.'\footnote{When it is very cold (colder than -40°C/-45°C) fog develops in settlements through the heat from the houses as well as from the smoke from the fires and exhaust fumes. In this case, however, the patch of thin ice and open water into which they rode would have been warmer than the surrounding air, creating fog.",A13,26,even1260,even1260a,WORD_ALIGNED,"{""ELAT"": ""Elative"", ""LOC"": ""Locative"", ""PX"": ""Possessive suffix"", ""PL"": ""Plural"", ""DIM"": ""Diminutive "", ""DEF"": ""Definite"", ""SG"": ""Singular""}"
even1260a-A13-27,ɵmneken orolti iamigul ilʨal.,ɵm-neken	oro-l-ti	iami=gul	il-ʨa-l,one-ITER.ADV	reindeer(domestic)-PL-PX.1PL	why=INDEF	stand.up-NAR.PST-PL,Suddenly our reindeer stopped for some reason.,A13,27,even1260,even1260a,WORD_ALIGNED,"{""ITER"": ""Iterative (aspect)"", ""ADV"": ""Adverb"", ""PL"": ""Plural"", ""PX"": ""Possessive suffix"", ""INDEF"": ""Indefinite"", ""NAR"": ""Narrative"", ""PST"": ""Past""}"
even1260a-A13-28,biː ɟomkattam iami ilʨal gɵːniken.,biː	ɟomkat-ta-m	iami	il-ʨa-l	gɵːniken,1SG	think-NFUT-1SG	why	stand.up-NAR.PST-PL	say.QUOT,I thought ``Why did they stop?''.,A13,28,even1260,even1260a,WORD_ALIGNED,"{""SG"": ""Singular"", ""NFUT"": ""Non-future"", ""NAR"": ""Narrative"", ""PST"": ""Past"", ""PL"": ""Plural"", ""QUOT"": ""Quotative""}"
even1260a-A13-29,"taraŋu itteku, nɵːβu mɵːli girkaʨiddan!",tara-ŋ-u	it-tek-u	nɵː-βu	mɵː-li	girka-ʨi-d-da-n,DIST-POSS-PX.1SG	see-DS.COND-1SG	younger.sib-PX.1SG	water-PROL	walk-TAM2-PROG-NFUT-3SG,"Suddenly I see, my brother is walking in water!",A13,29,even1260,even1260a,WORD_ALIGNED,"{""DIST"": ""Distal demonstrative"", ""POSS"": ""Non-canonical possession"", ""PX"": ""Possessive suffix"", ""SG"": ""Singular"", ""DS"": ""Different-subject converb"", ""COND"": ""Conditional-Temporal (converb)"", ""PROL"": ""Prolative"", ""TAM"": ""Polysemous TAM marker"", ""PROG"": ""Progressive"", ""NFUT"": ""Non-future""}"
even1260a-A13-30,eʨin mɵːn əre əli.,eʨin	mɵː-n	əre	ə-li,PROX.QUAL	water-PX.3SG	DP	PROX-PROL,"Water like this, up to here.'\footnote{Here, Zoja Stepanova shows with her hands how the water is up to her brother's chest.",A13,30,even1260,even1260a,WORD_ALIGNED,"{""PROX"": ""Proximal (demonstrative)"", ""QUAL"": ""Qualitative"", ""PX"": ""Possessive suffix"", ""SG"": ""Singular"", ""DP"": ""Discourse particle"", ""PROL"": ""Prolative""}"
even1260a-A13-31,"tarit biː ŋeːlelliɟi uːr tutuŋeje ujeɟeki bulatalbi bəkəkkeːmetnen nukram eʨin, uleːrem.",tarit	biː	ŋeːle-l-liɟi	uːr	tutu-ŋeje	uje-ɟek-i	bulata-l-bi	bəkək-keː-me-tnen	nuk-ra-m	eʨin	uleː-re-m,then	1SG	be.afraid-INCH-SS.ANT.SG	previous	get.swollen.eyes-AUG.ADJR	tie.up-?PTCP-PRFL.SG	kerchief.R-PL-PRFL.SG	all-DIM-ACC-PX.3PL	take.off-NFUT-1SG	PROX.QUAL	throw-NFUT-1SG,Then I got a fright and took off all the scarves that I had tied (in front of my face) and that didn't let me see properly and threw them down.,A13,31,even1260,even1260a,WORD_ALIGNED,"{""SG"": ""Singular"", ""INCH"": ""Inchoative"", ""SS"": ""Same-subject converb"", ""ANT"": ""Anterior (converb)"", ""AUG"": ""Augmentative"", ""ADJR"": ""Adjectivizer"", ""PTCP"": ""Participle"", ""PRFL"": ""Reflexive possessive"", ""PL"": ""Plural"", ""DIM"": ""Diminutive "", ""ACC"": ""Accusative"", ""PX"": ""Possessive suffix"", ""NFUT"": ""Non-future"", ""PROX"": ""Proximal (demonstrative)"", ""QUAL"": ""Qualitative""}"
even1260a-A13-32,"Elena tartaki tohaŋʨa, əle bidden, bɵhkele ilaʨaddan, kuːninikan.",Elena	tar-taki	tohaŋ-ʨa	ə-le	bi-d-de-n	bɵhke-le	ila-ʨa-d-da-n	kuːni-nikan,PN	DIST-ALL	hop-NAR.PST	PROX-LOC	be-PROG-NFUT-3SG	ice-LOC	stand.up-TAM2-PROG-NFUT-3SG	to.scream-SS.SIM1,"Elena jumped over there, she is here, she is standing on the ice screaming.",A13,32,even1260,even1260a,WORD_ALIGNED,"{""PN"": ""Proper noun"", ""DIST"": ""Distal demonstrative"", ""ALL"": ""Allative"", ""NAR"": ""Narrative"", ""PST"": ""Past"", ""PROX"": ""Proximal (demonstrative)"", ""LOC"": ""Locative"", ""PROG"": ""Progressive"", ""NFUT"": ""Non-future"", ""SG"": ""Singular"", ""TAM"": ""Polysemous TAM marker"", ""SS"": ""Same-subject converb"", ""SIM"": ""Simultaneous (converb)""}"
even1260a-A13-33,iaβ kuːninaddan gɵːniken eʨin hɵbgiduk ajit ehni iʨur.,ia-β	kuːni-na-d-da-n	gɵːniken	eʨin	hɵbgi-duk	aji-t	e-h-ni	iʨ-u-r,what-ACC	to.scream-MULT-PROG-NFUT-3SG	say.QUOT	PROX.QUAL	fog-ABL	good-ADVR	NEG-NFUT-3SG	see-VAL-NEG.CVB,"{``}What is she screaming at?'' I thought, through the fog nothing is properly visible.",A13,33,even1260,even1260a,WORD_ALIGNED,"{""ACC"": ""Accusative"", ""MULT"": ""Multiplicative"", ""PROG"": ""Progressive"", ""NFUT"": ""Non-future"", ""SG"": ""Singular"", ""QUOT"": ""Quotative"", ""PROX"": ""Proximal (demonstrative)"", ""QUAL"": ""Qualitative"", ""ABL"": ""Ablative"", ""ADVR"": ""Adverbializer"", ""NEG"": ""Negative; by itself: Negative auxiliary"", ""VAL"": ""Valency-change"", ""CVB"": ""Converb""}"
even1260a-A13-34,"oo, biː ŋeːlellem, hoːʨ ŋeːlellem, ərə noŋan turkin eʨʨikekoːn lodkamdas melemeʨidni ɟiː, nɵːβu mɵːle girkaʨiddan.",oo	biː	ŋeːle-l-le-m	hoː-ʨ	ŋeːle-l-le-m	ərə	noŋan	turki-n	eʨʨi-ke-ken	lodka-mdas	melemeʨi-d-ni	ɟiː	nɵː-βu	mɵː-le	girka-ʨi-d-da-n,oh	1SG	be.afraid-INCH-NFUT-1SG	very-ADVR	be.afraid-INCH-NFUT-1SG	DP	3SG	sled-PX.3SG	PROX.QUAL-DIM-DIM	boat.R-SML(PRP)	to.rock-NFUT-3SG	AFF	younger.sib-PX.1SG	water-LOC	walk-TAM2-PROG-NFUT-3SG,"Oh, I got a fright, a big fright, here his sled is rocking in the water like this, like a boat, my brother is walking in water.'\footnote{Here Zoja Stepanova shows with her hands how the sled is rocking.",A13,34,even1260,even1260a,WORD_ALIGNED,"{""SG"": ""Singular"", ""INCH"": ""Inchoative"", ""NFUT"": ""Non-future"", ""ADVR"": ""Adverbializer"", ""DP"": ""Discourse particle"", ""PX"": ""Possessive suffix"", ""PROX"": ""Proximal (demonstrative)"", ""QUAL"": ""Qualitative"", ""DIM"": ""Diminutive "", ""SML"": ""Similative"", ""PRP"": ""Properties (Similative)"", ""AFF"": ""Affirmative"", ""LOC"": ""Locative"", ""TAM"": ""Polysemous TAM marker"", ""PROG"": ""Progressive""}"
even1260a-A13-35,"minu ŋaːttan, eːridni, emniː eʨin iaj bɵːtten, tijumi.",min-u	ŋaːt-ta-n	eːri-d-ni	em-ni	eʨin	ia-j	bɵː-t-te-n	tijum-i,1SG.OBL-ACC	call-NFUT-3SG	call-NFUT-3SG	come-IMP.SG	PROX.QUAL	FLR-PRFL.SG	give-TAM2-NFUT-3SG	staff-PRFL.SG,"He calls me, ``Come!!,'' and holds out his staff to me like this.",A13,35,even1260,even1260a,WORD_ALIGNED,"{""SG"": ""Singular"", ""OBL"": ""Oblique"", ""ACC"": ""Accusative"", ""NFUT"": ""Non-future"", ""IMP"": ""Imperative"", ""PROX"": ""Proximal (demonstrative)"", ""QUAL"": ""Qualitative"", ""FLR"": ""Filler"", ""PRFL"": ""Reflexive possessive"", ""TAM"": ""Polysemous TAM marker""}"
even1260a-A13-36,"biː emniɟi tijundukun gasʨiraku, tijunni bəkəʨən eʨin bakahri.",biː	em-niɟi	tijun-duku-n	ga-sʨi-rak-u	tijun-ni	bəkəʨə-n	eʨin	bakahri,1SG	come-SS.ANT.SG	staff-ABL-PX.3SG	take-CONAT-DS.COND-1SG	staff-PX.3SG	all-PX.3SG	PROX.QUAL	be.slippery.PRS.PTCP,"When I came and tried to take his staff, his staff was completely slippery.",A13,36,even1260,even1260a,WORD_ALIGNED,"{""SG"": ""Singular"", ""SS"": ""Same-subject converb"", ""ANT"": ""Anterior (converb)"", ""ABL"": ""Ablative"", ""PX"": ""Possessive suffix"", ""CONAT"": ""Conative"", ""DS"": ""Different-subject converb"", ""COND"": ""Conditional-Temporal (converb)"", ""PROX"": ""Proximal (demonstrative)"", ""QUAL"": ""Qualitative"", ""PRS"": ""Present"", ""PTCP"": ""Participle""}"
even1260a-A13-37,"oːnda taːŋʨiŋa turkurem, bəju mɵːle ɵŋɵnɵŋ tikrem.",oːn=da	taː-ŋʨi-ŋa	turku-re-m	bəj-u	mɵː-le	ɵŋɵnɵŋ	tik-re-m,how=ADD	pull-DUR-NMDL.CVB	be.unable-NFUT-1SG	self-PX.1SG	water-LOC	nearly	fall-NFUT-1SG,"I wasn't able to pull him out at all, I nearly fell into the water myself.",A13,37,even1260,even1260a,WORD_ALIGNED,"{""ADD"": ""Additive"", ""DUR"": ""Durative"", ""NMDL"": ""Negative modal (converb)"", ""CVB"": ""Converb"", ""NFUT"": ""Non-future"", ""SG"": ""Singular"", ""PX"": ""Possessive suffix"", ""LOC"": ""Locative""}"
even1260a-A13-38,"hərreː bugun oːli ʨahki gɵːnni ɟiː, minu hərri gɵːnʨelen, biː amahjakoːki eʨin mittam immajikaːn.",hər-ri	bugun	oː-li	ʨa-hki	gɵː-n-ni	ɟiː	min-u	hər-ri	gɵːn-ʨe-le-n	biː	amahjakoːki	eʨin	mit-ta-m	imma-ji-kaːn,go-IMP.SG	side	become-IMP.SG	far-ADVB.ALL	say-NFUT-3SG	AFF	1SG.OBL-ACC	go-IMP.SG	say-PST.PTCP-LOC-3SG	1SG	behind.ADVB.ALL<AUG.DYN>	PROX.QUAL	move.back-NFUT-1SG	fast-AUG-DIM,"{``}Go away! Go aside!!'' he said, right, when he said I should go back (lit. `when he said to me ``go back!''') I went straight back very fast.",A13,38,even1260,even1260a,WORD_ALIGNED,"{""IMP"": ""Imperative"", ""SG"": ""Singular"", ""ADVB"": ""Adverbial"", ""ALL"": ""Allative"", ""NFUT"": ""Non-future"", ""AFF"": ""Affirmative"", ""OBL"": ""Oblique"", ""ACC"": ""Accusative"", ""PST"": ""Past"", ""PTCP"": ""Participle"", ""LOC"": ""Locative"", ""AUG"": ""Augmentative"", ""DYN"": ""Dynamic"", ""PROX"": ""Proximal (demonstrative)"", ""QUAL"": ""Qualitative"", ""DIM"": ""Diminutive ""}"
even1260a-A13-39,hoːʨ ŋeːlelʨeleβ Elena tala kuːninikan irkanikan ilaʨaddan.,hoː-ʨ	ŋeːle-l-ʨe-le-β	Elena	ta-la	kuːni-nikan	irka-nikan	ila-ʨa-d-da-n,very-ADVR	be.afraid-INCH-PST.PTCP-LOC-1SG	PN	DIST-LOC	to.scream-SS.SIM1	to.scream-SS.SIM1	stand.up-TAM2-PROG-NFUT-3SG,"When I got a big fright, Elena stood there screaming.'\footnote{Note how Zoja Stepanova corrects the dialectal verb \textit{kuːni-} `scream' to the Standard Even form \textit{irka-}.",A13,39,even1260,even1260a,WORD_ALIGNED,"{""ADVR"": ""Adverbializer"", ""INCH"": ""Inchoative"", ""PST"": ""Past"", ""PTCP"": ""Participle"", ""LOC"": ""Locative"", ""SG"": ""Singular"", ""PN"": ""Proper noun"", ""DIST"": ""Distal demonstrative"", ""SS"": ""Same-subject converb"", ""SIM"": ""Simultaneous (converb)"", ""TAM"": ""Polysemous TAM marker"", ""PROG"": ""Progressive"", ""NFUT"": ""Non-future""}"
even1260a-A13-40,"tarit aran aran noŋan eʨin, ialdu turkilduli ianikan, kata oronni, aj oron bimi.",tarit	aran	aran	noŋan	eʨin	ia-l-du	turki-l-duli	ia-nikan	kata	oron-ni	aj	oron	bi-mi,then	barely	barely	3SG	PROX.QUAL	FLR-PL-DAT.ESS	sled-PL-PROL	FLR-SS.SIM1	thank.god.Y	reindeer(domestic)-PX.3SG	good	reindeer(domestic)	be-SS.COND,"Then he barely, barely did whatchamacallit (possibly: moved) along the sleds, because thank god his reindeer were good.'\footnote{Zoja Stepanova traces the path of her brother on the table at this point, but she does not make a gesture that would let me identify how her brother got out of the water.",A13,40,even1260,even1260a,WORD_ALIGNED,"{""SG"": ""Singular"", ""PROX"": ""Proximal (demonstrative)"", ""QUAL"": ""Qualitative"", ""FLR"": ""Filler"", ""PL"": ""Plural"", ""DAT"": ""Dative"", ""ESS"": ""Essive"", ""PROL"": ""Prolative"", ""SS"": ""Same-subject converb"", ""SIM"": ""Simultaneous (converb)"", ""PX"": ""Possessive suffix"", ""COND"": ""Conditional-Temporal (converb)""}"
even1260a-A13-41,keɲeli oron bimi tala meːkukniken Apoɲaβda tipkenʨe bimʨe.,keɲeli	oron	bi-mi	ta-la	meːkuk-niken	Apoɲa-β=da	ti-pken-ʨe	bi-mʨe,bad	reindeer(domestic)	be-SS.COND	DIST-LOC	thrash.around-SS.SIM1	PN-ACC=ADD	fall-CAUS-PST.PTCP	AUX-SBJV,If the reindeer had been bad it would have thrashed around and made Afanasij fall.,A13,41,even1260,even1260a,WORD_ALIGNED,"{""SS"": ""Same-subject converb"", ""COND"": ""Conditional-Temporal (converb)"", ""DIST"": ""Distal demonstrative"", ""LOC"": ""Locative"", ""SIM"": ""Simultaneous (converb)"", ""PN"": ""Proper noun"", ""ACC"": ""Accusative"", ""ADD"": ""Additive"", ""CAUS"": ""Causative"", ""PST"": ""Past"", ""PTCP"": ""Participle"", ""AUX"": ""Auxiliary"", ""SBJV"": ""Subjunctive""}"
even1260a-A13-42,oronni ilʨa.,oron-ni	il-ʨa,reindeer(domestic)-PX.3SG	stand.up-NAR.PST,His reindeer stood.,A13,42,even1260,even1260a,WORD_ALIGNED,"{""PX"": ""Possessive suffix"", ""SG"": ""Singular"", ""NAR"": ""Narrative"", ""PST"": ""Past""}"
even1260a-A13-43,bəjən haːʨa tartaki hərmi keɲeli gɵːniken.,bəjə-n	haː-ʨa	tar-taki	hər-mi	keɲeli	gɵːniken,self-PX.3SG	know-NAR.PST	DIST-ALL	go-SS.COND	bad	say.PTL,"It knew by itself that it would be bad to go there.'\footnote{Here, the \textsc{ss}.\textsc{sim}1 converb of the generic verb of speech, \textit{gɵːniken}, functions as a complementizer.",A13,43,even1260,even1260a,WORD_ALIGNED,"{""PX"": ""Possessive suffix"", ""SG"": ""Singular"", ""NAR"": ""Narrative"", ""PST"": ""Past"", ""DIST"": ""Distal demonstrative"", ""ALL"": ""Allative"", ""SS"": ""Same-subject converb"", ""COND"": ""Conditional-Temporal (converb)"", ""PTL"": ""Particle""}"
even1260a-A13-44,"tarbaʨan oron biβren, bəjɟi ərə mergeʨ oron.",tarbaʨan	oron	bi-βre-n	bəj-ɟi	ərə	mergeʨ	oron,DIST.QUAL	reindeer(domestic)	be-HAB-3SG	self-INS.PRFL.SG	DP	clever	reindeer(domestic),"There are reindeer like that, reindeer that are clever by themselves.",A13,44,even1260,even1260a,WORD_ALIGNED,"{""DIST"": ""Distal demonstrative"", ""QUAL"": ""Qualitative"", ""HAB"": ""Habitual"", ""SG"": ""Singular"", ""INS"": ""Instrumental"", ""PRFL"": ""Reflexive possessive"", ""DP"": ""Discourse particle""}"
even1260a-A13-45,keɲelitki əti hərre.,keɲeli-tki	ə-ti	hər-re,bad-ALL	NEG-PRS.PTCP	go-NEG.CVB,(Reindeer) which don't go towards bad (things).,A13,45,even1260,even1260a,WORD_ALIGNED,"{""ALL"": ""Allative"", ""NEG"": ""Negative; by itself: Negative auxiliary"", ""PRS"": ""Present"", ""PTCP"": ""Participle"", ""CVB"": ""Converb""}"
even1260a-A13-46,"teːmi, əli hirgalduli eʨin ianikan, ɟiŋ ɲɵːrep.",teːmi	ə-li	hirga-l-duli	eʨin	ia-nikan	ɟiŋ	ɲɵː-re-p,therefore	PROX-PROL	sled.Y-PL-PROL	PROX.QUAL	FLR-SS.SIM1	indeed.Y	to.exit-NFUT-1PL,"That is why, doing whatchamacallit along the sleds, we got out.'\footnote{She shows with her hands how they walk out along the sleds.",A13,46,even1260,even1260a,WORD_ALIGNED,"{""PROX"": ""Proximal (demonstrative)"", ""PROL"": ""Prolative"", ""PL"": ""Plural"", ""QUAL"": ""Qualitative"", ""FLR"": ""Filler"", ""SS"": ""Same-subject converb"", ""SIM"": ""Simultaneous (converb)"", ""NFUT"": ""Non-future""}"
even1260a-A13-47,"bəkətkenni iŋemʨe eʨin, tarit amahki muʨurap.",bəkət-ken-ni	iŋem-ʨe	eʨin	tarit	ama-hki	muʨu-ra-p,all-DIM-PX.3SG	freeze-NAR.PST	PROX.QUAL	then	behind-ADVB.ALL	return-NFUT-1PL,"Everything froze like this, then we returned back.",A13,47,even1260,even1260a,WORD_ALIGNED,"{""DIM"": ""Diminutive "", ""PX"": ""Possessive suffix"", ""SG"": ""Singular"", ""NAR"": ""Narrative"", ""PST"": ""Past"", ""PROX"": ""Proximal (demonstrative)"", ""QUAL"": ""Qualitative"", ""ADVB"": ""Adverbial"", ""ALL"": ""Allative"", ""NFUT"": ""Non-future"", ""PL"": ""Plural""}"
even1260a-A13-48,"amahki muʨunikan əliːr, emdeŋuːr hotaranduliːr əhəp hərre, eʨin amkanduli ojʨinikan.",ama-hki	muʨu-nikan	ə-liːr	em-deŋ-uːr	hotaran-duliːr	ə-hə-p	hər-re	eʨin	amkan-duli	ojʨi-nikan,behind-ADVB.ALL	return-SS.SIM1	PROX-PROL.PRFL.PL	come-REM.PTCP-PRFL.PL	road-PROL.PRFL.PL	NEG-NFUT-1PL	go-NEG.CVB	PROX.QUAL	mountain-PROL	ascend-SS.SIM1,"When we went back we didn't go by the road we had come by, we went over a hill like this.",A13,48,even1260,even1260a,WORD_ALIGNED,"{""ADVB"": ""Adverbial"", ""ALL"": ""Allative"", ""SS"": ""Same-subject converb"", ""SIM"": ""Simultaneous (converb)"", ""PROX"": ""Proximal (demonstrative)"", ""PROL"": ""Prolative"", ""PRFL"": ""Reflexive possessive"", ""PL"": ""Plural"", ""REM"": ""Remote"", ""PTCP"": ""Participle"", ""NEG"": ""Negative; by itself: Negative auxiliary"", ""NFUT"": ""Non-future"", ""CVB"": ""Converb"", ""QUAL"": ""Qualitative""}"
even1260a-A13-49,"tala amkandula ojʨirakat, Apoɲa kata, eʨin, bəkəʨʨenni ərəŋen iŋemdeŋen, ajikie, iʨʨikeken ojʨirakan əhni bakarkitta.",ta-la	amkan-dula	ojʨi-raka-t	Apoɲa	kata	eʨin	bəkəʨ-ʨen-ni	ərə-ŋe-n	iŋem-deŋe-n	aji-kie	iʨʨi-ke-ken	ojʨi-raka-n	ə-h-ni	bakarki-t-ta,DIST-LOC	mountain-LOC	ascend-DS.COND-1PL	PN	thank.god.Y	PROX.QUAL	all-DIM.DEF-PX.3SG	PROX-POSS-PX.3SG	freeze-REM.PTCP-3SG	good-INTS	PROX.QUAL-DIM-DIM	ascend-DS.COND-3SG	NEG-NFUT-3SG	slip-TAM2-NEG.CVB,"When we were climbing up that mountain, luckily everything that had frozen on Afanasij, very good, when he climbed up like this he didn't slip.",A13,49,even1260,even1260a,WORD_ALIGNED,"{""DIST"": ""Distal demonstrative"", ""LOC"": ""Locative"", ""DS"": ""Different-subject converb"", ""COND"": ""Conditional-Temporal (converb)"", ""PL"": ""Plural"", ""PN"": ""Proper noun"", ""PROX"": ""Proximal (demonstrative)"", ""QUAL"": ""Qualitative"", ""DIM"": ""Diminutive "", ""DEF"": ""Definite"", ""PX"": ""Possessive suffix"", ""SG"": ""Singular"", ""POSS"": ""Non-canonical possession"", ""REM"": ""Remote"", ""PTCP"": ""Participle"", ""INTS"": ""Intensive"", ""NEG"": ""Negative; by itself: Negative auxiliary"", ""NFUT"": ""Non-future"", ""TAM"": ""Polysemous TAM marker"", ""CVB"": ""Converb""}"
even1260a-A13-50,"tarit uːrihip palatkaʨandulaːr muʨurap, mut.",tarit	uːr-ihip	palatka-ʨan-dulaːr	muʨu-ra-p	mut,then	previous-ADJR(TIME)	tent.R-DIM.DEF-LOC.PRFL.PL	return-NFUT-1PL	1PL,Then we returned to that little tent of ours (that we had passed) previously.,A13,50,even1260,even1260a,WORD_ALIGNED,"{""ADJR"": ""Adjectivizer"", ""DIM"": ""Diminutive "", ""DEF"": ""Definite"", ""LOC"": ""Locative"", ""PRFL"": ""Reflexive possessive"", ""PL"": ""Plural"", ""NFUT"": ""Non-future""}"
even1260a-A13-51,"tala palatkala emessireket, golda iakta aʨʨa.",ta-la	palatka-la	eme-ssi-reke-t	gol=da	iak=ta	aʨʨa,DIST-LOC	tent.R-LOC	come-CONAT-DS.COND-1PL	log=ADD	what=ADD	NEG.EXIST,"When we arrived at the tent, there was no firewood, nothing!",A13,51,even1260,even1260a,WORD_ALIGNED,"{""DIST"": ""Distal demonstrative"", ""LOC"": ""Locative"", ""CONAT"": ""Conative"", ""DS"": ""Different-subject converb"", ""COND"": ""Conditional-Temporal (converb)"", ""PL"": ""Plural"", ""ADD"": ""Additive"", ""NEG"": ""Negative; by itself: Negative auxiliary"", ""EXIST"": ""Existential""}"
even1260a-A13-52,"tiːkerep bəj tarroʨin, ɟulep bəj- biːde ammu gɵːŋnerin- oːkta oːkta palatkaβ taʨin əhni emeːŋner.",tiːk-erep	bəj	tarroʨin	ɟul-ep	bəj	biː=de	amm-u	gɵː-ŋne-ri-n	oːk=ta	oːk=ta	palatka-β	taʨin	ə-h-ni	emeː-ŋne-r,now-ADJR(TIME)	person	DIST.QUAL	front-ADJR(TIME)	person	1SG=ADD	father-PX.1SG	say-HAB-PST-3SG	when=ADD	when=ADD	tent.R-ACC	DIST.QUAL	NEG-NFUT-3SG	leave-HAB-NEG.CVB,"Modern people are like that, (but) ``previous people'' -- my father used to say -- ``never, never leave a tent like that.''",A13,52,even1260,even1260a,WORD_ALIGNED,"{""ADJR"": ""Adjectivizer"", ""DIST"": ""Distal demonstrative"", ""QUAL"": ""Qualitative"", ""SG"": ""Singular"", ""ADD"": ""Additive"", ""PX"": ""Possessive suffix"", ""HAB"": ""Habitual"", ""PST"": ""Past"", ""ACC"": ""Accusative"", ""NEG"": ""Negative; by itself: Negative auxiliary"", ""NFUT"": ""Non-future"", ""CVB"": ""Converb""}"
even1260a-A13-53,"tala objazatelno ɟeblekekengu biɟin, golu eʨin itaβriɟur, ŋiːgul ərə həredniken haːtaralaβriɟigu iariɟigu bəj aːnŋaɟin gɵːniken, hɵntede bəju ɟomkatti bihitnen.",ta-la	objazatelno	ɟeb-le-keken=gu	bi-ɟi-n	gol-u	eʨin	itaβ-riɟur	ŋiː=gul	ərə	həre-d-niken	haːtara-la-β-riɟi=gu	ia-riɟi=gu	bəj	aːnŋa-ɟi-n	gɵːniken	hɵnte=de	bəj-u	ɟomkat-ti	bi-hi-tnen,DIST-LOC	without.fail.R	eat-NR-DIM.INDEF=DUB	be-FUT-3SG	log-ACC	PROX.QUAL	prepare-SS.ANT.PL	who=INDEF	DP	go-PROG-SS.SIM1	be.dark-INCH-ADVRS-SS.ANT.SG=DUB	GEN.EXT-SS.ANT.SG=DUB	person	spend.night-FUT-3SG	say.PTL	other=ADD	person-ACC	think-PRS.PTCP	AUX-PST-3PL,"There will always be a little bit of food, some prepared firewood, because somebody might get caught by darkness or something and stop for the night, they used to think about other people.'\footnote{Here, the \textsc{ss}.\textsc{sim}1 converb of the generic verb of speech, \textit{gɵːniken}, expresses a causal relation.",A13,53,even1260,even1260a,WORD_ALIGNED,"{""DIST"": ""Distal demonstrative"", ""LOC"": ""Locative"", ""NR"": ""Nominalizer"", ""DIM"": ""Diminutive "", ""INDEF"": ""Indefinite"", ""DUB"": ""Dubitative"", ""FUT"": ""Future"", ""SG"": ""Singular"", ""ACC"": ""Accusative"", ""PROX"": ""Proximal (demonstrative)"", ""QUAL"": ""Qualitative"", ""SS"": ""Same-subject converb"", ""ANT"": ""Anterior (converb)"", ""PL"": ""Plural"", ""DP"": ""Discourse particle"", ""PROG"": ""Progressive"", ""SIM"": ""Simultaneous (converb)"", ""INCH"": ""Inchoative"", ""ADVRS"": ""Adversative"", ""GEN"": ""Genitive"", ""EXT"": ""Extender"", ""PTL"": ""Particle"", ""ADD"": ""Additive"", ""PRS"": ""Present"", ""PTCP"": ""Participle"", ""AUX"": ""Auxiliary"", ""PST"": ""Past""}"
even1260a-A13-54,tiːkerep kuŋaldulat tarbaʨan aʨʨa.,tiːk-erep	kuŋa-l-dula-t	tarbaʨan	aʨʨa,now-ADJR(TIME)	child-PL-LOC-PX.1PL	DIST.QUAL	NEG.EXIST,Today's children don't have such (consideration).,A13,54,even1260,even1260a,WORD_ALIGNED,"{""ADJR"": ""Adjectivizer"", ""PL"": ""Plural"", ""LOC"": ""Locative"", ""PX"": ""Possessive suffix"", ""DIST"": ""Distal demonstrative"", ""QUAL"": ""Qualitative"", ""NEG"": ""Negative; by itself: Negative auxiliary"", ""EXIST"": ""Existential""}"
even1260a-A13-55,"biː ɟe golu dururem, togu dururem.",biː	ɟe	gol-u	dur-u-re-m	tog-u	dur-u-re-m,1SG	PTL.Y	log-ACC	burn[INTR]-VAL-NFUT-1SG	fire-ACC	burn[INTR]-VAL-NFUT-1SG,"Well I lit firewood, lit a fire.",A13,55,even1260,even1260a,WORD_ALIGNED,"{""SG"": ""Singular"", ""PTL"": ""Particle"", ""ACC"": ""Accusative"", ""INTR"": ""Intransitive"", ""VAL"": ""Valency-change"", ""NFUT"": ""Non-future""}"
even1260a-A13-56,Afoɲa tɵlle orolbi kaŋdunami ɲɵːdni.,Afoɲa	tɵl-le	oro-l-bi	kaŋdu-na-mi	ɲɵː-d-ni,PN	outside.space-LOC	reindeer(domestic)-PL-PRFL.SG	hobble-AM-SS.COND	to.exit-NFUT-3SG,Afanasij went outside to hobble his reindeer.'\footnote{The \textit{kaŋdun} is a big piece of wood that is tied to a reindeer's neck to prevent it from walking off too far.,A13,56,even1260,even1260a,WORD_ALIGNED,"{""PN"": ""Proper noun"", ""LOC"": ""Locative"", ""PL"": ""Plural"", ""PRFL"": ""Reflexive possessive"", ""SG"": ""Singular"", ""AM"": ""Associated Motion"", ""SS"": ""Same-subject converb"", ""COND"": ""Conditional-Temporal (converb)"", ""NFUT"": ""Non-future""}"
even1260a-A13-57,Elena ŋaːlan butenniken desʨin.,Elena	ŋaːla-n	buten-niken	desʨi-n,PN	hand-PX.3SG	be.ill-SS.SIM1	lie-3SG,"Elena's hand hurt (lit. `being ill'), (she) was lying.'\footnote{She shows how Elena's hand is big and swollen and wrapped with bandages, so she would probably have had to lie down.",A13,57,even1260,even1260a,WORD_ALIGNED,"{""PN"": ""Proper noun"", ""PX"": ""Possessive suffix"", ""SG"": ""Singular"", ""SS"": ""Same-subject converb"", ""SIM"": ""Simultaneous (converb)""}"
even1260a-A13-58,"biː togu dururiɟi iariɟi, ɟe ɟeptep iaβ, iak bihin, konserva, olda konserva.",biː	tog-u	dur-u-riɟi	ia-riɟi	ɟe	ɟep-te-p	ia-β	iak	bi-hi-n	konserva	olda	konserva,1SG	fire-ACC	burn[INTR]-VAL-SS.ANT.SG	GEN.EXT-SS.ANT.SG	PTL.Y	eat-NFUT-1PL	FLR-ACC	what	be-PST-3SG	can.R	fish	can.R,"I lit a fire etc, and we ate whatchamacallit, well what was there, canned fish.",A13,58,even1260,even1260a,WORD_ALIGNED,"{""SG"": ""Singular"", ""ACC"": ""Accusative"", ""INTR"": ""Intransitive"", ""VAL"": ""Valency-change"", ""SS"": ""Same-subject converb"", ""ANT"": ""Anterior (converb)"", ""GEN"": ""Genitive"", ""EXT"": ""Extender"", ""PTL"": ""Particle"", ""NFUT"": ""Non-future"", ""PL"": ""Plural"", ""FLR"": ""Filler"", ""PST"": ""Past""}"
even1260a-A13-59,"taraβ ɟeptiɟur huklehne, biː dolbaniβ koŋdas əniken huklere, ərə togu durutniken.",tara-β	ɟep-tiɟur	hukle-h-ne	biː	dolbani-β	koŋdas	ə-niken	hukle-re	ərə	tog-u	dur-u-t-niken,DIST-ACC	eat-SS.ANT.PL	sleep-TAM1-NFUT	1SG	night-ACC	through	NEG-SS.SIM1	sleep-NEG.CVB	DP	fire-ACC	burn[INTR]-VAL-TAM2-SS.SIM1,"Having eaten that they went to sleep, I kept the fire going without sleeping all night.",A13,59,even1260,even1260a,WORD_ALIGNED,"{""DIST"": ""Distal demonstrative"", ""ACC"": ""Accusative"", ""SS"": ""Same-subject converb"", ""ANT"": ""Anterior (converb)"", ""PL"": ""Plural"", ""TAM"": ""Polysemous TAM marker"", ""NFUT"": ""Non-future"", ""SG"": ""Singular"", ""NEG"": ""Negative; by itself: Negative auxiliary"", ""SIM"": ""Simultaneous (converb)"", ""CVB"": ""Converb"", ""DP"": ""Discourse particle"", ""INTR"": ""Intransitive"", ""VAL"": ""Valency-change""}"
even1260a-A13-60,"nɵːβu iadan gɵːmi hətʨe bihin, teːmi deremkeden noŋan həttiɟi ənillekengu iarakangu, mut bəj ətep oːr gɵːniken, taraβ mergetmi əhem huklehne.",nɵː-βu	ia-da-n	gɵːmi	hət-ʨe	bi-hi-n	teːmi	deremke-de-n	noŋan	hət-tiɟi	əni-l-leke-n=gu	ia-raka-n=gu	mut	bəj	ə-te-p	oː-r	gɵːniken	tara-β	merget-mi	ə-he-m	hukle-h-ne,younger.sib-PX.1SG	FLR-VS.PURP-3SG	say.PTL	be.exhausted-PST.PTCP	AUX-PST-3SG	therefore	to.rest-VS.PURP-3SG	3SG	be.exhausted-SS.ANT.SG	be.ill-INCH-DS.COND-3SG=DUB	GEN.EXT-DS.COND-3SG=DUB	1PL	person	NEG-FUT-1PL	become-NEG.CVB	say.PTL	DIST-ACC	worry-SS.COND	NEG-NFUT-1SG	sleep-TAM1-NEG.CVB,"So that my brother could do whatchamacallit, he was exhausted, therefore so that he could rest, if he fell ill or whatever, being so exhausted, we might die (lit. `we will not become people'), thinking of that I didn't sleep.",A13,60,even1260,even1260a,WORD_ALIGNED,"{""PX"": ""Possessive suffix"", ""SG"": ""Singular"", ""FLR"": ""Filler"", ""VS"": ""Variable-subject converb"", ""PURP"": ""Purposive"", ""PTL"": ""Particle"", ""PST"": ""Past"", ""PTCP"": ""Participle"", ""AUX"": ""Auxiliary"", ""SS"": ""Same-subject converb"", ""ANT"": ""Anterior (converb)"", ""INCH"": ""Inchoative"", ""DS"": ""Different-subject converb"", ""COND"": ""Conditional-Temporal (converb)"", ""DUB"": ""Dubitative"", ""GEN"": ""Genitive"", ""EXT"": ""Extender"", ""PL"": ""Plural"", ""NEG"": ""Negative; by itself: Negative auxiliary"", ""FUT"": ""Future"", ""CVB"": ""Converb"", ""DIST"": ""Distal demonstrative"", ""ACC"": ""Accusative"", ""NFUT"": ""Non-future"", ""TAM"": ""Polysemous TAM marker""}"
even1260a-A13-61,ɟe baʨikar neːrilʨelen ɟe hərəhnep.,ɟe	baʨikar	neːri-l-ʨe-le-n	ɟe	hərə-h-ne-p,PTL.Y	morning	become.bright-INCH-PST.PTCP-LOC-3SG	PTL.Y	go-TAM1-NFUT-1PL,Well in the morning when it became bright we left.,A13,61,even1260,even1260a,WORD_ALIGNED,"{""PTL"": ""Particle"", ""INCH"": ""Inchoative"", ""PST"": ""Past"", ""PTCP"": ""Participle"", ""LOC"": ""Locative"", ""SG"": ""Singular"", ""TAM"": ""Polysemous TAM marker"", ""NFUT"": ""Non-future"", ""PL"": ""Plural""}"
even1260a-A13-62,"tali tar mɵːli əhep hərre, ɵgide eʨin, ɵgideli hərəddep.",ta-li	tar	mɵː-li	ə-he-p	hər-re	ɵgi-de	eʨin	ɵgi-de-li	hərə-d-de-p,DIST-PROL	DIST	water-PROL	NEG-NFUT-1PL	go-NEG.CVB	top-SIDE	PROX.QUAL	top-SIDE-PROL	go-PROG-NFUT-1PL,"We didn't go along the river, we went along the top.",A13,62,even1260,even1260a,WORD_ALIGNED,"{""DIST"": ""Distal demonstrative"", ""PROL"": ""Prolative"", ""NEG"": ""Negative; by itself: Negative auxiliary"", ""NFUT"": ""Non-future"", ""PL"": ""Plural"", ""CVB"": ""Converb"", ""PROX"": ""Proximal (demonstrative)"", ""QUAL"": ""Qualitative"", ""PROG"": ""Progressive""}"
even1260a-A13-63,ɵgile hoː keɲeli hoːtaran.,ɵgi-le	hoː	keɲeli	hoːtaran,top-LOC	very	bad	road,On top the road is very bad.,A13,63,even1260,even1260a,WORD_ALIGNED,"{""LOC"": ""Locative""}"
even1260a-A13-64,"tarit ɵmneken tar hergehki tikeddeket ɲan orolti oːngul iaʨalatnan, biː nɵːji bulliɟi noŋantikijaːkin hərriɟi noŋandun tɵdeʨissimi bəlessimi iak turki herdelin, ʨuːnam!",tarit	ɵm-neken	tar	herge-hki	tike-d-deke-t	ɲan	oro-l-ti	oːn=gul	ia-ʨa-la-tnan	biː	nɵː-ji	bul-liɟi	noŋan-tiki=jaːkin	hər-riɟi	noŋandun	tɵde-ʨi-ssi-mi	bəle-ssi-mi	iak	turki	her-de-li-n	ʨuː-na-m,then	one-ITER.ADV	DP	bottom-ADVB.ALL	fall-PROG-DS.COND-1PL	and	reindeer(domestic)-PL-PX.1PL	how=INDEF	FLR-PST.PTCP-LOC-3PL	1SG	younger.sib-PRFL.SG	to.pity-SS.ANT.SG	3SG-ALL=AUG.DYN	go-SS.ANT.SG	3SG.DAT	help-TAM2-CONAT-SS.COND	help-CONAT-SS.COND	FLR	sled	bottom-SIDE-PROL-PX.3SG	disappear-NFUT-1SG,"Once when we were going down, when our reindeer did whatchamacallit somehow, I pitied my brother and went straight to him, trying to help him I disappeared (e.g. fell, slipped) under the sled!'\footnote{Here Zoja Stepanova again corrected a dialectal form (\textit{tɵːdi-} `help') to a Standard Even form (\textit{bəl-}).",A13,64,even1260,even1260a,WORD_ALIGNED,"{""ITER"": ""Iterative (aspect)"", ""ADV"": ""Adverb"", ""DP"": ""Discourse particle"", ""ADVB"": ""Adverbial"", ""ALL"": ""Allative"", ""PROG"": ""Progressive"", ""DS"": ""Different-subject converb"", ""COND"": ""Conditional-Temporal (converb)"", ""PL"": ""Plural"", ""PX"": ""Possessive suffix"", ""INDEF"": ""Indefinite"", ""FLR"": ""Filler"", ""PST"": ""Past"", ""PTCP"": ""Participle"", ""LOC"": ""Locative"", ""SG"": ""Singular"", ""PRFL"": ""Reflexive possessive"", ""SS"": ""Same-subject converb"", ""ANT"": ""Anterior (converb)"", ""AUG"": ""Augmentative"", ""DYN"": ""Dynamic"", ""DAT"": ""Dative"", ""TAM"": ""Polysemous TAM marker"", ""CONAT"": ""Conative"", ""PROL"": ""Prolative"", ""NFUT"": ""Non-future""}"
even1260a-A13-65,"Afanasija ``hərreː bugun oːli hərri, bəlɟiŋeduk hiː iak bihenni, uruɲa hərri'' gɵːnni ɟiː.",afanasija	hər-ri	bugun	oː-li	hər-ri	bəl-ɟiŋe-duk	hiː	iak	bi-he-nni	uruɲa	hər-ri	gɵː-n-ni	ɟiː,PN	go-IMP.SG	side	become-IMP.SG	go-IMP.SG	help-HYP.PTCP-ABL	2SG	what	be-NFUT-2SG	quiet	go-IMP.SG	say-NFUT-3SG	AFF,"Afanasij ``Leave!! Go away! Rather than help you are whatchamacallit, go away!'' he said, right.",A13,65,even1260,even1260a,WORD_ALIGNED,"{""PN"": ""Proper noun"", ""IMP"": ""Imperative"", ""SG"": ""Singular"", ""HYP"": ""Hypothetical"", ""PTCP"": ""Participle"", ""ABL"": ""Ablative"", ""NFUT"": ""Non-future"", ""AFF"": ""Affirmative""}"
even1260a-A13-66,ɟe biː ɲan amahkijakaːki hərrem.,ɟe	biː	ɲan	ama-hki-jakaː--ki	hər-re-m,PTL.Y	1SG	and	behind-ADVB.ALL-AUG.DYN-ADVB.ALL	go-NFUT-1SG,And again I went straight back.,A13,66,even1260,even1260a,WORD_ALIGNED,"{""PTL"": ""Particle"", ""SG"": ""Singular"", ""ADVB"": ""Adverbial"", ""ALL"": ""Allative"", ""AUG"": ""Augmentative"", ""DYN"": ""Dynamic"", ""NFUT"": ""Non-future""}"
even1260a-A13-67,"ɟe taʨin, taʨin hərehnit.",ɟe	taʨin	taʨin	həre-h-ni-t,PTL.Y	DIST.QUAL	DIST.QUAL	go-TAM1-PST-1PL,"Well, we went like that.",A13,67,even1260,even1260a,WORD_ALIGNED,"{""PTL"": ""Particle"", ""DIST"": ""Distal demonstrative"", ""QUAL"": ""Qualitative"", ""TAM"": ""Polysemous TAM marker"", ""PST"": ""Past"", ""PL"": ""Plural""}"
even1260a-A13-68,"hərroːp ajakie iaka, ineŋ.",hər-rə-p	aja-kie	iaka	ineŋ,go-NFUT-1PL	good-INTS	FLR	day,"We go, a very good day.",A13,68,even1260,even1260a,WORD_ALIGNED,"{""NFUT"": ""Non-future"", ""PL"": ""Plural"", ""INTS"": ""Intensive"", ""FLR"": ""Filler""}"
even1260a-A13-69,"kɵlluːkken ɲɵltikken bihni, tali həreɟeːnnep aji.",kɵlluː-kken	ɲɵlti-kken	bi-h-ni	ta-li	həre-ɟ-eːn-ne-p	aji,small-DIM.INDEF	sun-DIM.INDEF	be-NFUT-3SG	DIST-PROL	go-PROG-CMPS-NFUT-1PL	good,"There is a little sun (i.e. a little bit of sunshine), through that we go, good.",A13,69,even1260,even1260a,WORD_ALIGNED,"{""DIM"": ""Diminutive "", ""INDEF"": ""Indefinite"", ""NFUT"": ""Non-future"", ""SG"": ""Singular"", ""DIST"": ""Distal demonstrative"", ""PROL"": ""Prolative"", ""PROG"": ""Progressive"", ""CMPS"": ""Compassionate"", ""PL"": ""Plural""}"
even1260a-A13-70,"ərtiki hərmi ɟapki stada bihni, ərtiki mian ɵmni stada.",ər-tiki	hər-mi	ɟapk-i	stado	bi-h-ni	ər-tiki	mian	ɵmn-i	stado,PROX-ALL	go-SS.COND	eight-ORD	herd.R	be-NFUT-3SG	PROX-ALL	ten	one-ORD	herd.R,"If you go here it is the eighth reindeer brigade, over here the eleventh brigade.'\footnote{The territories of the eighth and eleventh reindeer brigades were adjacent.",A13,70,even1260,even1260a,WORD_ALIGNED,"{""PROX"": ""Proximal (demonstrative)"", ""ALL"": ""Allative"", ""SS"": ""Same-subject converb"", ""COND"": ""Conditional-Temporal (converb)"", ""ORD"": ""Ordinal"", ""NFUT"": ""Non-future"", ""SG"": ""Singular""}"
even1260a-A13-71,tala ammu tar digen anŋanilkan hurkeʨenɲun ɟɵːriɟurɲun biɟeːnne.,ta-la	amm-u	tar	digen	anŋani-lkan	hurke-ʨen-ɲun	ɟɵː-ri-ɟur=ɲun	bi-ɟ-eːn-ne,DIST-LOC	father-PX.1SG	DIST	four	year-PROP	boy-DIM.DEF-COM(GNRL)	two-COLL-INS.PRFL.PL=RESTR	be-PROG-CMPS-NFUT,"There my father is all alone with the little four-year-old boy.'\footnote{Her father was in the eleventh brigade, but not by himself: although he was alone in the tent with the little boy when they arrived, Zoja Stepanova's older brother was in the brigade with him.",A13,71,even1260,even1260a,WORD_ALIGNED,"{""DIST"": ""Distal demonstrative"", ""LOC"": ""Locative"", ""PX"": ""Possessive suffix"", ""SG"": ""Singular"", ""PROP"": ""Proprietive"", ""DIM"": ""Diminutive "", ""DEF"": ""Definite"", ""COM"": ""Comitative"", ""GNRL"": ""General (comitative)"", ""COLL"": ""Collective"", ""INS"": ""Instrumental"", ""PRFL"": ""Reflexive possessive"", ""PL"": ""Plural"", ""RESTR"": ""Restrictive"", ""PROG"": ""Progressive"", ""CMPS"": ""Compassionate"", ""NFUT"": ""Non-future""}"
even1260a-A13-72,"apkiːt biʨe tara, həreɟeːnnep ajikie, tikeddep eʨiken toːla apkit, eʨin iʨudni, balatkakkan ɟe eʨiken, haːninʨanni.",apkiːt	bi-ʨe	tara	həre-ɟ-eːn-ne-p	aji-kie	tike-d-de-p	eʨi-ken	ta-la	apkit	eʨin	iʨ-u-d-ni	balatka-kkan	ɟe	eʨi-ken	haːnin-ʨan-ni,ravine	be-NAR.PST	DP	go-PROG-CMPS-NFUT-1PL	good-INTS	fall-PROG-NFUT-1PL	PROX.QUAL-DIM	DIST-LOC	ravine	PROX.QUAL	see-VAL-NFUT-3SG	tent.R-DIM.INDEF	PTL.Y	PROX.QUAL-DIM	smoke-DIM.DEF-PX.3SG,"There is a ravine there, we go (poor us), it is very good, we go down like this, there a ravine can be seen like this, a small tent like this, a bit of smoke.",A13,72,even1260,even1260a,WORD_ALIGNED,"{""NAR"": ""Narrative"", ""PST"": ""Past"", ""DP"": ""Discourse particle"", ""PROG"": ""Progressive"", ""CMPS"": ""Compassionate"", ""NFUT"": ""Non-future"", ""PL"": ""Plural"", ""INTS"": ""Intensive"", ""PROX"": ""Proximal (demonstrative)"", ""QUAL"": ""Qualitative"", ""DIM"": ""Diminutive "", ""DIST"": ""Distal demonstrative"", ""LOC"": ""Locative"", ""VAL"": ""Valency-change"", ""SG"": ""Singular"", ""INDEF"": ""Indefinite"", ""PTL"": ""Particle"", ""DEF"": ""Definite"", ""PX"": ""Possessive suffix""}"
even1260a-A13-73,"trubaduk haːninkakan, eʨin tikepti, egɟoːn tikepti bihni, taduk hergili itteket, ɵmen kuŋakkan ɲɵːdni, kɵlluːkken kuŋakkan.",truba-duk	haːnin-kakan	eʨin	tike-pti	egɟoːn	tike-pti	bi-h-ni	ta-duk	hergi-li	it-teke-t	ɵmen	kuŋa-kkan	ɲɵː-d-ni	kɵlluː-kken	kuŋa-kkan,pipe.R-ABL	smoke-DIM.INDEF	PROX.QUAL	fall-IMPERS	big	fall-IMPERS	be-NFUT-3SG	DIST-ABL	bottom-PROL	see-DS.COND-1PL	one	child-DIM.INDEF	to.exit-NFUT-3SG	small-DIM.INDEF	child-DIM.INDEF,"Out of the pipe (chimney) a bit of smoke, there is a big slope (descent), when we looked down from there a small child came out, a very small little child.",A13,73,even1260,even1260a,WORD_ALIGNED,"{""ABL"": ""Ablative"", ""DIM"": ""Diminutive "", ""INDEF"": ""Indefinite"", ""PROX"": ""Proximal (demonstrative)"", ""QUAL"": ""Qualitative"", ""IMPERS"": ""Impersonal"", ""NFUT"": ""Non-future"", ""SG"": ""Singular"", ""DIST"": ""Distal demonstrative"", ""PROL"": ""Prolative"", ""DS"": ""Different-subject converb"", ""COND"": ""Conditional-Temporal (converb)"", ""PL"": ""Plural""}"
even1260a-A13-74,"kɵjeːtten mutu, əli iʨudni, iaβgul irkadni, irkaʨalan amardadukun ammu ɲɵːjeːtten.",kɵjeːt-te-n	mut-u	ə-li	iʨ-u-d-ni	ia-β=gul	irka-d-ni	irka-ʨa-la-n	amar-da-duku-n	amm-u	ɲɵː-jeːt-te-n,look.at-NFUT-3SG	1PL-ACC	PROX-PROL	see-VAL-NFUT-3SG	what-ACC=INDEF	to.scream-NFUT-3SG	to.scream-PST.PTCP-LOC-3SG	behind-SIDE-ABL-PX.3SG	father-PX.1SG	to.exit-CMPS-NFUT-3SG,"(The child) looked at us, it was visible here, then it shouted something, when it shouted from behind him my father came out.",A13,74,even1260,even1260a,WORD_ALIGNED,"{""NFUT"": ""Non-future"", ""SG"": ""Singular"", ""PL"": ""Plural"", ""ACC"": ""Accusative"", ""PROX"": ""Proximal (demonstrative)"", ""PROL"": ""Prolative"", ""VAL"": ""Valency-change"", ""INDEF"": ""Indefinite"", ""PST"": ""Past"", ""PTCP"": ""Participle"", ""LOC"": ""Locative"", ""ABL"": ""Ablative"", ""PX"": ""Possessive suffix"", ""CMPS"": ""Compassionate""}"
even1260a-A13-75,"guɟeːjekiet, tar iahallaβ iʨudni, haːβdi etikeːn, etikeːn ɲan tar kuŋaʨan.",guɟeːje-kie-t	tar	iahal-la-β	iʨ-u-d-ni	haːβdi	etikeːn	etikeːn	ɲan	tar	kuŋa-ʨan,endearing-INTS-ADVR	DIST	eyes-LOC-PX.1SG	see-VAL-NFUT-3SG	old	old.man	old.man	and	DIST	child-DIM.DEF,"Very sweet, I still see that before me, the old old man and that little child.",A13,75,even1260,even1260a,WORD_ALIGNED,"{""INTS"": ""Intensive"", ""ADVR"": ""Adverbializer"", ""DIST"": ""Distal demonstrative"", ""LOC"": ""Locative"", ""PX"": ""Possessive suffix"", ""SG"": ""Singular"", ""VAL"": ""Valency-change"", ""NFUT"": ""Non-future"", ""DIM"": ""Diminutive "", ""DEF"": ""Definite""}"
even1260a-A13-76,biː hoːʨ ɵrelderem.,biː	hoː-ʨ	ɵrelde-re-m,1SG	very-ADVR	be.happy-NFUT-1SG,I was very happy.,A13,76,even1260,even1260a,WORD_ALIGNED,"{""SG"": ""Singular"", ""ADVR"": ""Adverbializer"", ""NFUT"": ""Non-future""}"
even1260a-A13-77,tara.,tara,DP,That's it.,A13,77,even1260,even1260a,WORD_ALIGNED,"{""DP"": ""Discourse particle""}"
even1260a-A14-1,muttule erbeʨen iak bihni.,mut-tule	erbeʨen	iak	bi-h-ni,1PL-LOC	PROX.QUAL	FLR	be-NFUT-3SG,We have such a whatchamacallit (tradition).,A14,1,even1260,even1260a,WORD_ALIGNED,"{""PL"": ""Plural"", ""LOC"": ""Locative"", ""PROX"": ""Proximal (demonstrative)"", ""QUAL"": ""Qualitative"", ""FLR"": ""Filler"", ""NFUT"": ""Non-future"", ""SG"": ""Singular""}"
even1260a-A14-2,"oɟapti tɵŋkepti, haːβdi bəju hoː tɵŋkepti.",oɟa-pti	tɵŋke-pti	haːβdi	bəj-u	hoː	tɵŋke-pti,care.for-IMPERS	respect-IMPERS	old	person-ACC	very	respect-IMPERS,"Caring for, respecting, respecting old people very much.",A14,2,even1260,even1260a,WORD_ALIGNED,"{""IMPERS"": ""Impersonal"", ""ACC"": ""Accusative""}"
even1260a-A14-3,"teːmi hiː aj bujusimŋe oːdaji, nonap maːdaŋi objazatelno haːβdi bəjdu bɵːnnes.",teːmi	hiː	aj	bujusi-mŋe	oː-da-ji	nonap	maː-daŋ-i	objazatelno	haːβdi	bəj-du	bɵː-nne-s,therefore	2SG	good	to.hunt-AGNR	become-VS.PURP-PRFL.SG	the.first	kill-REM.PTCP-PRFL.SG	without.fail.R	old	person-DAT.ESS	give-NEC-2SG,"Therefore, in order for you to become a good hunter, you absolutely have to give your first kill to an old person.",A14,3,even1260,even1260a,WORD_ALIGNED,"{""SG"": ""Singular"", ""AGNR"": ""Agent nominalizer"", ""VS"": ""Variable-subject converb"", ""PURP"": ""Purposive"", ""PRFL"": ""Reflexive possessive"", ""REM"": ""Remote"", ""PTCP"": ""Participle"", ""DAT"": ""Dative"", ""ESS"": ""Essive"", ""NEC"": ""Necessitive""}"
even1260a-A14-4,"ɲimaːdu gərbən tarak, ɲimaːdannas.",ɲimaːdu	gərbə-n	tarak	ɲimaːda-nna-s,share.hunting.spoils	name-PX.3SG	DIST	share.hunting.spoils-NEC-2SG,"That is called \textit{nimat}, you have to share the hunting spoils.'\footnote{The term \textit{ɲimat} actually refers to the general sharing of hunting spoils with neighbours, see \sectref{sec:huntingfishing}. The first word should be the bare noun, \textit{ɲimat}, and not the verb - which is probably a slip of the tongue.",A14,4,even1260,even1260a,WORD_ALIGNED,"{""PX"": ""Possessive suffix"", ""SG"": ""Singular"", ""DIST"": ""Distal demonstrative"", ""NEC"": ""Necessitive""}"
even1260a-A14-5,"ələ mut upeː gɵːniken hoː herβiŋteri muttu, noŋɲuntan nulgeβeːttit.",ə-lə	mut	upeː	gɵːniken	hoː	herβiŋte-ri	mut-tu	noŋɲuntan	nulge-βeːt-ti-t,PROX-LOC	1PL	grandmother	say.PTL	very	respect.deeply-PRS.PTCP	1PL-DAT.ESS	3PL.COM	migrate-ITER-PST-1PL,"Here there was our granny, very much respected by us, we always migrated with them.",A14,5,even1260,even1260a,WORD_ALIGNED,"{""PROX"": ""Proximal (demonstrative)"", ""LOC"": ""Locative"", ""PL"": ""Plural"", ""PTL"": ""Particle"", ""PRS"": ""Present"", ""PTCP"": ""Participle"", ""DAT"": ""Dative"", ""ESS"": ""Essive"", ""COM"": ""Comitative"", ""ITER"": ""Iterative (aspect)"", ""PST"": ""Past""}"
even1260a-A14-6,"ɲimeːrel bihidnen tarak muttu ɲan ɟaːlti bihidnen, tar Kejmetinoval gərbən, Krivošapkina Ekaterina Dmitrievna gərbən.",ɲimeːre-l	bi-hi-dnen	tarak	mut-tu	ɲan	ɟaːl-ti	bi-hi-dnen	tar	Kejmetinova-l	gərbə-n	Krivošapkina	Ekaterina	Dmitrievna	gərbə-n,neighbour-PL	be-PST-3PL	DIST	1PL-DAT.ESS	and	family-PX.1PL	be-PST-3PL	DIST	PN-PL	name-PX.3SG	PN	PN	PN	name-PX.3SG,"They were our neighbours and also our relatives, those Kejmetinovs, her name was Ekaterina Dmitrievna Krivošapkina.",A14,6,even1260,even1260a,WORD_ALIGNED,"{""PL"": ""Plural"", ""PST"": ""Past"", ""DIST"": ""Distal demonstrative"", ""DAT"": ""Dative"", ""ESS"": ""Essive"", ""PX"": ""Possessive suffix"", ""PN"": ""Proper noun"", ""SG"": ""Singular""}"
even1260a-A14-7,noŋman mut upeː gɵːniken gərbəkkerrit.,noŋman	mut	upeː	gɵːniken	gərbə-k-ker-ri-t,3SG.ACC	1PL	grandmother	say.PTL	give.name-TAM2-HAB-PST-1PL,We called her granny.,A14,7,even1260,even1260a,WORD_ALIGNED,"{""SG"": ""Singular"", ""ACC"": ""Accusative"", ""PL"": ""Plural"", ""PTL"": ""Particle"", ""TAM"": ""Polysemous TAM marker"", ""HAB"": ""Habitual"", ""PST"": ""Past""}"
even1260a-A14-8,"gərbəβən əti haːr bihit, mut.",gərbə-βə-n	ə-ti	haː-r	bi-hi-t	mut,name-ACC-PX.3SG	NEG-PRS.PTCP	know-NEG.CVB	AUX-PST-1PL	1PL,We didn't know her name.,A14,8,even1260,even1260a,WORD_ALIGNED,"{""ACC"": ""Accusative"", ""PX"": ""Possessive suffix"", ""SG"": ""Singular"", ""NEG"": ""Negative; by itself: Negative auxiliary"", ""PRS"": ""Present"", ""PTCP"": ""Participle"", ""CVB"": ""Converb"", ""AUX"": ""Auxiliary"", ""PST"": ""Past"", ""PL"": ""Plural""}"
even1260a-A14-9,ələkəs egɟelberiɟur haːllit noŋan gərbəβən.,ələkəs	egɟe-lbe-riɟur	haː-l-li-t	noŋan	gərbə-βə-n,at.first	big-VR-SS.ANT.PL	know-INCH-PST-1PL	3SG	name-ACC-PX.3SG,Only when we had grown up did we learn her name.,A14,9,even1260,even1260a,WORD_ALIGNED,"{""VR"": ""Verbalizer"", ""SS"": ""Same-subject converb"", ""ANT"": ""Anterior (converb)"", ""PL"": ""Plural"", ""INCH"": ""Inchoative"", ""PST"": ""Past"", ""SG"": ""Singular"", ""ACC"": ""Accusative"", ""PX"": ""Possessive suffix""}"
even1260a-A14-10,"muttule əbəheldule bəjəlbu, haːβdi bəjəlbu gərbəɟitnen əsten gərbukkərer.",mut-tule	əbə-hel-dule	bəjə-l-bu	haːβdi	bəjə-l-bu	gərbə-ɟi-tnen	ə-s-ten	gərbu-k-kəre-r,1PL-LOC	Even-PL-LOC	person-PL-ACC	old	person-PL-ACC	name-INS-PX.3PL	NEG-NFUT-3PL	call-TAM2-HAB-NEG.CVB,"Amongst us, amongst Evens, one does not call old people by their name.",A14,10,even1260,even1260a,WORD_ALIGNED,"{""PL"": ""Plural"", ""LOC"": ""Locative"", ""ACC"": ""Accusative"", ""INS"": ""Instrumental"", ""PX"": ""Possessive suffix"", ""NEG"": ""Negative; by itself: Negative auxiliary"", ""NFUT"": ""Non-future"", ""TAM"": ""Polysemous TAM marker"", ""HAB"": ""Habitual"", ""CVB"": ""Converb""}"
even1260a-A14-11,"upeː gɵːnɟir, abagaː gɵːnɟir, akiː gɵːnɟir, akaː gɵːnɟir, əkeː gɵːnɟir.",upeː	gɵːn-ɟi-r	abagaː	gɵːn-ɟi-r	akiː	gɵːn-ɟi-r	akaː	gɵːn-ɟi-r	əkeː	gɵːn-ɟi-r,grandmother[VOC]	say-FUT-3PL	grandfather[VOC]	say-FUT-3PL	older.brother[RESPECTFUL]	say-FUT-3PL	older.brother[VOC]	say-FUT-3PL	older.sister[VOC]	say-FUT-3PL,"They'll say ``grandmother/aunt,'' they'll say ``grandfather/uncle'', they'll say ``Aki'' (older brother), they'll say ``uncle/older brother'', they'll say ``aunt/older sister''.'\footnote{In Tungusic kinship systems, older siblings of ego's parents and ego's grandparents are designated with the same terms (\textit{upeː}, \textit{abaga}), whereas younger siblings of ego's parents are designated with the same terms as those for ego's older siblings (\textit{eken}, \textit{akan}; cf. \cite[104-106]{Lavrillier:2024et}). Hence the terms used to address older people are ambiguous, although the best equivalents in English are probably `grandmother', `grandfather', `aunt', and `uncle'.",A14,11,even1260,even1260a,WORD_ALIGNED,"{""VOC"": ""Vocative"", ""FUT"": ""Future"", ""PL"": ""Plural""}"
even1260a-A14-12,haːβdida bəjəl əsten gərbutte.,haːβdi=da	bəjə-l	ə-s-ten	gərbu-t-te,old=ADD	person-PL	NEG-NFUT-3PL	call-TAM2-NEG.CVB,Even old people don't call (old people) by their name.,A14,12,even1260,even1260a,WORD_ALIGNED,"{""ADD"": ""Additive"", ""PL"": ""Plural"", ""NEG"": ""Negative; by itself: Negative auxiliary"", ""NFUT"": ""Non-future"", ""TAM"": ""Polysemous TAM marker"", ""CVB"": ""Converb""}"
even1260a-A14-13,biː ammu naprimer eʨin gɵːniken gərbutti bihitnen:,biː	amm-u	naprimer	eʨin	gɵːniken	gərbu-t-ti	bi-hi-tnen,1SG	father-PX.1SG	for.example.R	PROX.QUAL	say.PTL	call-TAM2-PRS.PTCP	AUX-PST-3PL,For example they called my father like this:'\footnote{Note that the Accusative case marker and the 1\textsc{sg} Possessive are conflated in the form \textit{ammu} `my father'.,A14,13,even1260,even1260a,WORD_ALIGNED,"{""SG"": ""Singular"", ""PX"": ""Possessive suffix"", ""PROX"": ""Proximal (demonstrative)"", ""QUAL"": ""Qualitative"", ""PTL"": ""Particle"", ""TAM"": ""Polysemous TAM marker"", ""PRS"": ""Present"", ""PTCP"": ""Participle"", ""AUX"": ""Auxiliary"", ""PST"": ""Past"", ""PL"": ""Plural""}"
even1260a-A14-14,"Agaːpi amanni gɵːniken, egɟen kuŋaɟin.",Agaːpi	aman-ni	gɵːniken	egɟen	kuŋa-ɟi-n,PN	father-PX.3SG	say.PTL	big	child-INS-PX.3SG,"{``}Agafja's father'', after his oldest child.",A14,14,even1260,even1260a,WORD_ALIGNED,"{""PN"": ""Proper noun"", ""PX"": ""Possessive suffix"", ""SG"": ""Singular"", ""PTL"": ""Particle"", ""INS"": ""Instrumental""}"
even1260a-A14-15,"biː upeːβu, ejmu əkmen, ər Duɲa eɲinni gɵːniken, Nikifor eɲinni gɵːniken, taʨin gərbuttit.",biː	upeː-β-u	ejm-u	ək-me-n	ər	Duɲa	eɲin-ni	gɵːniken	Nikifor	eɲin-ni	gɵːniken	taʨin	gərbu-t-ti-t,1SG	grandmother-ACC-PX.1SG	mother-PX.1SG	older.sister-ACC-PX.3SG	PROX	PN	mother-PX.3SG	say.PTL	PN	mother-PX.3SG	say.PTL	DIST.QUAL	call-TAM2-PST-1PL,"My grandmother, my mother's older sister, we used to call ``mother of Dunja'', ``mother of Nikifor''.'\footnote{See the note for line (\ref{ex:A14-11}) for why the mother's older sister would be designated with the term for grandmother.",A14,15,even1260,even1260a,WORD_ALIGNED,"{""SG"": ""Singular"", ""ACC"": ""Accusative"", ""PX"": ""Possessive suffix"", ""PROX"": ""Proximal (demonstrative)"", ""PN"": ""Proper noun"", ""PTL"": ""Particle"", ""DIST"": ""Distal demonstrative"", ""QUAL"": ""Qualitative"", ""TAM"": ""Polysemous TAM marker"", ""PST"": ""Past"", ""PL"": ""Plural""}"
even1260a-A14-16,gərbəɟin ətil gərbutte.,gərbə-ɟi-n	ə-ti-l	gərbu-t-te,name-INS-PX.3SG	NEG-PRS.PTCP-PL	call-TAM2-NEG.CVB,They don't call (people) by their own names.,A14,16,even1260,even1260a,WORD_ALIGNED,"{""INS"": ""Instrumental"", ""PX"": ""Possessive suffix"", ""SG"": ""Singular"", ""NEG"": ""Negative; by itself: Negative auxiliary"", ""PRS"": ""Present"", ""PTCP"": ""Participle"", ""PL"": ""Plural"", ""TAM"": ""Polysemous TAM marker"", ""CVB"": ""Converb""}"
even1260a-A14-17,"tarit tarak nɵːβu nedleːm maːriɟi, tarak upeːlej ɲimaːdan.",tarit	tarak	nɵː-βu	nedleː-m	maː-riɟi	tarak	upeː-le-j	ɲimaːda-n,then	DIST	younger.sib-PX.1SG	bird.sp-ACC	kill-SS.ANT.SG	DIST	grandmother-LOC-PRFL.SG	share.hunting.spoils-3SG,"Then after my younger brother had killed a \textit{nedleːn} (a type of bird), he shared that with his grandmother.'\footnote{A \textit{nedleːn} is a grey-brown bird that is eaten itself, and the eggs of which are eaten.",A14,17,even1260,even1260a,WORD_ALIGNED,"{""DIST"": ""Distal demonstrative"", ""PX"": ""Possessive suffix"", ""SG"": ""Singular"", ""ACC"": ""Accusative"", ""SS"": ""Same-subject converb"", ""ANT"": ""Anterior (converb)"", ""LOC"": ""Locative"", ""PRFL"": ""Reflexive possessive""}"
even1260a-A14-18,"ɟuːla təgəʨiddin, tar upeː muttule ɲimegneriɟi, emniɟi.",ɟuː-la	təgə-ʨi-d-di-n	tar	upeː	mut-tule	ɲimeg-ne-riɟi	em-niɟi,house-LOC	sit.down-TAM2-PROG-PST-3SG	DIST	grandmother	1PL-LOC	visit.neighbours-AM-SS.ANT.SG	come-SS.ANT.SG,"She was sitting in the house, that granny had come to visit us.",A14,18,even1260,even1260a,WORD_ALIGNED,"{""LOC"": ""Locative"", ""TAM"": ""Polysemous TAM marker"", ""PROG"": ""Progressive"", ""PST"": ""Past"", ""SG"": ""Singular"", ""DIST"": ""Distal demonstrative"", ""PL"": ""Plural"", ""AM"": ""Associated Motion"", ""SS"": ""Same-subject converb"", ""ANT"": ""Anterior (converb)""}"
even1260a-A14-19,"upeː, ma gɵːniken bɵːʨelen, taraŋan naŋtihniɟi naŋtihnakan eʨin boldaku, taraβ ololdariɟi opopop gɵːniɟi uleːdni tɵːrle.",upeː	ma	gɵː-niken	bɵː-ʨe-le-n	tara-ŋa-n	naŋti-h-niɟi	naŋti-h-naka-n	eʨin	bulda-ku	tara-β	ololda-riɟi	opopop	gɵː-niɟi	uleː-d-ni	tɵːr-le,grandmother[VOC]	here!	say-SS.SIM1	give-PST.PTCP-LOC-3SG	DIST-POSS-PX.3SG	grab-TAM1-SS.ANT.SG	grab-TAM1-DS.COND-3SG	PROX.QUAL	be.disgusting-ADJR(DESCR)	DIST-ACC	be.frightened-SS.ANT.SG	opopop	say-SS.ANT.SG	throw-NFUT-3SG	ground-LOC,"When he gave (her the prey) with the words ``here, granny'', when she grabbed that and it was something soft and slimy, she got a fright, said ``opopop'' and threw it to the ground.",A14,19,even1260,even1260a,WORD_ALIGNED,"{""VOC"": ""Vocative"", ""SS"": ""Same-subject converb"", ""SIM"": ""Simultaneous (converb)"", ""PST"": ""Past"", ""PTCP"": ""Participle"", ""LOC"": ""Locative"", ""SG"": ""Singular"", ""DIST"": ""Distal demonstrative"", ""POSS"": ""Non-canonical possession"", ""PX"": ""Possessive suffix"", ""TAM"": ""Polysemous TAM marker"", ""ANT"": ""Anterior (converb)"", ""DS"": ""Different-subject converb"", ""COND"": ""Conditional-Temporal (converb)"", ""PROX"": ""Proximal (demonstrative)"", ""QUAL"": ""Qualitative"", ""ADJR"": ""Adjectivizer"", ""DESCR"": ""Descriptive"", ""ACC"": ""Accusative"", ""NFUT"": ""Non-future""}"
even1260a-A14-20,tarit nɵːβu oːnda əsni gɵːne.,tarit	nɵː-βu	oːn=da	ə-s-ni	gɵː-ne,then	younger.sib-PX.1SG	how=ADD	NEG-NFUT-3SG	say-NEG.CVB,My brother didn't say anything.,A14,20,even1260,even1260a,WORD_ALIGNED,"{""PX"": ""Possessive suffix"", ""SG"": ""Singular"", ""ADD"": ""Additive"", ""NEG"": ""Negative; by itself: Negative auxiliary"", ""NFUT"": ""Non-future"", ""CVB"": ""Converb""}"
even1260a-A14-21,"tarit amarla ɲan iaβgul maːriɟi, ʨaːmakuku iaβgu maːrin.",tarit	amar-la	ɲan	ia-β=gul	maː-riɟi	ʨaːmak-u=ku	ia-β=gu	maː-ri-n,then	behind-LOC	and	what-ACC=INDEF	kill-SS.ANT.SG	tarbagan-ACC=DUB	GEN.EXT-ACC=DUB	kill-PST-3SG,"Then later, after he had again killed something, he killed a tarbagan or something.'\footnote{The tarbagan marmot is a mountain prairie dog found in Northern Asia (China, Mongolia, Siberia).",A14,21,even1260,even1260a,WORD_ALIGNED,"{""LOC"": ""Locative"", ""ACC"": ""Accusative"", ""INDEF"": ""Indefinite"", ""SS"": ""Same-subject converb"", ""ANT"": ""Anterior (converb)"", ""SG"": ""Singular"", ""DUB"": ""Dubitative"", ""GEN"": ""Genitive"", ""EXT"": ""Extender"", ""PST"": ""Past""}"
even1260a-A14-22,"tar upeːlej bɵːsʨirakan ɲan naŋtihniɟi opopop ololdariɟi, ololdariɟi noːdaʨalan, eʨin gɵːniken: biː tiːk upeːdu ətəm ɲimaːdur.",tar	upeː-le-j	bɵː-sʨi-raka-n	ɲan	naŋti-h-niɟi	opopop	ololda-riɟi	ololda-riɟi	noːda-ʨa-la-n	eʨin	gɵː-niken	biː	tiːk	upeː-du	ə-tə-m	ɲimaːdu-r,DIST	grandmother-LOC-PRFL.SG	give-CONAT-DS.COND-3SG	and	grab-TAM1-SS.ANT.SG	opopop	be.frightened-SS.ANT.SG	be.frightened-SS.ANT.SG	throw-PST.PTCP-LOC-3SG	PROX.QUAL	say-SS.SIM1	1SG	now	grandmother-DAT.ESS	NEG-FUT-1SG	share.hunting.spoils-NEG.CVB,"When he tried to give (it) to that granny, when she again threw it (down), having gotten a fright ``opopop'' after she grabbed it, saying like this ``Now I will not share my hunting spoils with granny!",A14,22,even1260,even1260a,WORD_ALIGNED,"{""DIST"": ""Distal demonstrative"", ""LOC"": ""Locative"", ""PRFL"": ""Reflexive possessive"", ""SG"": ""Singular"", ""CONAT"": ""Conative"", ""DS"": ""Different-subject converb"", ""COND"": ""Conditional-Temporal (converb)"", ""TAM"": ""Polysemous TAM marker"", ""SS"": ""Same-subject converb"", ""ANT"": ""Anterior (converb)"", ""PST"": ""Past"", ""PTCP"": ""Participle"", ""PROX"": ""Proximal (demonstrative)"", ""QUAL"": ""Qualitative"", ""SIM"": ""Simultaneous (converb)"", ""DAT"": ""Dative"", ""ESS"": ""Essive"", ""NEG"": ""Negative; by itself: Negative auxiliary"", ""FUT"": ""Future"", ""CVB"": ""Converb""}"
even1260a-A14-23,"upeː minu majukanɟin, noŋan bəj ɲimaːdasʨirakan naŋtihniɟi ololdaβran, gɵːniken.",upeː	min-u	maj-ukan-ɟi-n	noŋan	bəj	ɲimaːda-sʨi-raka-n	naŋti-h-niɟi	ololda-βra-n	gɵːniken,grandmother	1SG.OBL-ACC	be.unlucky.when.hunting-CAUS-FUT-3SG	3SG	person	share.hunting.spoils-CONAT-DS.COND-3SG	grab-TAM1-SS.ANT.SG	be.frightened-HAB-3SG	say.QUOT,"Granny will jinx me, she gets a fright when a person tries to share the hunting spoils, after she grabs (it).''",A14,23,even1260,even1260a,WORD_ALIGNED,"{""SG"": ""Singular"", ""OBL"": ""Oblique"", ""ACC"": ""Accusative"", ""CAUS"": ""Causative"", ""FUT"": ""Future"", ""CONAT"": ""Conative"", ""DS"": ""Different-subject converb"", ""COND"": ""Conditional-Temporal (converb)"", ""TAM"": ""Polysemous TAM marker"", ""SS"": ""Same-subject converb"", ""ANT"": ""Anterior (converb)"", ""HAB"": ""Habitual"", ""QUOT"": ""Quotative""}"
even1260a-A14-24,taraβ hoːt ɟaːnilbu eɲmude haːmaʨadgaran tarakda upeːde haːmaʨadgararin.,tara-β	hoː-t	ɟaː-nil-bu	eɲm-u=de	haːmaʨa-d-gara-n	tarak=da	upeː=de	haːmaʨa-d-gara-ri-n,DIST-ACC	very-ADVR	relative-PL(KIN)-PX.1SG	mother-PX.1SG=ADD	laugh-PROG-HAB-3SG	DIST=ADD	grandmother=ADD	laugh-PROG-HAB-PST-3SG,"About that my relatives, my mother and that granny, laughed a lot.",A14,24,even1260,even1260a,WORD_ALIGNED,"{""DIST"": ""Distal demonstrative"", ""ACC"": ""Accusative"", ""ADVR"": ""Adverbializer"", ""PL"": ""Plural"", ""PX"": ""Possessive suffix"", ""SG"": ""Singular"", ""ADD"": ""Additive"", ""PROG"": ""Progressive"", ""HAB"": ""Habitual"", ""PST"": ""Past""}"
even1260a-A14-25,"tarda biniken tar nɵːβu egɟelberiɟi ujamkamda maːlan bihin, ʨaːmakuda maːlan.",tar=da	bi-niken	tar	nɵː-βu	egɟe-lbe-riɟi	ujamka-m=da	maː-lan	bi-hi-n	ʨaːmak-u=da	maː-lan,DIST=ADD	be-SS.SIM1	DIST	younger.sib-PX.1SG	big-VR-SS.ANT.SG	snow.sheep-ACC=ADD	kill-NR(SKILL)	be-PST-3SG	tarbagan-ACC=ADD	kill-NR(SKILL),"Notwithstanding (the failed attempt to share his first prey) my brother, after he grew up, was a good hunter of snow sheep, of tarbagans.",A14,25,even1260,even1260a,WORD_ALIGNED,"{""DIST"": ""Distal demonstrative"", ""ADD"": ""Additive"", ""SS"": ""Same-subject converb"", ""SIM"": ""Simultaneous (converb)"", ""PX"": ""Possessive suffix"", ""SG"": ""Singular"", ""VR"": ""Verbalizer"", ""ANT"": ""Anterior (converb)"", ""ACC"": ""Accusative"", ""NR"": ""Nominalizer"", ""PST"": ""Past""}"
even1260a-A15-1,ammu inɟeːni ineŋin bihin.,amm-u	inɟeː-ni	ineŋi-n	bi-hi-n,father-PX.1SG	to.rest-PRS.PTCP	day-PX.3SG	be-PST-3SG,It was my father's day of rest.,A15,1,even1260,even1260a,WORD_ALIGNED,"{""PX"": ""Possessive suffix"", ""SG"": ""Singular"", ""PRS"": ""Present"", ""PTCP"": ""Participle"", ""PST"": ""Past""}"
even1260a-A15-2,"ɟe taraβ ineŋiβ, meːne əniken dessir ianami hərgelde, ʨaːmaku itnemi hərgelde gərbə oːdni.",ɟe	tara-β	ineŋi-β	meːne	ə-niken	dessi-r	ia-na-mi	hər-gelde	ʨaːmak-u	it-ne-mi	hər-gelde	gərbə	oː-d-ni,PTL.Y	DIST-ACC	day-ACC	simply.Y	NEG-SS.SIM1	lie-NEG.CVB	FLR-AM-SS.COND	go-HORT.PL	tarbagan-ACC	see-AM-SS.COND	go-HORT.PL	name	become-NFUT-3SG,"Well, that day we decided to go look for tarbagans, in order not to lie around like that.",A15,2,even1260,even1260a,WORD_ALIGNED,"{""PTL"": ""Particle"", ""DIST"": ""Distal demonstrative"", ""ACC"": ""Accusative"", ""NEG"": ""Negative; by itself: Negative auxiliary"", ""SS"": ""Same-subject converb"", ""SIM"": ""Simultaneous (converb)"", ""CVB"": ""Converb"", ""FLR"": ""Filler"", ""AM"": ""Associated Motion"", ""COND"": ""Conditional-Temporal (converb)"", ""HORT"": ""Hortative"", ""PL"": ""Plural"", ""NFUT"": ""Non-future"", ""SG"": ""Singular""}"
even1260a-A15-3,"ammu bollaɣina egɟenɲun nuŋalkan, karabin gərbə nuŋalkan.",amm-u	bollaɣina	egɟen=ɲun	nuŋa-lkan	karabin	gərbə	nuŋa-lkan,father-PX.1SG	DP.Y	big=RESTR	gun-PROP	carbine.R	name	gun-PROP,"But my father only had a big gun, a carbine (rifle).",A15,3,even1260,even1260a,WORD_ALIGNED,"{""PX"": ""Possessive suffix"", ""SG"": ""Singular"", ""DP"": ""Discourse particle"", ""RESTR"": ""Restrictive"", ""PROP"": ""Proprietive""}"
even1260a-A15-4,"tar ʨaːmaku oːn karabinat nəmkədeːr nəkteŋet oːdni, otton meːne na vsjakij slučaj gɵːniken gaʨaːɟir.",tar	ʨaːmak-u	oːn	karabina-t	nəmkə-deːr	nək-teŋe-t	oː-d-ni	otton	meːne	{na\_vsjakij\_slučaj}	gɵːniken	ga-ʨaːɟi-r,DIST	tarbagan-ACC	how	carbine.R-INS	shoot-VS.PURP.PRFL.PL	do-REM.PTCP-1PL	become-NFUT-3SG	DP.Y	simply.Y	just.in.case.R	say.PTL	take-PRES-3PL,"How did we plan to shoot those tarbagans with a big gun, probably they took it along just in case.",A15,4,even1260,even1260a,WORD_ALIGNED,"{""DIST"": ""Distal demonstrative"", ""ACC"": ""Accusative"", ""INS"": ""Instrumental"", ""VS"": ""Variable-subject converb"", ""PURP"": ""Purposive"", ""PRFL"": ""Reflexive possessive"", ""PL"": ""Plural"", ""REM"": ""Remote"", ""PTCP"": ""Participle"", ""NFUT"": ""Non-future"", ""SG"": ""Singular"", ""DP"": ""Discourse particle"", ""PTL"": ""Particle"", ""PRES"": ""Presumptive""}"
even1260a-A15-5,"kulejdeːnemi hərrit, gə, iak ʨaːmakda aʨʨa bihin yryʨyn tarakam.",kulejdeː-ne-mi	hər-ri-t	gə	iak	ʨaːmak=da	aʨʨa	bi-hi-n	yryʨyn	tarakam,go.for.walk.Y-AM-SS.COND	go-PST-1PL	DP	what	tarbagan=ADD	NEG.EXIST	be-PST-3SG	it.seems	at.that.time,"Well, we went for a walk, there weren't even any tarbagans around then, it seems.",A15,5,even1260,even1260a,WORD_ALIGNED,"{""AM"": ""Associated Motion"", ""SS"": ""Same-subject converb"", ""COND"": ""Conditional-Temporal (converb)"", ""PST"": ""Past"", ""PL"": ""Plural"", ""DP"": ""Discourse particle"", ""ADD"": ""Additive"", ""NEG"": ""Negative; by itself: Negative auxiliary"", ""EXIST"": ""Existential"", ""SG"": ""Singular""}"
even1260a-A15-6,"hərrep diβniɟur, biː, ammu, nɵːβu, ejmu oːnikan.",hər-re-p	diβ-ni-ɟur	biː	amm-u	nɵː-βu	ejm-u	oː-nikan,go-NFUT-1PL	four-COLL-INS.PRFL.PL	1SG	father-PX.1SG	younger.sib-PX.1SG	mother-PX.1SG	become-SS.SIM1,"We went the four of us, me, my father, my younger brother, my mother.",A15,6,even1260,even1260a,WORD_ALIGNED,"{""NFUT"": ""Non-future"", ""PL"": ""Plural"", ""COLL"": ""Collective"", ""INS"": ""Instrumental"", ""PRFL"": ""Reflexive possessive"", ""SG"": ""Singular"", ""PX"": ""Possessive suffix"", ""SS"": ""Same-subject converb"", ""SIM"": ""Simultaneous (converb)""}"
even1260a-A15-7,"ibgakie urekʨeɲɟeβ ojʨirap, nɵːʨel delbi tutəneddep tali ebinteken, iaβgol nəkeddep.",ibga-kie	urekʨe-ɲɟe-β	ojʨi-ra-p	nɵː-ʨel	delbi	tutə-ne-d-de-p	ta-li	ebi-nteken	ia-β=gol	nəke-d-de-p,good-INTS	high.mountain-AUG.DEF-ACC	ascend-NFUT-1PL	younger.sib-COM(KIN)	very.Y	run-MULT-PROG-NFUT-1PL	DIST-PROL	play-SS.MULT	what-ACC=INDEF	do-PROG-NFUT-1PL,"We climbed up the mountain very well, my brother and I were running playing, we were doing something.",A15,7,even1260,even1260a,WORD_ALIGNED,"{""INTS"": ""Intensive"", ""AUG"": ""Augmentative"", ""DEF"": ""Definite"", ""ACC"": ""Accusative"", ""NFUT"": ""Non-future"", ""PL"": ""Plural"", ""COM"": ""Comitative"", ""MULT"": ""Multiplicative"", ""PROG"": ""Progressive"", ""DIST"": ""Distal demonstrative"", ""PROL"": ""Prolative"", ""SS"": ""Same-subject converb"", ""INDEF"": ""Indefinite""}"
even1260a-A15-8,"egɟemejel bihep, əhepde ebidde otton, iaβgol nəkniken girkaβaʨaddap delbi, tutəneddep igin, delbi girkaβaʨaddap, tara ialin hejelin.",egɟe-meje-l	bi-he-p	ə-he-p=de	ebi-d-de	otton	ia-β=gol	nək-niken	girka-βaʨa-d-da-p	delbi	tutə-ne-d-de-p	igin	delbi	girka-βaʨa-d-da-p	tara	ia-li-n	heje-li-n,big-AUG.INDEF-PL	be-NFUT-1PL	NEG-NFUT-1PL=ADD	play-PROG-NEG.CVB	DP.Y	what-ACC=INDEF	do-SS.SIM1	walk-ITER-PROG-NFUT-1PL	very.Y	run-MULT-PROG-NFUT-1PL	etc.Y	very.Y	walk-ITER-PROG-NFUT-1PL	DIST	FLR-PROL-PX.3SG	peak-PROL-PX.3SG,"We were already big, so we probably didn't play, we were doing something, walking around along that mountain peak.'\footnote{Here, Ija Krivoshapkina realized in mid-sentence that she and her brother were already big, 12, 13 years old and probably weren't playing anymore.",A15,8,even1260,even1260a,WORD_ALIGNED,"{""AUG"": ""Augmentative"", ""INDEF"": ""Indefinite"", ""PL"": ""Plural"", ""NFUT"": ""Non-future"", ""NEG"": ""Negative; by itself: Negative auxiliary"", ""ADD"": ""Additive"", ""PROG"": ""Progressive"", ""CVB"": ""Converb"", ""DP"": ""Discourse particle"", ""ACC"": ""Accusative"", ""SS"": ""Same-subject converb"", ""SIM"": ""Simultaneous (converb)"", ""ITER"": ""Iterative (aspect)"", ""MULT"": ""Multiplicative"", ""DIST"": ""Distal demonstrative"", ""FLR"": ""Filler"", ""PROL"": ""Prolative"", ""PX"": ""Possessive suffix"", ""SG"": ""Singular""}"
even1260a-A15-9,ɵmneken tarit ajukaja olukaːdu ammu gɵːnni,ɵm-neken	tarit	ajukaja	olukaːdu	amm-u	gɵː-n-ni,one-ITER.ADV	then	suddenly.Y	unexpectedly	father-PX.1SG	say-NFUT-3SG,Then suddenly my father unexpectedly said:,A15,9,even1260,even1260a,WORD_ALIGNED,"{""ITER"": ""Iterative (aspect)"", ""ADV"": ""Adverb"", ""PX"": ""Possessive suffix"", ""SG"": ""Singular"", ""NFUT"": ""Non-future""}"
even1260a-A15-10,"əɟilde, hagara, əɟilde iar, dessihilde gɵːnni.",ə-ɟilde	hagar-a	ə-ɟilde	ia-r	dessi-hi-lde	gɵː-n-ni,NEG-IMP.PL	be.noisy-EXCL.PTCP	NEG-IMP.PL	FLR-NEG.CVB	lie-TAM1-IMP.PL	say-NFUT-3SG,"{``}Don't, (you're) too noisy, don't whatchamacallit, lie down!'' he said.",A15,10,even1260,even1260a,WORD_ALIGNED,"{""NEG"": ""Negative; by itself: Negative auxiliary"", ""IMP"": ""Imperative"", ""PL"": ""Plural"", ""EXCL"": ""Exclusive"", ""PTCP"": ""Participle"", ""FLR"": ""Filler"", ""CVB"": ""Converb"", ""TAM"": ""Polysemous TAM marker"", ""NFUT"": ""Non-future"", ""SG"": ""Singular""}"
even1260a-A15-11,dessihnep.,dessi-h-ne-p,lie-TAM1-NFUT-1PL,We lay down.,A15,11,even1260,even1260a,WORD_ALIGNED,"{""TAM"": ""Polysemous TAM marker"", ""NFUT"": ""Non-future"", ""PL"": ""Plural""}"
even1260a-A15-12,"iʨelde gɵːŋnen, hergile iʨelde gɵːŋnen.",iʨe-lde	gɵː-ŋne-n	hergi-le	iʨe-lde	gɵː-ŋne-n,see-IMP.PL	say-HAB-3SG	bottom-LOC	see-IMP.PL	say-HAB-3SG,"{``}Look'', he says, ``look down'', he says.",A15,12,even1260,even1260a,WORD_ALIGNED,"{""IMP"": ""Imperative"", ""PL"": ""Plural"", ""HAB"": ""Habitual"", ""SG"": ""Singular"", ""LOC"": ""Locative""}"
even1260a-A15-13,"iaβda əhem itkerer biː, iak, iak bihni gɵːmi mendeʨessiβrem mendeʨessiβrem.",ia-β=da	ə-he-m	it-kere-r	biː	iak	iak	bi-h-ni	gɵːmi	mende-ʨe-ssi-βre-m	mende-ʨe-ssi-βre-m,what-ACC=ADD	NEG-NFUT-1SG	see-HAB-NEG.CVB	1SG	what	what	be-NFUT-3SG	say.PTL	search-TAM2-CONAT-HAB-1SG	search-TAM2-CONAT-HAB-1SG,"I can't see anything, what is there?, I search and search.",A15,13,even1260,even1260a,WORD_ALIGNED,"{""ACC"": ""Accusative"", ""ADD"": ""Additive"", ""NEG"": ""Negative; by itself: Negative auxiliary"", ""NFUT"": ""Non-future"", ""SG"": ""Singular"", ""HAB"": ""Habitual"", ""CVB"": ""Converb"", ""PTL"": ""Particle"", ""TAM"": ""Polysemous TAM marker"", ""CONAT"": ""Conative""}"
even1260a-A15-14,"tar ajukaja itteku, ɟɵːr anaŋmajal togaʨadda, ujamkamajal, anaŋmajal togaʨadda.",tar	ajukaja	it-tek-u	ɟɵːr	anaŋ-maja-l	toga-ʨa-d-da	ujamka-maja-l	anaŋ-maja-l	toga-ʨa-d-da,DIST	suddenly.Y	see-DS.COND-1SG	two	ram-AUG.INDEF-PL	lie.down(of.animals)-TAM2-PROG-NFUT	snow.sheep-AUG.INDEF-PL	ram-AUG.INDEF-PL	lie.down(of.animals)-TAM2-PROG-NFUT,"Then suddenly I see, two big Siberian bighorn rams are lying, two big snow sheep, big rams, are lying.",A15,14,even1260,even1260a,WORD_ALIGNED,"{""DIST"": ""Distal demonstrative"", ""DS"": ""Different-subject converb"", ""COND"": ""Conditional-Temporal (converb)"", ""SG"": ""Singular"", ""AUG"": ""Augmentative"", ""INDEF"": ""Indefinite"", ""PL"": ""Plural"", ""TAM"": ""Polysemous TAM marker"", ""PROG"": ""Progressive"", ""NFUT"": ""Non-future""}"
even1260a-A15-15,ələkəs ittem tarbaʨan iaduk ʨugastuk anaŋu.,ələkəs	it-te-m	tarbaʨan	ia-duk	ʨugas-tuk	anaŋ-u,at.first	see-NFUT-1SG	DIST.QUAL	FLR-ABL	near.Y-ABL	ram-ACC,"For the first time I saw snow sheep so close.'\footnote{They were lying about 50m away -- which is very rare, since snow sheep are extremely shy animals.",A15,15,even1260,even1260a,WORD_ALIGNED,"{""NFUT"": ""Non-future"", ""SG"": ""Singular"", ""DIST"": ""Distal demonstrative"", ""QUAL"": ""Qualitative"", ""FLR"": ""Filler"", ""ABL"": ""Ablative"", ""ACC"": ""Accusative""}"
even1260a-A15-16,delbi mianam.,delbi	mia-na-m,very.Y	be.surprised-NFUT-1SG,I was very much surprised.,A15,16,even1260,even1260a,WORD_ALIGNED,"{""NFUT"": ""Non-future"", ""SG"": ""Singular""}"
even1260a-A15-17,"ammu otton karabiɲɟaj iajdaga, nugahajdagadiː.",amm-u	otton	karabi-ɲɟa-j	ia-j-daga	nuga-ha-j-daga=diː,father-PX.1SG	DP.Y	carbine.R-AUG.DEF-PRFL.SG	FLR-CONN-ASSERT.3SG.Y	take.out-TAM1-CONN-ASSERT.3SG.Y=EMPH.Y,Of course my father took out his gun.,A15,17,even1260,even1260a,WORD_ALIGNED,"{""PX"": ""Possessive suffix"", ""SG"": ""Singular"", ""DP"": ""Discourse particle"", ""AUG"": ""Augmentative"", ""DEF"": ""Definite"", ""PRFL"": ""Reflexive possessive"", ""FLR"": ""Filler"", ""CONN"": ""Connective glide"", ""ASSERT"": ""Assertive mood"", ""TAM"": ""Polysemous TAM marker"", ""EMPH"": ""Emphatic""}"
even1260a-A15-18,"nugahniɟi ɟɵːrikeːmutnen maːkattin, keːnterekeːmin nəmkərin.",nuga-h-niɟi	ɟɵː-ri-keː-mu-tnen	maː-kat-ti-n	keːntere-keːmi-n	nəmkə-ri-n,take.out-TAM1-SS.ANT.SG	two-COLL-DIM-ACC-PX.3PL	kill-MULT-PST-3SG	torso-DIRECTLY-PX.3SG	shoot-PST-3SG,"Having taken out (his gun), he shot them both, shot them right into their bodies.",A15,18,even1260,even1260a,WORD_ALIGNED,"{""TAM"": ""Polysemous TAM marker"", ""SS"": ""Same-subject converb"", ""ANT"": ""Anterior (converb)"", ""SG"": ""Singular"", ""COLL"": ""Collective"", ""DIM"": ""Diminutive "", ""ACC"": ""Accusative"", ""PX"": ""Possessive suffix"", ""PL"": ""Plural"", ""MULT"": ""Multiplicative"", ""PST"": ""Past""}"
even1260a-A15-19,tara,tara,DP,There.,A15,19,even1260,even1260a,WORD_ALIGNED,"{""DP"": ""Discourse particle""}"
even1260a-A15-20,"hɵkɵhniɟur atallap, delbi ɵrelderep, iaɲɟan, gɵdɵmɵken ihmeben ammu ɟəbukenni, iahalbanda ɟəptit yryʨyn.",hɵkɵh-niɟur	atal-la-p	delbi	ɵrelde-re-p	ia-ɲɟa-n	gɵdɵmɵke-n	ihme-be-n	amm-u	ɟəb-uken-ni	iahal-ba-n=da	ɟəp-ti-t	yryʨyn,jump.down-SS.ANT.PL	to.skin-NFUT-1PL	very.Y	be.happy-NFUT-1PL	FLR-AUG.DEF-PX.3SG	back.of.head-PX.3SG	fat-ACC-PX.3SG	father-PX.1SG	eat-CAUS-3SG	eyes-ACC-PX.3SG=ADD	eat-PST-1PL	it.seems,"We jumped down and skinned (them), we were very happy, my father let us eat some of the fat from the back of the head, and it seems we even ate the eyes.'\footnote{There is a big layer of fat at the back of a snow sheep's head, and that is chewed raw ``like chewing gum'', still warm. The eyes are gouged out and eaten raw.",A15,20,even1260,even1260a,WORD_ALIGNED,"{""SS"": ""Same-subject converb"", ""ANT"": ""Anterior (converb)"", ""PL"": ""Plural"", ""NFUT"": ""Non-future"", ""FLR"": ""Filler"", ""AUG"": ""Augmentative"", ""DEF"": ""Definite"", ""PX"": ""Possessive suffix"", ""SG"": ""Singular"", ""ACC"": ""Accusative"", ""CAUS"": ""Causative"", ""ADD"": ""Additive"", ""PST"": ""Past""}"
even1260a-A15-21,delbi ɵrelderep.,delbi	ɵrelde-re-p,very.Y	be.happy-NFUT-1PL,We were very happy.,A15,21,even1260,even1260a,WORD_ALIGNED,"{""NFUT"": ""Non-future"", ""PL"": ""Plural""}"
even1260a-A15-22,"otton oːn meːnɟur iaɟip bəjət iaɟip taraβ həruɟip uldəβen, urgekie bollaɣa, gɵːli.",otton	oːn	meːn-ɟur	ia-ɟi-p	bəjə-t	ia-ɟi-p	tara-β	hər-u-ɟi-p	uldə-βe-n	urge-kie	bollaɣa	gɵːli,DP.Y	how	REFL-INS.PRFL.PL	FLR-FUT-1PL	self-PX.1PL	FLR-FUT-1PL	DIST-ACC	go-VAL-FUT-1PL	meat-ACC-PX.3SG	heavy-INTS	AFF.Y	TAG,"How can we carry that away by ourselves, that meat, it's very heavy of course, right.",A15,22,even1260,even1260a,WORD_ALIGNED,"{""DP"": ""Discourse particle"", ""REFL"": ""Reflexive pronoun"", ""INS"": ""Instrumental"", ""PRFL"": ""Reflexive possessive"", ""PL"": ""Plural"", ""FLR"": ""Filler"", ""FUT"": ""Future"", ""PX"": ""Possessive suffix"", ""DIST"": ""Distal demonstrative"", ""ACC"": ""Accusative"", ""VAL"": ""Valency-change"", ""SG"": ""Singular"", ""INTS"": ""Intensive"", ""AFF"": ""Affirmative"", ""TAG"": ""Tag question""}"
even1260a-A15-23,"iaβan ʨalmiβanɲun hərugelde gərbə oːdni, doːβan, tar haːkman, miaβman igin hərugelde gərbə oːdni.",ia-βa-n	ʨalmi-βa-n=ɲun	hər-u-gelde	gərbə	oː-d-ni	doː-βa-n	tar	haːk-ma-n	miaβ-ma-n	igin	hər-u-gelde	gərbə	oː-d-ni,FLR-ACC-PX.3SG	intestines-ACC-PX.3SG=RESTR	go-VAL-HORT.PL	name	become-NFUT-3SG	inside-ACC-PX.3SG	DIST	liver-ACC-PX.3SG	heart-ACC-PX.3SG	etc.Y	go-VAL-HORT.PL	name	become-NFUT-3SG,"We decided to take only the intestines, the liver, the heart.",A15,23,even1260,even1260a,WORD_ALIGNED,"{""FLR"": ""Filler"", ""ACC"": ""Accusative"", ""PX"": ""Possessive suffix"", ""SG"": ""Singular"", ""RESTR"": ""Restrictive"", ""VAL"": ""Valency-change"", ""HORT"": ""Hortative"", ""PL"": ""Plural"", ""NFUT"": ""Non-future"", ""DIST"": ""Distal demonstrative""}"
even1260a-A15-24,"urgekie biβreʨe ebit tar ian, ʨalminda ianda.",urge-kie	bi-βre-ʨe	ebit	tar	ia-n	ʨalmi-n=da	ia-n=da,heavy-INTS	be-HAB-NAR.PST	INDIR.Y	DIST	FLR-PX.3SG	intestines-PX.3SG=ADD	GEN.EXT-PX.3SG=ADD,"They're very heavy it turns out, intestines and such.",A15,24,even1260,even1260a,WORD_ALIGNED,"{""INTS"": ""Intensive"", ""HAB"": ""Habitual"", ""NAR"": ""Narrative"", ""PST"": ""Past"", ""INDIR"": ""Indirective (particle)"", ""DIST"": ""Distal demonstrative"", ""FLR"": ""Filler"", ""PX"": ""Possessive suffix"", ""SG"": ""Singular"", ""ADD"": ""Additive"", ""GEN"": ""Genitive"", ""EXT"": ""Extender""}"
even1260a-A15-25,ɟiŋ nehiːle ɟuːlaːr balakkalaːr ihrap.,ɟiŋ	nehiːle	ɟuː-laːr	balakka-laːr	ih-ra-p,indeed.Y	barely.Y	house-LOC.PRFL.PL	tent.R-LOC.PRFL.PL	reach-NFUT-1PL,We barely made it back home to our tent.,A15,25,even1260,even1260a,WORD_ALIGNED,"{""LOC"": ""Locative"", ""PRFL"": ""Reflexive possessive"", ""PL"": ""Plural"", ""NFUT"": ""Non-future""}"
even1260a-A15-26,"ineŋ hərrit, ɲɵlten bihiŋin, dolbu voobše, haːtaraladdakan, dolbuda əhni bihe, ɟapkandugu ujundugu ihrit.",ineŋ	hər-ri-t	ɲɵlten	bi-hiŋi-n	dolbu	voobše	haːtara-la-d-daka-n	dolbu=da	ə-h-ni	bi-he	ɟapkan-du=gu	ujun-du=gu	ih-ri-t,during.day	go-PST-1PL	sun	be-VS.TEMP-3SG	night	in.general.R	be.dark-INCH-PROG-DS.COND-3SG	night=ADD	NEG-NFUT-3SG	be-NEG.CVB	eight-DAT.ESS=DUB	nine-DAT.ESS=DUB	reach-PST-1PL,"We left in the day, when there was sun, and we returned at night, when it was getting dark, it wasn't night, we returned at eight or nine.",A15,26,even1260,even1260a,WORD_ALIGNED,"{""PST"": ""Past"", ""PL"": ""Plural"", ""VS"": ""Variable-subject converb"", ""TEMP"": ""Temporal (converb)"", ""SG"": ""Singular"", ""INCH"": ""Inchoative"", ""PROG"": ""Progressive"", ""DS"": ""Different-subject converb"", ""COND"": ""Conditional-Temporal (converb)"", ""ADD"": ""Additive"", ""NEG"": ""Negative; by itself: Negative auxiliary"", ""NFUT"": ""Non-future"", ""CVB"": ""Converb"", ""DAT"": ""Dative"", ""ESS"": ""Essive"", ""DUB"": ""Dubitative""}"
even1260a-A15-27,"daldakie iaβ ʨalmiβ irirep, dolbaniŋman taraŋur ɟəptep.",dalda-kie	ia-β	ʨalmi-β	iri-re-p	dolbani-ŋ-ma-n	tara-ŋ-ur	ɟəp-te-p,tasty-INTS	FLR-ACC	intestines-ACC	to.cook-NFUT-1PL	night-POSS-ACC-PX.3SG	DIST-POSS-PRFL.PL	eat-NFUT-1PL,"We cooked those intestines very tastily, and ate them right before the night.",A15,27,even1260,even1260a,WORD_ALIGNED,"{""INTS"": ""Intensive"", ""FLR"": ""Filler"", ""ACC"": ""Accusative"", ""NFUT"": ""Non-future"", ""PL"": ""Plural"", ""POSS"": ""Non-canonical possession"", ""PX"": ""Possessive suffix"", ""SG"": ""Singular"", ""DIST"": ""Distal demonstrative"", ""PRFL"": ""Reflexive possessive""}"
even1260a-A15-28,"ol ihin teːmi ahi bujuseːktu keɲeli gərbə iak aɟit əhni bihe ebit, ahi biheken naoborot ibga biβreʨe yryʨyn gɵːniken ɟomkakkararam.",{ol\_ihin}	teːmi	ahi	bujus-eːk-tu	keɲeli	gərbə	iak	aɟit	ə-h-ni	bi-he	ebit	ahi	bi-heke-n	naoborot	ibga	bi-βre-ʨe	yryʨyn	gɵːniken	ɟomkak-kara-ra-m,therefore.Y	therefore	woman	to.hunt-NR-DAT.ESS	bad	name	FLR	truth	NEG-NFUT-3SG	be-NEG.CVB	INDIR.Y	woman	be-DS.COND-3SG	on.the.contrary.R	good	be-HAB-NAR.PST	it.seems	say.PTL	think-HAB-NFUT-1SG,"Therefore I think that it's not true that it's bad when a woman is (present) at a hunt, on the contrary, it can be good.",A15,28,even1260,even1260a,WORD_ALIGNED,"{""NR"": ""Nominalizer"", ""DAT"": ""Dative"", ""ESS"": ""Essive"", ""FLR"": ""Filler"", ""NEG"": ""Negative; by itself: Negative auxiliary"", ""NFUT"": ""Non-future"", ""SG"": ""Singular"", ""CVB"": ""Converb"", ""INDIR"": ""Indirective (particle)"", ""DS"": ""Different-subject converb"", ""COND"": ""Conditional-Temporal (converb)"", ""HAB"": ""Habitual"", ""NAR"": ""Narrative"", ""PST"": ""Past"", ""PTL"": ""Particle""}"
even1260a-A15-29,iakta mehejen aʨʨa biβreʨe.,iak=ta	meheje-n	aʨʨa	bi-βre-ʨe,what=ADD	interference.Y-PX.3SG	NEG.EXIST	be-HAB-NAR.PST,It doesn't interfere at all.,A15,29,even1260,even1260a,WORD_ALIGNED,"{""ADD"": ""Additive"", ""PX"": ""Possessive suffix"", ""SG"": ""Singular"", ""NEG"": ""Negative; by itself: Negative auxiliary"", ""EXIST"": ""Existential"", ""HAB"": ""Habitual"", ""NAR"": ""Narrative"", ""PST"": ""Past""}"
even1260a-A15-30,tar Kuːnikit gərbə tɵːrle biʨe.,tar	Kuːnikit	gərbə	tɵːr-le	bi-ʨe,DIST	TOPO	name	place-LOC	be-NAR.PST,That was in the place called Kunikit.,A15,30,even1260,even1260a,WORD_ALIGNED,"{""DIST"": ""Distal demonstrative"", ""TOPO"": ""Toponym"", ""LOC"": ""Locative"", ""NAR"": ""Narrative"", ""PST"": ""Past""}"
even1260a-A15-31,"ibgakie tɵːrelken stada bihin, tar nadi stada.",ibga-kie	tɵːre-lken	stado	bi-hi-n	tar	nad-i	stado,good-INTS	place-PROP	herd.R	be-PST-3SG	DIST	seven-ORD	herd.R,That seventh reindeer brigade had very good territory.,A15,31,even1260,even1260a,WORD_ALIGNED,"{""INTS"": ""Intensive"", ""PROP"": ""Proprietive"", ""PST"": ""Past"", ""SG"": ""Singular"", ""DIST"": ""Distal demonstrative"", ""ORD"": ""Ordinal""}"
even1260a-A15-32,tiːkde tala biβeʨehmem.,tiːk=de	ta-la	bi-βeʨe-hme-m,now=ADD	DIST-LOC	be-ITER-DES.NFUT-1SG,Even now I would like to go there.,A15,32,even1260,even1260a,WORD_ALIGNED,"{""ADD"": ""Additive"", ""DIST"": ""Distal demonstrative"", ""LOC"": ""Locative"", ""ITER"": ""Iterative (aspect)"", ""DES"": ""Desiderative"", ""NFUT"": ""Non-future"", ""SG"": ""Singular""}"
even1260a-A15-33,"oːkkol biβetʨimtu, gɵ.",oːk=kol	bi-βet-ʨi-m=tu	gɵ,when=INDEF	be-ITER-FUT-1SG=PRES	DP,"Well, I'll probably go sometime.",A15,33,even1260,even1260a,WORD_ALIGNED,"{""INDEF"": ""Indefinite"", ""ITER"": ""Iterative (aspect)"", ""FUT"": ""Future"", ""SG"": ""Singular"", ""PRES"": ""Presumptive"", ""DP"": ""Discourse particle""}"
even1260a-A15-34,Tara.,tara,DP,That's it.,A15,34,even1260,even1260a,WORD_ALIGNED,"{""DP"": ""Discourse particle""}"
even1260a-A2-1,"biː omolgoβ Kirill tikiʨa ujun ɲama ujun miar tunŋadu baldarin, omolgoβu.",biː	omolgo-β	Kirill	tikiʨa	ujun	ɲama	ujun	mia-r	tunŋa-du	balda-ri-n	omolgo-βu,1SG	boy-PX.1SG	PN	thousand.R	nine	hundred	nine	ten-PL	five-DAT.ESS	be.born-PST-3SG	boy-PX.1SG,My son Kirill was born in 1995.,A2,1,even1260,even1260a,WORD_ALIGNED,"{""SG"": ""Singular"", ""PX"": ""Possessive suffix"", ""PN"": ""Proper noun"", ""PL"": ""Plural"", ""DAT"": ""Dative"", ""ESS"": ""Essive"", ""PST"": ""Past""}"
even1260a-A2-2,"ələ koratla baldarin, srazu tala bileːkleβur hərrit, Sebeːndule.",ə-lə	korat-la	balda-ri-n	srazu	ta-la	bileːk-le-βur	hər-ri-t	Sebeːn-dule,PROX-LOC	town.R-LOC	be.born-PST-3SG	at.once.R	DIST-LOC	territory-LOC-PRFL.PL	go-PST-1PL	TOPO-LOC,"He was born here in town, we immediately went there to our village, to Sebjan.",A2,2,even1260,even1260a,WORD_ALIGNED,"{""PROX"": ""Proximal (demonstrative)"", ""LOC"": ""Locative"", ""PST"": ""Past"", ""SG"": ""Singular"", ""DIST"": ""Distal demonstrative"", ""PRFL"": ""Reflexive possessive"", ""PL"": ""Plural"", ""TOPO"": ""Toponym""}"
even1260a-A2-3,"tarit ɵmen anŋanin oːʨalan, irildu stadala srazu ɲulgehnit.",tarit	ɵmen	anŋani-n	oː-ʨa-la-n	irildu	stado-la	srazu	ɲulge-h-ni-t,then	one	year-PX.3SG	become-PST.PTCP-LOC-3SG	summer	herd.R-LOC	at.once.R	migrate-TAM1-PST-1PL,"Then when he turned one, in summer we immediately left for the herd.",A2,3,even1260,even1260a,WORD_ALIGNED,"{""PX"": ""Possessive suffix"", ""SG"": ""Singular"", ""PST"": ""Past"", ""PTCP"": ""Participle"", ""LOC"": ""Locative"", ""TAM"": ""Polysemous TAM marker"", ""PL"": ""Plural""}"
even1260a-A2-4,"ammu gennerin, tarit mašinat əniken bihə, oronot ɲulgehnit.",amm-u	gen-ne-ri-n	tarit	mašina-t	ə-niken	bi-hə	orono-t	ɲulge-h-ni-t,father-PX.1SG	look.for-AM-PST-3SG	then	car.R-INS	NEG-SS.SIM1	be-NEG.CVB	reindeer(domestic)-INS	migrate-TAM1-PST-1PL,"My father came to fetch (us), and then we left not by vehicle but by reindeer.",A2,4,even1260,even1260a,WORD_ALIGNED,"{""PX"": ""Possessive suffix"", ""SG"": ""Singular"", ""AM"": ""Associated Motion"", ""PST"": ""Past"", ""INS"": ""Instrumental"", ""NEG"": ""Negative; by itself: Negative auxiliary"", ""SS"": ""Same-subject converb"", ""SIM"": ""Simultaneous (converb)"", ""CVB"": ""Converb"", ""TAM"": ""Polysemous TAM marker"", ""PL"": ""Plural""}"
even1260a-A2-5,"Kirill, Kirill ɵmən anŋanin ələkəs oːdgaran, tar eʨin bebeːle təgəttin.",Kirill	Kirill	ɵmən	anŋani-n	ələkəs	oː-d-gara-n	tar	eʨin	bebeː-le	təgə-t-ti-n,PN	PN	one	year-PX.3SG	at.first	become-PROG-HAB-3SG	DP	PROX.QUAL	cradle-LOC	sit.down-TAM2-PST-3SG,"Kirill had just turned one, so he sat in a cradle like this.",A2,5,even1260,even1260a,WORD_ALIGNED,"{""PN"": ""Proper noun"", ""PX"": ""Possessive suffix"", ""SG"": ""Singular"", ""PROG"": ""Progressive"", ""HAB"": ""Habitual"", ""DP"": ""Discourse particle"", ""PROX"": ""Proximal (demonstrative)"", ""QUAL"": ""Qualitative"", ""LOC"": ""Locative"", ""TAM"": ""Polysemous TAM marker"", ""PST"": ""Past""}"
even1260a-A2-6,"eʨiken gaːdlan iak heːruk, əli bebeː, tarit kuŋaβ olok əti hoŋna bihin.",eʨi-ken	gaːd-la-n	iak	heːruk	ə-li	bebeː	tarit	kuŋa-β	olok	ə-ti	hoŋ-na	bi-hi-n,PROX.QUAL-DIM	half-LOC-PX.3SG	FLR	saddle.bag	PROX-PROL	cradle	then	child-PX.1SG	completely.Y	NEG-PRS.PTCP	cry-NEG.CVB	AUX-PST-3SG,"This half was a saddle-bag like this, along here the cradle, and my child didn't cry at all.",A2,6,even1260,even1260a,WORD_ALIGNED,"{""PROX"": ""Proximal (demonstrative)"", ""QUAL"": ""Qualitative"", ""DIM"": ""Diminutive "", ""LOC"": ""Locative"", ""PX"": ""Possessive suffix"", ""SG"": ""Singular"", ""FLR"": ""Filler"", ""PROL"": ""Prolative"", ""NEG"": ""Negative; by itself: Negative auxiliary"", ""PRS"": ""Present"", ""PTCP"": ""Participle"", ""CVB"": ""Converb"", ""AUX"": ""Auxiliary"", ""PST"": ""Past""}"
even1260a-A2-7,"tar bebeː doːlan ɲajukukuːn dessiβren, guː guː gɵːniken.",tar	bebeː	doː-la-n	ɲajuku-kuːn	dessi-βre-n	guː	guː	gɵː-niken,DIST	cradle	inside-LOC-PX.3SG	quietly-DIM	lie-HAB-3SG	goo	goo	say-SS.SIM1,"He lay quietly in that cradle, saying ``goo, goo''.",A2,7,even1260,even1260a,WORD_ALIGNED,"{""DIST"": ""Distal demonstrative"", ""LOC"": ""Locative"", ""PX"": ""Possessive suffix"", ""SG"": ""Singular"", ""DIM"": ""Diminutive "", ""HAB"": ""Habitual"", ""SS"": ""Same-subject converb"", ""SIM"": ""Simultaneous (converb)""}"
even1260a-A2-8,"taraβ bebeːlken orom ələ ialgida əβəhel bebeːruk gɵːŋner tarak orom, nu bebeːlken kuŋaβ inupti orom.",tara-β	bebeː-lken	oro-m	ə-lə	ia-l-gida	əβə-hel	bebeː-ruk	gɵː-ŋne-r	tarak	oro-m	nu	bebeː-lken	kuŋa-β	in-u-p-ti	oro-m,DIST-ACC	cradle-PROP	reindeer(domestic)-ACC	PROX-LOC	FLR-PL-SIDE	Even-PL	cradle-NR(RECEPTACLE)	say-HAB-3PL	DIST	reindeer(domestic)-ACC	DP.R	cradle-PROP	child-ACC	carry.on.back-VAL-MED-PRS.PTCP	reindeer(domestic)-ACC,"That, the reindeer with the cradle, the Evens of these parts call that reindeer the ``bebeːruk'' (the cradle-carrier), well, the reindeer on which the cradle with the baby is loaded.",A2,8,even1260,even1260a,WORD_ALIGNED,"{""DIST"": ""Distal demonstrative"", ""ACC"": ""Accusative"", ""PROP"": ""Proprietive"", ""PROX"": ""Proximal (demonstrative)"", ""LOC"": ""Locative"", ""FLR"": ""Filler"", ""PL"": ""Plural"", ""NR"": ""Nominalizer"", ""HAB"": ""Habitual"", ""DP"": ""Discourse particle"", ""VAL"": ""Valency-change"", ""MED"": ""Mediopassive"", ""PRS"": ""Present"", ""PTCP"": ""Participle""}"
even1260a-A2-9,"taraβ ŋiː ejmu əlgəβren, ejmu, tarit.",tara-β	ŋiː	ejm-u	əlgə-βre-n	ejm-u	tarit,DIST-ACC	FLR	mother-PX.1SG	lead-HAB-3SG	mother-PX.1SG	then,"That one my mother leads, my mother.",A2,9,even1260,even1260a,WORD_ALIGNED,"{""DIST"": ""Distal demonstrative"", ""ACC"": ""Accusative"", ""FLR"": ""Filler"", ""PX"": ""Possessive suffix"", ""SG"": ""Singular"", ""HAB"": ""Habitual""}"
even1260a-A2-10,aːn bastaːn eʨin ammu hɵrgərən.,{aːn\_bastaːn}	eʨin	amm-u	hɵr-gərə-n,at.first.Y	PROX.QUAL	father-PX.1SG	go-HAB-3SG,First my father goes.,A2,10,even1260,even1260a,WORD_ALIGNED,"{""PROX"": ""Proximal (demonstrative)"", ""QUAL"": ""Qualitative"", ""PX"": ""Possessive suffix"", ""SG"": ""Singular"", ""HAB"": ""Habitual""}"
even1260a-A2-11,"ammu eʨin iaβ, ɵmən iaβ turkilkan, hirgalkan biβren, tala ohoku, turbaβ neːβrep.",amm-u	eʨin	ia-β	ɵmən	ia-β	turki-lkan	hirga-lkan	bi-βre-n	ta-la	ohok-u	turba-β	neː-βre-p,father-PX.1SG	PROX.QUAL	FLR-ACC	one	FLR-ACC	sled-PROP	sled.Y-PROP	be-HAB-3SG	DIST-LOC	stove.Y-ACC	pipe.R-ACC	put-HAB-1PL,"My father (leads) a whatchamacallit, he has a a sled, there we put the stove, the stovepipe.'\footnote{Note that Ekaterina Krivoshapkina corrects the term \textit{turki} `sled' for \textit{hirga}, the Sakha (Yakut) form. She may have felt that the former is a Standard Even word and the latter is the dialectal form. In actual fact, however, both \textit{turki} and \textit{hirga} are used in the Lamunkhin Even corpus, with \textit{turki} being a bit more frequent.",A2,11,even1260,even1260a,WORD_ALIGNED,"{""PX"": ""Possessive suffix"", ""SG"": ""Singular"", ""PROX"": ""Proximal (demonstrative)"", ""QUAL"": ""Qualitative"", ""FLR"": ""Filler"", ""ACC"": ""Accusative"", ""PROP"": ""Proprietive"", ""HAB"": ""Habitual"", ""DIST"": ""Distal demonstrative"", ""LOC"": ""Locative"", ""PL"": ""Plural""}"
even1260a-A2-12,"ɲan eʨin iak igin biβren, ɟahak, tala ialkan, ʨajnikalbu, ninalbu, egɟen ninaβ neːβrep tala, mɵːlimkiːm igin.",ɲan	eʨin	iak	igin	bi-βre-n	ɟahak	ta-la	ia-lkan	ʨajnika-l-bu	nina-l-bu	egɟen	nina-β	neː-βre-p	ta-la	mɵː-li-mkiː-m	igin,and	PROX.QUAL	FLR	etc.Y	be-HAB-3SG	box.R	DIST-LOC	FLR-PROP	teapot.R-PL-ACC	dish-PL-ACC	big	dish-ACC	put-HAB-1PL	DIST-LOC	water-VR(FETCH)-NR-ACC	etc.Y,"And there is also a box with whatchamacallit there, we put the teapots, the dishes, the big dishes there, the bucket and such.",A2,12,even1260,even1260a,WORD_ALIGNED,"{""PROX"": ""Proximal (demonstrative)"", ""QUAL"": ""Qualitative"", ""FLR"": ""Filler"", ""HAB"": ""Habitual"", ""SG"": ""Singular"", ""DIST"": ""Distal demonstrative"", ""LOC"": ""Locative"", ""PROP"": ""Proprietive"", ""PL"": ""Plural"", ""ACC"": ""Accusative"", ""VR"": ""Verbalizer"", ""NR"": ""Nominalizer""}"
even1260a-A2-13,"tarit amardalan adukun inuʨe biβren, tarit biː.",tarit	amar-da-la-n	adukun	inuʨe	bi-βre-n	tarit	biː,then	behind-SIDE-LOC-PX.3SG	few	pack.reindeer	be-HAB-3SG	then	1SG,"Then behind him there are a few pack reindeer, then (come) I.",A2,13,even1260,even1260a,WORD_ALIGNED,"{""LOC"": ""Locative"", ""PX"": ""Possessive suffix"", ""SG"": ""Singular"", ""HAB"": ""Habitual""}"
even1260a-A2-14,biː ɲan hoːja iaβ inuʨeβ əlgəβrerem.,biː	ɲan	hoːja	ia-β	inuʨe-β	əlgə-βre-re-m,1SG	and	many	FLR-ACC	pack.reindeer-ACC	lead-HAB-NFUT-1SG,I also lead many pack reindeer.,A2,14,even1260,even1260a,WORD_ALIGNED,"{""SG"": ""Singular"", ""FLR"": ""Filler"", ""ACC"": ""Accusative"", ""HAB"": ""Habitual"", ""NFUT"": ""Non-future""}"
even1260a-A2-15,"tar iakkana gɵːmi, ialkaːkan irukalkaːkan.",tar	iak=kana	gɵːmi	ia-lkaː-kan	iruka-lkaː-kan,DIST	what=FOC	say.PTL	FLR-PROP-DIM	poles.for.housing-PROP-DIM,"And what is that? Amongst others, (a reindeer) with poles for the yurt or tent.",A2,15,even1260,even1260a,WORD_ALIGNED,"{""DIST"": ""Distal demonstrative"", ""FOC"": ""Focus"", ""PTL"": ""Particle"", ""FLR"": ""Filler"", ""PROP"": ""Proprietive"", ""DIM"": ""Diminutive ""}"
even1260a-A2-16,"iak, amargag inuʨeβ irukalkan biβren.",iak	amar-gag	inuʨe-β	iruka-lkan	bi-βre-n,FLR	behind-ADJR	pack.reindeer-PX.1SG	poles.for.housing-PROP	be-HAB-3SG,My last pack reindeer has the poles.,A2,16,even1260,even1260a,WORD_ALIGNED,"{""FLR"": ""Filler"", ""ADJR"": ""Adjectivizer"", ""PX"": ""Possessive suffix"", ""SG"": ""Singular"", ""PROP"": ""Proprietive"", ""HAB"": ""Habitual""}"
even1260a-A2-17,tarit amardaduβ ejmu.,tarit	amar-da-du-β	ejm-u,then	behind-SIDE-DAT.ESS-PX.1SG	mother-PX.1SG,Then behind me (comes) my mother.,A2,17,even1260,even1260a,WORD_ALIGNED,"{""DAT"": ""Dative"", ""ESS"": ""Essive"", ""PX"": ""Possessive suffix"", ""SG"": ""Singular""}"
even1260a-A2-18,"ili eʨin, ejmu ɟulehki hərgərən i biː ejmu amardadukun, ili biː ejmu ɟuldedun i ejmu biː amardaduβ.",ili	eʨin	ejm-u	ɟule-hki	hər-gərə-n	i	biː	ejm-u	amar-da-duku-n	ili	biː	ejm-u	ɟul-de-du-n	i	ejm-u	biː	amar-da-du-β,or.R	PROX.QUAL	mother-PX.1SG	front-ADVB.ALL	go-HAB-3SG	and.R	1SG	mother-PX.1SG	behind-SIDE-ABL-PX.3SG	or.R	1SG	mother-PX.1SG	front-SIDE-DAT.ESS-PX.3SG	and.R	mother-PX.1SG	1SG	behind-SIDE-DAT.ESS-PX.1SG,"Or like this, my mother goes in front and I (go) behind my mother, or I (go) ahead of my mother and my mother (goes) behind me.",A2,18,even1260,even1260a,WORD_ALIGNED,"{""PROX"": ""Proximal (demonstrative)"", ""QUAL"": ""Qualitative"", ""PX"": ""Possessive suffix"", ""SG"": ""Singular"", ""ADVB"": ""Adverbial"", ""ALL"": ""Allative"", ""HAB"": ""Habitual"", ""ABL"": ""Ablative"", ""DAT"": ""Dative"", ""ESS"": ""Essive""}"
even1260a-A2-19,tarit ɟe amargag ŋiː nɵːβu Kolja biβren.,tarit	ɟe	amar-gag	ŋiː	nɵː-βu	Kolja	bi-βre-n,then	PTL.Y	behind-ADJR	FLR	younger.sib-PX.1SG	PN	be-HAB-3SG,Then the last one is my younger brother Kolja.,A2,19,even1260,even1260a,WORD_ALIGNED,"{""PTL"": ""Particle"", ""ADJR"": ""Adjectivizer"", ""FLR"": ""Filler"", ""PX"": ""Possessive suffix"", ""SG"": ""Singular"", ""PN"": ""Proper noun"", ""HAB"": ""Habitual""}"
even1260a-A2-20,mut oronduk hɵnte ɵssɵ muralkan bihep.,mut	oron-duk	hɵnte	ɵssɵ	mura-lkan	bi-he-p,1PL	reindeer(domestic)-ABL	other	still.Y	horse-PROP	be-NFUT-1PL,Apart from the reindeer we also have horses.,A2,20,even1260,even1260a,WORD_ALIGNED,"{""PL"": ""Plural"", ""ABL"": ""Ablative"", ""PROP"": ""Proprietive"", ""NFUT"": ""Non-future""}"
even1260a-A2-21,"tiemi nɵːβu Kolja muralbu əlgəβren eʨin, muralkan iaβran tar.",tiemi	nɵː-βu	Kolja	mura-l-bu	əlgə-βre-n	eʨin	mura-lkan	ia-βra-n	tar,therefore	younger.sib-PX.1SG	PN	horse-PL-ACC	lead-HAB-3SG	PROX.QUAL	horse-PROP	FLR-HAB-3SG	DP,"That is why Kolja leads the horses, he does whatchamacallit with the horses.",A2,21,even1260,even1260a,WORD_ALIGNED,"{""PX"": ""Possessive suffix"", ""SG"": ""Singular"", ""PN"": ""Proper noun"", ""PL"": ""Plural"", ""ACC"": ""Accusative"", ""HAB"": ""Habitual"", ""PROX"": ""Proximal (demonstrative)"", ""QUAL"": ""Qualitative"", ""PROP"": ""Proprietive"", ""FLR"": ""Filler"", ""DP"": ""Discourse particle""}"
even1260a-A2-22,taʨin mut ɲulgeniken ɲajukukoːn nulgenikehel stadala ihkararap.,taʨin	mut	ɲulge-niken	ɲajuku-kan	nulge-nike-hel	stado-la	ih-kara-ra-p,DIST.QUAL	1PL	migrate-SS.SIM1	quietly-DIM	migrate-SS.SIM1-PL	herd.R-LOC	reach-HAB-NFUT-1PL,"Migrating like that, quietly migrating we reach the herd.",A2,22,even1260,even1260a,WORD_ALIGNED,"{""DIST"": ""Distal demonstrative"", ""QUAL"": ""Qualitative"", ""PL"": ""Plural"", ""SS"": ""Same-subject converb"", ""SIM"": ""Simultaneous (converb)"", ""DIM"": ""Diminutive "", ""LOC"": ""Locative"", ""HAB"": ""Habitual"", ""NFUT"": ""Non-future""}"
even1260a-A2-23,"tar ihridur, Kirill ɵmənni oːridun ihridur, irek tɵːrre ihritkene?",tar	ih-ri-dur	Kirill	ɵmən-ni	oː-ri-du-n	ih-ri-dur	irek	tɵːr-re	ih-ri-t=kene,DP	reach-PRS.PTCP-DAT.PRFL.PL	PN	one-PX.3SG	become-PRS.PTCP-DAT.ESS-3SG	reach-PRS.PTCP-DAT.PRFL.PL	which	place-LOC	reach-PST-1PL=FOC,"That visit of ours, the visit when Kirill turned one, which place did we go to?",A2,23,even1260,even1260a,WORD_ALIGNED,"{""DP"": ""Discourse particle"", ""PRS"": ""Present"", ""PTCP"": ""Participle"", ""DAT"": ""Dative"", ""PRFL"": ""Reflexive possessive"", ""PL"": ""Plural"", ""PN"": ""Proper noun"", ""PX"": ""Possessive suffix"", ""SG"": ""Singular"", ""ESS"": ""Essive"", ""LOC"": ""Locative"", ""PST"": ""Past"", ""FOC"": ""Focus""}"
even1260a-A2-24,ɟoːndakun.,ɟoːn-da-kun,remember-HORT-1SG,Let me remember.,A2,24,even1260,even1260a,WORD_ALIGNED,"{""HORT"": ""Hortative"", ""SG"": ""Singular""}"
even1260a-A2-25,ile ihritkene?,i-le	ih-ri-t=kene,INTERR-LOC	reach-PST-1PL=FOC,Where did we go?,A2,25,even1260,even1260a,WORD_ALIGNED,"{""INTERR"": ""Interrogative root"", ""LOC"": ""Locative"", ""PST"": ""Past"", ""PL"": ""Plural"", ""FOC"": ""Focus""}"
even1260a-A2-26,"Antaβʨandula ihritku, ilegu?",antaβʨan-dula	ih-ri-t=ku	i-le=gu,TOPO-LOC	reach-PST-1PL=DUB	INTERR-LOC=DUB,Did we go to Antaβʨan or where?,A2,26,even1260,even1260a,WORD_ALIGNED,"{""TOPO"": ""Toponym"", ""LOC"": ""Locative"", ""PST"": ""Past"", ""PL"": ""Plural"", ""DUB"": ""Dubitative"", ""INTERR"": ""Interrogative root""}"
even1260a-A2-27,"omŋoʨoda bihemgu, oːngu, iala Hɵlkunile ihritku?",omŋo-ʨo=da	bi-he-m=gu	oːn=gu	ia-la	Hɵlkuni-le	ih-ri-t=ku,forget-PST.PTCP=ADD	AUX-NFUT-1SG=DUB	how=DUB	FLR-LOC	TOPO-LOC	reach-PST-1PL=DUB,Did I forget or what? Or did we go to Hɵlkuni?,A2,27,even1260,even1260a,WORD_ALIGNED,"{""PST"": ""Past"", ""PTCP"": ""Participle"", ""ADD"": ""Additive"", ""AUX"": ""Auxiliary"", ""NFUT"": ""Non-future"", ""SG"": ""Singular"", ""DUB"": ""Dubitative"", ""FLR"": ""Filler"", ""LOC"": ""Locative"", ""TOPO"": ""Toponym"", ""PL"": ""Plural""}"
even1260a-A2-28,"əhni, ialagu ihrit?",ə-h-ni	ia-la=gu	ih-ri-t,NEG-NFUT-3SG	what-LOC=DUB	reach-PST-1PL,"No, where did we go?",A2,28,even1260,even1260a,WORD_ALIGNED,"{""NEG"": ""Negative; by itself: Negative auxiliary"", ""NFUT"": ""Non-future"", ""SG"": ""Singular"", ""LOC"": ""Locative"", ""DUB"": ""Dubitative"", ""PST"": ""Past"", ""PL"": ""Plural""}"
even1260a-A2-29,Antaβʨandula ihrit yryʨyn.,antaβʨan-dula	ih-ri-t	yryʨyn,TOPO-LOC	reach-PST-1PL	it.seems,It seems we went to Antaβʨan.,A2,29,even1260,even1260a,WORD_ALIGNED,"{""TOPO"": ""Toponym"", ""LOC"": ""Locative"", ""PST"": ""Past"", ""PL"": ""Plural""}"
even1260a-A2-30,"tarit tala ihriɟi, stadala ihriɟi, ədlet ihra biː omolgoβ əti girkar bihin.",tarit	ta-la	ih-riɟi	stado-la	ih-riɟi	ə-dle-t	ih-ra	biː	omolgo-β	ə-ti	girka-r	bi-hi-n,then	DIST-LOC	reach-SS.ANT.SG	herd.R-LOC	reach-SS.ANT.SG	NEG-VS.NEG.TRM-1PL	reach-NEG.CVB	1SG	boy-PX.1SG	NEG-PRS.PTCP	walk-NEG.CVB	AUX-PST-3SG,"Then when we got there, when we got to the herd -- before we got to the herd my son wasn't walking yet.",A2,30,even1260,even1260a,WORD_ALIGNED,"{""DIST"": ""Distal demonstrative"", ""LOC"": ""Locative"", ""SS"": ""Same-subject converb"", ""ANT"": ""Anterior (converb)"", ""SG"": ""Singular"", ""NEG"": ""Negative; by itself: Negative auxiliary"", ""VS"": ""Variable-subject converb"", ""TRM"": ""Terminative (converb)"", ""PL"": ""Plural"", ""CVB"": ""Converb"", ""PX"": ""Possessive suffix"", ""PRS"": ""Present"", ""PTCP"": ""Participle"", ""AUX"": ""Auxiliary"", ""PST"": ""Past""}"
even1260a-A2-31,"eʨin təgəttiɲun bihin, ŋaːldur eʨin hɵltɵbəkkərerep.",eʨin	təgə-t-ti=ɲun	bi-hi-n	ŋaːl-dur	eʨin	hɵltɵ-bək-kəre-re-p,PROX.QUAL	sit.down-TAM2-PRS.PTCP=RESTR	AUX-PST-3SG	hand-DAT.PRFL.PL	PROX.QUAL	carry.along-ITER-HAB-NFUT-1PL,"He was only sitting like this, we carried him around in our arms.",A2,31,even1260,even1260a,WORD_ALIGNED,"{""PROX"": ""Proximal (demonstrative)"", ""QUAL"": ""Qualitative"", ""TAM"": ""Polysemous TAM marker"", ""PRS"": ""Present"", ""PTCP"": ""Participle"", ""RESTR"": ""Restrictive"", ""AUX"": ""Auxiliary"", ""PST"": ""Past"", ""SG"": ""Singular"", ""DAT"": ""Dative"", ""PRFL"": ""Reflexive possessive"", ""PL"": ""Plural"", ""ITER"": ""Iterative (aspect)"", ""HAB"": ""Habitual"", ""NFUT"": ""Non-future""}"
even1260a-A2-32,tarit stadala ihriɟi eʨiken ŋaːldukun əlgərəket uže girkari oːrin.,tarit	stado-la	ih-riɟi	eʨi-ken	ŋaːl-duku-n	əlgə-rəke-t	uže	girka-ri	oː-ri-n,then	herd.R-LOC	reach-SS.ANT.SG	PROX.QUAL-DIM	hand-ABL-PX.3SG	lead-DS.COND-1PL	already.R	walk-PRS.PTCP	become-PST-3SG,Then when we got to the herd he started to walk when we led him by his hand like this.,A2,32,even1260,even1260a,WORD_ALIGNED,"{""LOC"": ""Locative"", ""SS"": ""Same-subject converb"", ""ANT"": ""Anterior (converb)"", ""SG"": ""Singular"", ""PROX"": ""Proximal (demonstrative)"", ""QUAL"": ""Qualitative"", ""DIM"": ""Diminutive "", ""ABL"": ""Ablative"", ""PX"": ""Possessive suffix"", ""DS"": ""Different-subject converb"", ""COND"": ""Conditional-Temporal (converb)"", ""PL"": ""Plural"", ""PRS"": ""Present"", ""PTCP"": ""Participle"", ""PST"": ""Past""}"
even1260a-A2-33,tala bɵmbɵŋəken eʨin iakakam ketinʨekekem ejmu tətuβren.,ta-la	bɵmbɵ-ŋəken	eʨin	ia-kaka-m	ketinʨe-keke-m	ejm-u	tət-u-βre-n,DIST-LOC	be.small.and.chubby-DIM.ADJR	PROX.QUAL	FLR-DIM.INDEF-ACC	inner.fur.boot-DIM.INDEF-ACC	mother-PX.1SG	put.on-VAL-HAB-3SG,"Little chubby boots like this, little fur stockings my mother put on him.",A2,33,even1260,even1260a,WORD_ALIGNED,"{""DIST"": ""Distal demonstrative"", ""LOC"": ""Locative"", ""DIM"": ""Diminutive "", ""ADJR"": ""Adjectivizer"", ""PROX"": ""Proximal (demonstrative)"", ""QUAL"": ""Qualitative"", ""FLR"": ""Filler"", ""INDEF"": ""Indefinite"", ""ACC"": ""Accusative"", ""PX"": ""Possessive suffix"", ""SG"": ""Singular"", ""VAL"": ""Valency-change"", ""HAB"": ""Habitual""}"
even1260a-A2-34,"eʨin ian untan iak eʨin ɲuːʨ untalli aʨʨa bihitnen, tar iak gɵːŋner əhni eʨiken kɵllun iakakal botinkakkal igin.",eʨin	ia-n	unta-n	iak	eʨin	ɲuːʨ	unta-l-li	aʨʨa	bi-hi-tnen	tar	iak	gɵː-ŋne-r	əhni	eʨi-ken	kɵllun	ia-kaka-l	botinka-kka-l	igin,PROX.QUAL	FLR-PX.3SG	fur.boots-PX.3SG	FLR	PROX.QUAL	Russian	fur.boots-PL-PX.3SG	NEG.EXIST	be-PST-3PL	DIST	what	say-HAB-3PL	TAG	PROX.QUAL-DIM	small	FLR-DIM.INDEF-PL	shoe.R-DIM.INDEF-PL	etc.Y,"His boots like this -- there were no Russian boots, how do they call them, those little shoes and such.'\footnote{\textit{ɲuːʨ untalli} = literally `Russian boots', but here intended to mean `factory-made shoes'.",A2,34,even1260,even1260a,WORD_ALIGNED,"{""PROX"": ""Proximal (demonstrative)"", ""QUAL"": ""Qualitative"", ""FLR"": ""Filler"", ""PX"": ""Possessive suffix"", ""SG"": ""Singular"", ""PL"": ""Plural"", ""NEG"": ""Negative; by itself: Negative auxiliary"", ""EXIST"": ""Existential"", ""PST"": ""Past"", ""DIST"": ""Distal demonstrative"", ""HAB"": ""Habitual"", ""TAG"": ""Tag question"", ""DIM"": ""Diminutive "", ""INDEF"": ""Indefinite""}"
even1260a-A2-35,"tarit botamaja rezinevej bihin, taraŋan egɟen bihin, tiemi ejmu eʨin əbədi ketinʨeβ ebeter eʨin untakakam tətuβren, əbədi untakkam.",tarit	bota-maja	rezinevej	bi-hi-n	tara-ŋa-n	egɟen	bi-hi-n	tiemi	ejm-u	eʨin	əbə-di	ketinʨe-β	ebeter	eʨin	unta-kaka-m	tət-u-βre-n	əbə-di	unta-kka-m,then	boots.R-AUG.INDEF	rubber.R	be-PST-3SG	DIST-POSS-PX.3SG	big	be-PST-3SG	therefore	mother-PX.1SG	PROX.QUAL	Even-ADJR(ETHNIC)	inner.fur.boot-ACC	or.Y	PROX.QUAL	fur.boots-DIM.INDEF-ACC	put.on-VAL-HAB-3SG	Even-ADJR(ETHNIC)	fur.boots-DIM.INDEF-ACC,"Then there were rubber boots, those were big for him, that is why my mother put Even fur stockings on him, or little fur boots like this, Even fur boots.",A2,35,even1260,even1260a,WORD_ALIGNED,"{""AUG"": ""Augmentative"", ""INDEF"": ""Indefinite"", ""PST"": ""Past"", ""SG"": ""Singular"", ""DIST"": ""Distal demonstrative"", ""POSS"": ""Non-canonical possession"", ""PX"": ""Possessive suffix"", ""PROX"": ""Proximal (demonstrative)"", ""QUAL"": ""Qualitative"", ""ADJR"": ""Adjectivizer"", ""ACC"": ""Accusative"", ""DIM"": ""Diminutive "", ""VAL"": ""Valency-change"", ""HAB"": ""Habitual""}"
even1260a-A2-36,"tar untaʨami təttiɟi bɵmbɵɟeːgegej girkaβran, hutu.",tar	unta-ʨam-i	tət-tiɟi	bɵmbɵ-ɟeːgegej	girka-βra-n	hut-u,DP	fur.boots-DIM.DEF-PRFL.SG	put.on-SS.ANT.SG	be.small.and.chubby-TNDR	walk-HAB-3SG	offspring-PX.1SG,"Having put on his little fur boots, he walked chubbily, my child.'\footnote{For a discussion of the suffix \textit{-ɟaːgagaj}, which expresses tenderness, see \textcite[145]{Pakendorf:2017gm}.",A2,36,even1260,even1260a,WORD_ALIGNED,"{""DP"": ""Discourse particle"", ""DIM"": ""Diminutive "", ""DEF"": ""Definite"", ""PRFL"": ""Reflexive possessive"", ""SG"": ""Singular"", ""SS"": ""Same-subject converb"", ""ANT"": ""Anterior (converb)"", ""TNDR"": ""Tenderness"", ""HAB"": ""Habitual"", ""PX"": ""Possessive suffix""}"
even1260a-A2-37,ŋaːldukun ɟaːβgararap.,ŋaːl-duku-n	ɟaːβ-gara-ra-p,hand-ABL-PX.3SG	catch.hold-HAB-NFUT-1PL,We held his hands.,A2,37,even1260,even1260a,WORD_ALIGNED,"{""ABL"": ""Ablative"", ""PX"": ""Possessive suffix"", ""SG"": ""Singular"", ""HAB"": ""Habitual"", ""NFUT"": ""Non-future"", ""PL"": ""Plural""}"
even1260a-A2-38,"tiemi biː omolgoβ ɵmən anŋanidukuj tiːkerlen istala anŋantan stadala, irildu oːrakan, tala ɲɵːβren.",tiemi	biː	omolgo-β	ɵmən	anŋani-duku-j	tiːk-er-le-n	istala	anŋan-tan	stado-la	irildu	oː-raka-n	ta-la	ɲɵː-βre-n,therefore	1SG	boy-PX.1SG	one	year-ABL-PRFL.SG	now-ADJR(TIME)-LOC-PX.3SG	until	year-DISTR(N)	herd.R-LOC	summer	become-DS.COND-3SG	DIST-LOC	to.exit-HAB-3SG,That's why my son from the age of one year until now goes to the herd every year when it becomes summer.,A2,38,even1260,even1260a,WORD_ALIGNED,"{""SG"": ""Singular"", ""PX"": ""Possessive suffix"", ""ABL"": ""Ablative"", ""PRFL"": ""Reflexive possessive"", ""ADJR"": ""Adjectivizer"", ""LOC"": ""Locative"", ""DISTR"": ""Distributive"", ""DS"": ""Different-subject converb"", ""COND"": ""Conditional-Temporal (converb)"", ""DIST"": ""Distal demonstrative"", ""HAB"": ""Habitual""}"
even1260a-A2-39,tarit noŋan detsadla əʨə biette.,tarit	noŋan	detsad-la	ə-ʨə	bi-βet-te,then	3SG	kindergarten.R-LOC	NEG-PST	be-ITER-NEG.CVB,And he didn't go to kindergarten.,A2,39,even1260,even1260a,WORD_ALIGNED,"{""SG"": ""Singular"", ""LOC"": ""Locative"", ""NEG"": ""Negative; by itself: Negative auxiliary"", ""PST"": ""Past"", ""ITER"": ""Iterative (aspect)"", ""CVB"": ""Converb""}"
even1260a-A2-40,"detsadla əniken biette iarin, upeːʨel ɲan abagaʨal stadala biβettin.",detsad-la	ə-niken	bi-βet-te	ia-ri-n	upeː-ʨel	ɲan	abaga-ʨal	stado-la	bi-βet-ti-n,kindergarten.R-LOC	NEG-SS.SIM1	be-ITER-NEG.CVB	FLR-PST-3SG	grandmother-COM(KIN)	and	grandfather-COM(KIN)	herd.R-LOC	be-ITER-PST-3SG,Not going to kindergarten he was in the herd with his grandmother and grandfather.,A2,40,even1260,even1260a,WORD_ALIGNED,"{""LOC"": ""Locative"", ""NEG"": ""Negative; by itself: Negative auxiliary"", ""SS"": ""Same-subject converb"", ""SIM"": ""Simultaneous (converb)"", ""ITER"": ""Iterative (aspect)"", ""CVB"": ""Converb"", ""FLR"": ""Filler"", ""PST"": ""Past"", ""SG"": ""Singular"", ""COM"": ""Comitative""}"
even1260a-A2-41,noŋman tugə oːrakan eʨin kibitkele təgunikehel ɲulgeβrer.,noŋman	tugə	oː-raka-n	eʨin	kibitke-le	təg-u-nike-hel	ɲulge-βre-r,3SG.ACC	winter	become-DS.COND-3SG	PROX.QUAL	covered.sled.R-LOC	sit.down-VAL-SS.SIM1-PL	migrate-HAB-3PL,There they seated him in a kibitka when it turned winter and migrated.,A2,41,even1260,even1260a,WORD_ALIGNED,"{""SG"": ""Singular"", ""ACC"": ""Accusative"", ""DS"": ""Different-subject converb"", ""COND"": ""Conditional-Temporal (converb)"", ""PROX"": ""Proximal (demonstrative)"", ""QUAL"": ""Qualitative"", ""LOC"": ""Locative"", ""VAL"": ""Valency-change"", ""SS"": ""Same-subject converb"", ""SIM"": ""Simultaneous (converb)"", ""PL"": ""Plural"", ""HAB"": ""Habitual""}"
even1260a-A2-42,"tiemi noŋan, biː omolgoβu, orom nahaː hoː ajaːβran.",tiemi	noŋan	biː	omolgo-βu	oro-m	nahaː	hoː	ajaːβ-ra-n,therefore	3SG	1SG	boy-PX.1SG	reindeer(domestic)-ACC	very.Y	very	love-NFUT-3SG,"That is why he, my son, loves reindeer very much.",A2,42,even1260,even1260a,WORD_ALIGNED,"{""SG"": ""Singular"", ""PX"": ""Possessive suffix"", ""ACC"": ""Accusative"", ""NFUT"": ""Non-future""}"
even1260a-A3-1,"biː meːni ɟoːŋʨiridukuj, adiː anŋanidukuj ɟoːŋʨiram?",biː	meːni	ɟoː-ŋʨi-ri-duku-j	adiː	anŋani-duku-j	ɟoː-ŋʨi-ra-m,1SG	REFL.SG.ACC	remember-DUR-PRS.PTCP-ABL-PRFL.SG	how.many	year-ABL-PRFL.SG	remember-DUR-NFUT-1SG,From the times that I can remember myself -- from which age do I remember?,A3,1,even1260,even1260a,WORD_ALIGNED,"{""SG"": ""Singular"", ""REFL"": ""Reflexive pronoun"", ""ACC"": ""Accusative"", ""DUR"": ""Durative"", ""PRS"": ""Present"", ""PTCP"": ""Participle"", ""ABL"": ""Ablative"", ""PRFL"": ""Reflexive possessive"", ""NFUT"": ""Non-future""}"
even1260a-A3-2,"digen, ilan digen anŋanidukuj ɟoːŋʨiram.",digen	ilan	digen	anŋani-duku-j	ɟoː-ŋʨi-ra-m,four	three	four	year-ABL-PRFL.SG	remember-DUR-NFUT-1SG,I remember from when I was three or four years old.,A3,2,even1260,even1260a,WORD_ALIGNED,"{""ABL"": ""Ablative"", ""PRFL"": ""Reflexive possessive"", ""SG"": ""Singular"", ""DUR"": ""Durative"", ""NFUT"": ""Non-future""}"
even1260a-A3-3,"tar ɟoːŋʨiraku mut anŋantan irildu oːrakan, kanikulat, deremkeʨek oːrakan, stadala ɲɵːβrep.",tar	ɟoː-ŋʨi-rak-u	mut	anŋan-tan	irildu	oː-raka-n	kanikula-t	deremke-ʨek	oː-raka-n	stado-la	ɲɵː-βre-p,DP	remember-DUR-DS.COND-1SG	1PL	year-DISTR(N)	summer	become-DS.COND-3SG	holidays.R-PX.1PL	to.rest-NR(PLACE)	become-DS.COND-3SG	herd.R-LOC	to.exit-HAB-1PL,"As I remember, every year when it became summer, when our holidays started, we went to the herd.",A3,3,even1260,even1260a,WORD_ALIGNED,"{""DP"": ""Discourse particle"", ""DUR"": ""Durative"", ""DS"": ""Different-subject converb"", ""COND"": ""Conditional-Temporal (converb)"", ""SG"": ""Singular"", ""PL"": ""Plural"", ""DISTR"": ""Distributive"", ""PX"": ""Possessive suffix"", ""NR"": ""Nominalizer"", ""LOC"": ""Locative"", ""HAB"": ""Habitual""}"
even1260a-A3-4,"stadala biː ammu gurgeβʨin, ujis stadala.",stado-la	biː	amm-u	gurgeβʨi-n	uj-is	stado-la,herd.R-LOC	1SG	father-PX.1SG	to.work-3SG	nine-ORD.Y	herd.R-LOC,"In the herd my father works, in the 9th brigade.",A3,4,even1260,even1260a,WORD_ALIGNED,"{""LOC"": ""Locative"", ""SG"": ""Singular"", ""PX"": ""Possessive suffix"", ""ORD"": ""Ordinal""}"
even1260a-A3-5,"tiekte gurgeβʨin noŋan, adida anŋani, digen miarduk hulʨeːɟin, tala noŋan gurgeβʨideŋen.",tiek=te	gurgeβʨi-n	noŋan	adi=da	anŋani	digen	mia-r-duk	hul-ʨeːɟi-n	ta-la	noŋan	gurgeβʨi-deŋe-n,now=ADD	to.work-3SG	3SG	how.many=ADD	year	four	ten-PL-ABL	remain.in.excess-PRES-3SG	DIST-LOC	3SG	to.work-REM.PTCP-3SG,"He works (there) even now, many years, it's probably more than 40 years that he has worked there.",A3,5,even1260,even1260a,WORD_ALIGNED,"{""ADD"": ""Additive"", ""SG"": ""Singular"", ""PL"": ""Plural"", ""ABL"": ""Ablative"", ""PRES"": ""Presumptive"", ""DIST"": ""Distal demonstrative"", ""LOC"": ""Locative"", ""REM"": ""Remote"", ""PTCP"": ""Participle""}"
even1260a-A3-6,noŋan Afanasij Vasilič Krivošapkin gərbə.,noŋan	Afanasij	Vasilič	Krivošapkin	gərbə,3SG	PN	PN	PN	name,He is called Afanasij Vasilevič Krivošapkin.,A3,6,even1260,even1260a,WORD_ALIGNED,"{""SG"": ""Singular"", ""PN"": ""Proper noun""}"
even1260a-A3-7,tala noŋan hoː hoːja anŋani gurgeβʨidni.,ta-la	noŋan	hoː	hoːja	anŋani	gurgeβʨi-d-ni,DIST-LOC	3SG	very	many	year	to.work-NFUT-3SG,There he has worked for very many years.,A3,7,even1260,even1260a,WORD_ALIGNED,"{""DIST"": ""Distal demonstrative"", ""LOC"": ""Locative"", ""SG"": ""Singular"", ""NFUT"": ""Non-future""}"
even1260a-A3-8,"tiːk noŋan tala nɵsegʨen ialdu, oralʨimŋaldu, iak gɵːŋner ərə, nastavnik ɲuːʨidiʨ gɵːmi, nastavnikat gurgeβʨin.",tiːk	noŋan	ta-la	nɵsegʨen	ia-l-du	oralʨi-mŋa-l-du	iak	gɵː-ŋne-r	ərə	nastavnik	ɲuːʨi-di-ʨ	gɵː-mi	nastavnika-t	gurgeβʨi-n,now	3SG	DIST-LOC	young	FLR-PL-DAT.ESS	herd.reindeer-AGNR-PL-DAT.ESS	what	say-HAB-3PL	DP	mentor.R	Russian-ADJR(ETHNIC)-ADVR	say-SS.COND	mentor.R-INS	to.work-3SG,"Now he works there as -- how do they say it? -- a mentor, \textit{nastavnik} as they say in Russian, for the young reindeer herders.",A3,8,even1260,even1260a,WORD_ALIGNED,"{""SG"": ""Singular"", ""DIST"": ""Distal demonstrative"", ""LOC"": ""Locative"", ""FLR"": ""Filler"", ""PL"": ""Plural"", ""DAT"": ""Dative"", ""ESS"": ""Essive"", ""AGNR"": ""Agent nominalizer"", ""HAB"": ""Habitual"", ""DP"": ""Discourse particle"", ""ADJR"": ""Adjectivizer"", ""ADVR"": ""Adverbializer"", ""SS"": ""Same-subject converb"", ""COND"": ""Conditional-Temporal (converb)"", ""INS"": ""Instrumental""}"
even1260a-A3-9,"hoː hoːja anŋaniβ noŋan brigedir bihin, tarak ujis stadadu.",hoː	hoːja	anŋani-β	noŋan	brigedir	bi-hi-n	tarak	uj-is	stada-du,very	many	year-ACC	3SG	brigade.leader.R	be-PST-3SG	DIST	nine-ORD.Y	herd.R-DAT.ESS,"He was a brigade leader for very many years, in that 9th brigade.",A3,9,even1260,even1260a,WORD_ALIGNED,"{""ACC"": ""Accusative"", ""SG"": ""Singular"", ""PST"": ""Past"", ""DIST"": ""Distal demonstrative"", ""ORD"": ""Ordinal"", ""DAT"": ""Dative"", ""ESS"": ""Essive""}"
even1260a-A3-10,"ejmu Anastasija Afanasevna Kejmetinova, noŋan SebjanKüöl školadun, hupkuʨektun iak, istorija hupkuʨimŋeɟin gurgeβʨirin.",ejm-u	Anastasija	Afanasevna	Kejmetinova	noŋan	SebjanKüöl	škola-du-n	hupku-ʨek-tu-n	iak	istorija	hupkuʨi-mŋe-ɟi-n	gurgeβʨi-ri-n,mother-PX.1SG	PN	PN	PN	3SG	TOPO	school.R-DAT.ESS-PX.3SG	learn-NR(PLACE)-DAT.ESS-PX.3SG	FLR	history.R	learn-AGNR-INS-PX.3SG	to.work-PST-3SG,"My mother is Anastasija Afanasevna Kejmetinova, she worked in the Sebjan-Küöl school as a teacher of history.",A3,10,even1260,even1260a,WORD_ALIGNED,"{""PX"": ""Possessive suffix"", ""SG"": ""Singular"", ""PN"": ""Proper noun"", ""TOPO"": ""Toponym"", ""DAT"": ""Dative"", ""ESS"": ""Essive"", ""NR"": ""Nominalizer"", ""FLR"": ""Filler"", ""AGNR"": ""Agent nominalizer"", ""INS"": ""Instrumental"", ""PST"": ""Past""}"
even1260a-A3-11,"otpuskaj gami deremkeʨek oːrakan, noŋan mutu amandulat huruβren.",otpuska-j	ga-mi	deremke-ʨek	oː-raka-n	noŋan	mut-u	aman-dula-t	hur-u-βre-n,holidays.R-PRFL.SG	take-SS.COND	to.rest-NR(PLACE)	become-DS.COND-3SG	3SG	1PL-ACC	father-LOC-PX.1PL	go-VAL-HAB-3SG,"Taking leave, when the holidays started, she took us to our father.",A3,11,even1260,even1260a,WORD_ALIGNED,"{""PRFL"": ""Reflexive possessive"", ""SG"": ""Singular"", ""SS"": ""Same-subject converb"", ""COND"": ""Conditional-Temporal (converb)"", ""NR"": ""Nominalizer"", ""DS"": ""Different-subject converb"", ""PL"": ""Plural"", ""ACC"": ""Accusative"", ""LOC"": ""Locative"", ""PX"": ""Possessive suffix"", ""VAL"": ""Valency-change"", ""HAB"": ""Habitual""}"
even1260a-A3-12,tala amandulaːr mut nulgehŋererep.,ta-la	aman-dulaːr	mut	nulge-h-ŋere-re-p,DIST-LOC	father-LOC.PRFL.PL	1PL	migrate-TAM1-HAB-NFUT-1PL,We migrated there to our father.,A3,12,even1260,even1260a,WORD_ALIGNED,"{""DIST"": ""Distal demonstrative"", ""LOC"": ""Locative"", ""PRFL"": ""Reflexive possessive"", ""PL"": ""Plural"", ""TAM"": ""Polysemous TAM marker"", ""HAB"": ""Habitual"", ""NFUT"": ""Non-future""}"
even1260a-A3-13,"ɟulle ɟoːnaku biː mašina gərbə adukun bihin, tiemi mut oronat iaduk, bileːktuk Sebeːnduk oronat gulehŋererep.",ɟul-le	ɟoː-nak-u	biː	mašina	gərbə	adukun	bi-hi-n	tiemi	mut	orona-t	ia-duk	bileːk-tuk	Sebeːn-duk	orona-t	guleh-ŋere-re-p,front-LOC	remember-DS.COND-1SG	1SG	car.R	name	few	be-PST-3SG	therefore	1PL	reindeer(domestic)-INS	FLR-ABL	territory-ABL	TOPO-ABL	reindeer(domestic)-INS	ride.off.by.reindeer-HAB-NFUT-1PL,"Previously, as I remember, there were few vehicles, therefore we went out from the village, from Sebjan by reindeer.",A3,13,even1260,even1260a,WORD_ALIGNED,"{""LOC"": ""Locative"", ""DS"": ""Different-subject converb"", ""COND"": ""Conditional-Temporal (converb)"", ""SG"": ""Singular"", ""PST"": ""Past"", ""PL"": ""Plural"", ""INS"": ""Instrumental"", ""FLR"": ""Filler"", ""ABL"": ""Ablative"", ""TOPO"": ""Toponym"", ""HAB"": ""Habitual"", ""NFUT"": ""Non-future""}"
even1260a-A3-14,"tar Hulaɲaʨan doːmakoːmin, Hulaɲaʨan okaːt doːmakaːmin.",tar	Hulaɲaʨan	doː-makoːmi-n	Hulaɲaʨan	okaːt	doː-makaːmi-n,DP	TOPO	inside-DIRECTLY-PX.3SG	TOPO	river	inside-DIRECTLY-PX.3SG,"Directly in that Hulaɲaʨan, directly in the bed of the river Hulaɲaʨan.'\footnote{The name of the river Hulaɲaʨan contains the adjective \textit{hulaɲa} `red' and the Definite Diminutive suffix \textit{-ʨan}, i.e. it translates as `the little red one'.",A3,14,even1260,even1260a,WORD_ALIGNED,"{""DP"": ""Discourse particle"", ""TOPO"": ""Toponym"", ""PX"": ""Possessive suffix"", ""SG"": ""Singular""}"
even1260a-A3-15,"tiːk tali iak, hotaran əhni, mašinal biβeːtte, əbəhki korattiki emgerer, Sangartiki.",tiːk	ta-li	iak	hotaran	əhni	mašina-l	bi-βeːt-te	əbə-hki	korat-tiki	em-gere-r	Sangar-tiki,now	DIST-PROL	FLR	road	TAG	car.R-PL	be-ITER-NFUT	PROX-ADVB.ALL	town.R-ALL	come-HAB-3PL	TOPO-ALL,"Now there's a road along there, right, vehicles go there, they come here, to town, towards Sangar.'\footnote{Sangar (\figref{fig:mapLam2}) is the administrative centre of the district in which Sebjan-Küöl is located.",A3,15,even1260,even1260a,WORD_ALIGNED,"{""DIST"": ""Distal demonstrative"", ""PROL"": ""Prolative"", ""FLR"": ""Filler"", ""TAG"": ""Tag question"", ""PL"": ""Plural"", ""ITER"": ""Iterative (aspect)"", ""NFUT"": ""Non-future"", ""PROX"": ""Proximal (demonstrative)"", ""ADVB"": ""Adverbial"", ""ALL"": ""Allative"", ""HAB"": ""Habitual"", ""TOPO"": ""Toponym""}"
even1260a-A3-16,"tar hotaranduli mut iala ihkarap, iaka, ɵrikitle, ŋiː, Tɵŋekʨen gərbə tɵːrre.",tar	hotaran-duli	mut	ia-la	ih-kara-p	iaka	ɵrikit-le	ŋiː	Tɵŋekʨen	gərbə	tɵːr-re,DIST	road-PROL	1PL	FLR-LOC	reach-HAB-1PL	FLR	camp-LOC	FLR	TOPO	name	place-LOC,"Along that road we reach the camp, it's in a place called Tɵŋekʨen.'\footnote{Tɵŋekʨen is derived from \textit{tɵŋke}, `patch of forest with big tall trees'; in that place there used to be a forest like that, but now it has been largely cut down for firewood.",A3,16,even1260,even1260a,WORD_ALIGNED,"{""DIST"": ""Distal demonstrative"", ""PROL"": ""Prolative"", ""PL"": ""Plural"", ""FLR"": ""Filler"", ""LOC"": ""Locative"", ""HAB"": ""Habitual"", ""TOPO"": ""Toponym""}"
even1260a-A3-17,tar hoːja kuŋa oːnikahal mut stadadu irildu hoː ajit ibgat bietkererep.,tar	hoːja	kuŋa	oː-nika-hal	mut	stada-du	irildu	hoː	aji-t	ibga-t	bi-βeːt-kere-re-p,DP	many	child	become-SS.SIM1-PL	1PL	herd.R-DAT.ESS	summer	very	good-ADVR	good-ADVR	be-ITER-HAB-NFUT-1PL,"We were in the herd with a big group of children in summer, we went very well.'\footnote{Note that Ekaterina Krivoshapkina here corrects the standard word for `good', \textit{aj}, to the Lamunkhin dialectal form, \textit{ibga}.",A3,17,even1260,even1260a,WORD_ALIGNED,"{""DP"": ""Discourse particle"", ""SS"": ""Same-subject converb"", ""SIM"": ""Simultaneous (converb)"", ""PL"": ""Plural"", ""DAT"": ""Dative"", ""ESS"": ""Essive"", ""ADVR"": ""Adverbializer"", ""ITER"": ""Iterative (aspect)"", ""HAB"": ""Habitual"", ""NFUT"": ""Non-future""}"
even1260a-A3-18,ɟaːlti bəkəbbən takkakkarar muttu.,ɟaːl-ti	bəkəb-bə-n	takka-k-kara-r	mut-tu,family-PX.1PL	all-ACC-PX.3SG	teach-TAM2-HAB-3PL	1PL-DAT.ESS,Our relatives taught us everything.,A3,18,even1260,even1260a,WORD_ALIGNED,"{""PX"": ""Possessive suffix"", ""PL"": ""Plural"", ""ACC"": ""Accusative"", ""SG"": ""Singular"", ""TAM"": ""Polysemous TAM marker"", ""HAB"": ""Habitual"", ""DAT"": ""Dative"", ""ESS"": ""Essive""}"
even1260a-A3-19,"tarit haːmaj egɟeŋelten, mut, orondula hərgərep, biː ammuβ boggararap.",tarit	haːmaj	egɟe-ŋe-l-ten	mut	oron-dula	hər-gəre-p	biː	amm-u-β	bog-gara-ra-p,then	the.most.R	big-POSS-PL-PX.3PL	1PL	reindeer(domestic)-LOC	go-HAB-1PL	1SG	father-ACC-PX.1SG	accompany-HAB-NFUT-1PL,"And then the oldest, we, went to the reindeer herd, we accompanied my father.",A3,19,even1260,even1260a,WORD_ALIGNED,"{""POSS"": ""Non-canonical possession"", ""PL"": ""Plural"", ""PX"": ""Possessive suffix"", ""LOC"": ""Locative"", ""HAB"": ""Habitual"", ""SG"": ""Singular"", ""ACC"": ""Accusative"", ""NFUT"": ""Non-future""}"
even1260a-A3-20,"ammu brigedir bihin, tarit eʨin smenalduli mutu iaβran.",amm-u	brigedir	bi-hi-n	tarit	eʨin	smena-l-duli	mut-u	ia-βra-n,father-PX.1SG	brigade.leader.R	be-PST-3SG	then	PROX.QUAL	shift.R-PL-PROL	1PL-ACC	FLR-HAB-3SG,"My father was brigade leader, then he did whatchamacallit (took us) on the shifts.",A3,20,even1260,even1260a,WORD_ALIGNED,"{""PX"": ""Possessive suffix"", ""SG"": ""Singular"", ""PST"": ""Past"", ""PROX"": ""Proximal (demonstrative)"", ""QUAL"": ""Qualitative"", ""PL"": ""Plural"", ""PROL"": ""Prolative"", ""ACC"": ""Accusative"", ""FLR"": ""Filler"", ""HAB"": ""Habitual""}"
even1260a-A3-21,"mut Ekaterinaɲun, Ketiɲun ɵmen smenala biβrep.",mut	Ekaterina-ɲun	Keti-ɲun	ɵmen	smena-la	bi-βre-p,1PL	PN-COM(GNRL)	PN-COM(GNRL)	one	shift.R-LOC	be-HAB-1PL,Keti (Ekaterina) and I were in one shift.'\footnote{Keti (Ekaterina in Russian) is a cousin of the speaker.,A3,21,even1260,even1260a,WORD_ALIGNED,"{""PL"": ""Plural"", ""PN"": ""Proper noun"", ""COM"": ""Comitative"", ""GNRL"": ""General (comitative)"", ""LOC"": ""Locative"", ""HAB"": ""Habitual""}"
even1260a-A3-22,"biː ammu akanni bihin, Vasilij Vasilevič gərbə, orolʨimŋa.",biː	amm-u	akan-ni	bi-hi-n	Vasilij	Vasilevič	gərbə	orolʨi-mŋa,1SG	father-PX.1SG	older.brother-PX.3SG	be-PST-3SG	PN	PN	name	herd.reindeer-AGNR,"There was my father's older brother, Vasilij Vasilevič, he was a reindeer herder.",A3,22,even1260,even1260a,WORD_ALIGNED,"{""SG"": ""Singular"", ""PX"": ""Possessive suffix"", ""PST"": ""Past"", ""PN"": ""Proper noun"", ""AGNR"": ""Agent nominalizer""}"
even1260a-A3-23,tar Vasilij Vasilevičɲun mut ɵmettu kɵssiβrep orolbu.,tar	Vasilij	Vasilevič-ɲun	mut	ɵmettu	kɵssi-βre-p	oro-l-bu,DP	PN	PN-COM(GNRL)	1PL	together	to.herd(day)-HAB-1PL	reindeer(domestic)-PL-ACC,We herded reindeer by day together with Vasilij Vasilevič.,A3,23,even1260,even1260a,WORD_ALIGNED,"{""DP"": ""Discourse particle"", ""PN"": ""Proper noun"", ""COM"": ""Comitative"", ""GNRL"": ""General (comitative)"", ""PL"": ""Plural"", ""HAB"": ""Habitual"", ""ACC"": ""Accusative""}"
even1260a-A3-24,"ammu tar kɵʨuken nɵːŋilɲumu iaβran, Koljaɲun, biː nɵːɲumu Koljaɲun, Endeː, noŋartan ɵmettu.",amm-u	tar	kɵʨuken	nɵː-ŋil-ɲum-u	ia-βra-n	Kolja-ɲun	biː	nɵː-ɲum-u	Kolja-ɲun	Endeː	noŋartan	ɵmettu,father-PX.1SG	DP	small	younger.sib-PL(KIN)-COM(GNRL)-PX.1SG	FLR-HAB-3SG	PN-COM(GNRL)	1SG	younger.sib-COM(GNRL)-PX.1SG	PN-COM(GNRL)	PN	3PL	together,"My father did whatchamacallit (herded) with my younger siblings, with my younger brother Kolja, Ende, together with them.'\footnote{Kolja (the hypocoristic form of Nikolaj) is the younger brother of the speaker, while Ende (Andrey in Russian) is a cousin.",A3,24,even1260,even1260a,WORD_ALIGNED,"{""PX"": ""Possessive suffix"", ""SG"": ""Singular"", ""DP"": ""Discourse particle"", ""PL"": ""Plural"", ""COM"": ""Comitative"", ""GNRL"": ""General (comitative)"", ""FLR"": ""Filler"", ""HAB"": ""Habitual"", ""PN"": ""Proper noun""}"
even1260a-A3-25,"tarit Ženja, Matvej, Tolik, noŋartan hɵnte smenala iaβrar, orom kɵjeːkkerer.",tarit	Ženja	Matvej	Tolik	noŋartan	hɵnte	smena-la	ia-βra-r	oro-m	kɵjeːk-kere-r,then	PN	PN	PN	3PL	other	shift.R-LOC	FLR-HAB-3PL	reindeer(domestic)-ACC	look.at-HAB-3PL,"Then Ženya, Matvej, Tolik, they watched the reindeer in a different shift.'\footnote{These are more cousins of Ekaterina Krivoshapkina. A lot of her mother's nephews and nieces spent their summer holidays with them in her father's reindeer brigade.",A3,25,even1260,even1260a,WORD_ALIGNED,"{""PN"": ""Proper noun"", ""PL"": ""Plural"", ""LOC"": ""Locative"", ""FLR"": ""Filler"", ""HAB"": ""Habitual"", ""ACC"": ""Accusative""}"
even1260a-A3-26,"tar taʨikan nahaː ibgat biekkererit, kuŋa bihiŋit.",tar	taʨi-kan	nahaː	ibga-t	bi-βeːt-kere-ri-t	kuŋa	bi-hiŋi-t,DP	DIST.QUAL-DIM	very.Y	good-ADVR	be-ITER-HAB-PST-1PL	child	be-VS.TEMP-1PL,"Like that we went very well, when we were children.",A3,26,even1260,even1260a,WORD_ALIGNED,"{""DP"": ""Discourse particle"", ""DIST"": ""Distal demonstrative"", ""QUAL"": ""Qualitative"", ""DIM"": ""Diminutive "", ""ADVR"": ""Adverbializer"", ""ITER"": ""Iterative (aspect)"", ""HAB"": ""Habitual"", ""PST"": ""Past"", ""PL"": ""Plural"", ""VS"": ""Variable-subject converb"", ""TEMP"": ""Temporal (converb)""}"
even1260a-A3-27,"tarakam mut ɟaːlti, ejmude ammuda hoːjaβ muttu bɵːritnen.",tarakam	mut	ɟaːl-ti	ejm-u=de	amm-u=da	hoːja-β	mut-tu	bɵː-ri-tnen,at.that.time	1PL	family-PX.1PL	mother-PX.1SG=ADD	father-PX.1SG=ADD	many-ACC	1PL-DAT.ESS	give-PST-3PL,"At that time our parents, both my mother and my father, gave us much.",A3,27,even1260,even1260a,WORD_ALIGNED,"{""PL"": ""Plural"", ""PX"": ""Possessive suffix"", ""SG"": ""Singular"", ""ADD"": ""Additive"", ""ACC"": ""Accusative"", ""DAT"": ""Dative"", ""ESS"": ""Essive"", ""PST"": ""Past""}"
even1260a-A3-28,"amanʨal biː iaβ orom oːn kɵjeːʨem, oːn ili oŋkuʨam, irek urekʨelduli, irek ialduli oŋkuʨam taraβ haːlliβ biː.",aman-ʨal	biː	ia-β	oro-m	oːn	kɵjeːʨe-n-β	oːn	i-li	oŋk-u-ʨa-n-β	irek	urekʨe-l-duli	irek	ia-l-duli	oŋk-u-ʨa-n-β	tara-β	haː-l-li-β	biː,father-COM(KIN)	1SG	FLR-ACC	reindeer(domestic)-ACC	how	look.at-NR-ACC	how	INTERR-PROL	graze-VAL-TAM2-NR-ACC	which	high.mountain-PL-PROL	which	FLR-PL-PROL	graze-VAL-TAM2-NR-ACC	DIST-ACC	know-INCH-PST-1SG	1SG,"With my father I learnt how to watch reindeer, how, where to graze them, along which mountains, which whatchamacallit (rivers) to graze them.",A3,28,even1260,even1260a,WORD_ALIGNED,"{""COM"": ""Comitative"", ""SG"": ""Singular"", ""FLR"": ""Filler"", ""ACC"": ""Accusative"", ""NR"": ""Nominalizer"", ""INTERR"": ""Interrogative root"", ""PROL"": ""Prolative"", ""VAL"": ""Valency-change"", ""TAM"": ""Polysemous TAM marker"", ""PL"": ""Plural"", ""DIST"": ""Distal demonstrative"", ""INCH"": ""Inchoative"", ""PST"": ""Past""}"
even1260a-A3-29,"oːn oŋkutmi ibga bihiβen, ile hoːja iak naβta hieriβen, ile naβta adukudmar bihiβen, irek ɲɵːʨeβ oron ajaːβriβan, taraβ biː bəkətben amandukuj haːriβ.",oːn	oŋk-u-t-mi	ibga	bi-hi-βe-n	i-le	hoːja	iak	naβta	hie-ri-βe-n	i-le	naβta	aduku-dmar	bi-hi-βe-n	irek	ɲɵːʨe-β	oron	ajaːβ-ri-βa-n	tara-β	biː	bəkət-be-n	aman-duku-j	haː-ri-β,how	graze-VAL-TAM2-SS.COND	good	be-PRS.PTCP-ACC-3SG	INTERR-LOC	many	FLR	lichen(Cladonia)	grow-PRS.PTCP-ACC-3SG	INTERR-LOC	lichen(Cladonia)	few-SEL	be-PRS.PTCP-ACC-3SG	which	plant-ACC	reindeer(domestic)	love-PRS.PTCP-ACC-3SG	DIST-ACC	1SG	all-ACC-PX.3SG	father-ABL-PRFL.SG	know-PST-1SG,"How to graze (the reindeer) well, where a lot of reindeer moss grows, where less reindeer moss grows, which plants the reindeer love, all that I learnt from my father.",A3,29,even1260,even1260a,WORD_ALIGNED,"{""VAL"": ""Valency-change"", ""TAM"": ""Polysemous TAM marker"", ""SS"": ""Same-subject converb"", ""COND"": ""Conditional-Temporal (converb)"", ""PRS"": ""Present"", ""PTCP"": ""Participle"", ""ACC"": ""Accusative"", ""SG"": ""Singular"", ""INTERR"": ""Interrogative root"", ""LOC"": ""Locative"", ""FLR"": ""Filler"", ""SEL"": ""Selective"", ""DIST"": ""Distal demonstrative"", ""PX"": ""Possessive suffix"", ""ABL"": ""Ablative"", ""PRFL"": ""Reflexive possessive"", ""PST"": ""Past""}"
even1260a-A3-30,ɲan iak oron enilleken oːn orom iaptiβkana.,ɲan	iak	oron	eni-l-leke-n	oːn	oro-m	ia-pti-β=kana,and	FLR	reindeer(domestic)	be.ill-INCH-DS.COND-3SG	how	reindeer(domestic)-ACC	FLR-IMPERS-ACC=FOC,"Also how to whatchamacallit (heal) a reindeer when it falls ill.'\footnote{The filler \textit{iaptiβ=kana} here replaces \textit{bəgdəptiβ}, `heal'.",A3,30,even1260,even1260a,WORD_ALIGNED,"{""FLR"": ""Filler"", ""INCH"": ""Inchoative"", ""DS"": ""Different-subject converb"", ""COND"": ""Conditional-Temporal (converb)"", ""SG"": ""Singular"", ""ACC"": ""Accusative"", ""IMPERS"": ""Impersonal"", ""FOC"": ""Focus""}"
even1260a-A3-31,tar enildeŋmen iak gərbə bihni?,tar	eni-l-deŋ-me-n	iak	gərbə	bi-h-ni,DP	be.ill-INCH-REM.PTCP-ACC-3SG	what	name	be-NFUT-3SG,"When (the reindeer) falls ill, what is it called?",A3,31,even1260,even1260a,WORD_ALIGNED,"{""DP"": ""Discourse particle"", ""INCH"": ""Inchoative"", ""REM"": ""Remote"", ""PTCP"": ""Participle"", ""ACC"": ""Accusative"", ""SG"": ""Singular"", ""NFUT"": ""Non-future""}"
even1260a-A3-32,nu literaturnaj bəgdəʨʨɵːtti gərbə glagol bihni.,nu	literaturnaj	bəg-də-ʨ-ʨɵːt-ti	gərbə	glagol	bi-h-ni,DP.R	literary.R	medicine-VR-TAM2-ITER-PRS.PTCP	name	verb.R	be-NFUT-3SG,In Standard Even there is a verb \textit{begdeʨʨɵːtti}.,A3,32,even1260,even1260a,WORD_ALIGNED,"{""DP"": ""Discourse particle"", ""VR"": ""Verbalizer"", ""TAM"": ""Polysemous TAM marker"", ""ITER"": ""Iterative (aspect)"", ""PRS"": ""Present"", ""PTCP"": ""Participle"", ""NFUT"": ""Non-future"", ""SG"": ""Singular""}"
even1260a-A3-33,"oːn bəgdətti taduk amandukuj məddiβ, tar kopytkagu iakgu oːriβan.",oːn	bəg-də-t-ti	ta-duk	aman-duku-j	məd-di-β	tar	kopytka=gu	iak=gu	oː-ri-βa-n,how	medicine-VR-TAM2-PRS.PTCP	DIST-ABL	father-ABL-PRFL.SG	notice-PST-1SG	DP	hoof.rot.R=DUB	GEN.EXT=DUB	become-PRS.PTCP-ACC-3SG,"How to heal them I learned from my father, when there's hoof rot or something else.'\footnote{Hoof rot (also called foot rot) is a bacterial infection that affects hooved animals. It occurs when bacteria enter the flesh through small wounds in the skin of the legs.",A3,33,even1260,even1260a,WORD_ALIGNED,"{""VR"": ""Verbalizer"", ""TAM"": ""Polysemous TAM marker"", ""PRS"": ""Present"", ""PTCP"": ""Participle"", ""DIST"": ""Distal demonstrative"", ""ABL"": ""Ablative"", ""PRFL"": ""Reflexive possessive"", ""SG"": ""Singular"", ""PST"": ""Past"", ""DP"": ""Discourse particle"", ""DUB"": ""Dubitative"", ""GEN"": ""Genitive"", ""EXT"": ""Extender"", ""ACC"": ""Accusative""}"
even1260a-A3-34,tara.,tara,DP,There.,A3,34,even1260,even1260a,WORD_ALIGNED,"{""DP"": ""Discourse particle""}"
even1260a-A3-35,"ɲan ejmu minu iadu takkattin, tar ɲamiʨam hirandu.",ɲan	ejm-u	min-u	ia-du	takka-t-ti-n	tar	ɲamiʨa-m	hira-n-du,and	mother-PX.1SG	1SG.OBL-ACC	FLR-DAT.ESS	teach-TAM2-PST-3SG	DP	reindeer.cow-ACC	to.milk-NR-DAT.ESS,And my mother taught me to how milk reindeer cows.,A3,35,even1260,even1260a,WORD_ALIGNED,"{""PX"": ""Possessive suffix"", ""SG"": ""Singular"", ""OBL"": ""Oblique"", ""ACC"": ""Accusative"", ""FLR"": ""Filler"", ""DAT"": ""Dative"", ""ESS"": ""Essive"", ""TAM"": ""Polysemous TAM marker"", ""PST"": ""Past"", ""DP"": ""Discourse particle"", ""NR"": ""Nominalizer""}"
even1260a-A3-36,"biː adiː, mian anŋanidukuj ɲamiʨam hirgararam.",biː	adiː	mian	anŋani-duku-j	ɲamiʨa-m	hir-gara-ra-m,1SG	how.many	ten	year-ABL-PRFL.SG	reindeer.cow-ACC	to.milk-HAB-NFUT-1SG,I milk cows since when -- since I was ten years old.,A3,36,even1260,even1260a,WORD_ALIGNED,"{""SG"": ""Singular"", ""ABL"": ""Ablative"", ""PRFL"": ""Reflexive possessive"", ""ACC"": ""Accusative"", ""HAB"": ""Habitual"", ""NFUT"": ""Non-future""}"
even1260a-A3-37,"numak ɲamiʨam bastaːn bɵːri bihitnen, ɵlbɵʨɵː numak ɲamiʨam, haːβdi.",numak	ɲamiʨa-m	bastaːn	bɵː-ri	bi-hi-tnen	ɵlbɵ-ʨɵ	numak	ɲamiʨa-m	haːβdi,tame	reindeer.cow-ACC	at.first.Y	give-PRS.PTCP	AUX-PST-3PL	be.decrepit-PST.PTCP	tame	reindeer.cow-ACC	old,"They first gave a tame reindeer cow, a very old one, a tame, old cow.",A3,37,even1260,even1260a,WORD_ALIGNED,"{""ACC"": ""Accusative"", ""PRS"": ""Present"", ""PTCP"": ""Participle"", ""AUX"": ""Auxiliary"", ""PST"": ""Past"", ""PL"": ""Plural""}"
even1260a-A3-38,ɵlbɵʨɵ gərbə haːgdi ɲamiʨan.,ɵlbɵ-ʨɵ	gərbə	haːgdi	ɲamiʨan,be.decrepit-PST.PTCP	name	old	reindeer.cow,"A so-called ``\textit{ɵlbeʨe}'' is an old cow.'\footnote{\textit{ɵlbɵʨɵ} = older than 10 years in general, but it's not a fixed age: it depends on individual characteristics, some reindeer age faster than others. The oldest reindeer live to around 14-15 years.",A3,38,even1260,even1260a,WORD_ALIGNED,"{""PST"": ""Past"", ""PTCP"": ""Participle""}"
even1260a-A3-39,əti homnor əti heːkir ɲamiʨam.,ə-ti	homno-r	ə-ti	heːki-r	ɲamiʨa-m,NEG-PRS.PTCP	move-NEG.CVB	NEG-PRS.PTCP	kick-NEG.CVB	reindeer.cow-ACC,"(They gave me) a cow that doesn't move, doesn't kick.",A3,39,even1260,even1260a,WORD_ALIGNED,"{""NEG"": ""Negative; by itself: Negative auxiliary"", ""PRS"": ""Present"", ""PTCP"": ""Participle"", ""CVB"": ""Converb"", ""ACC"": ""Accusative""}"
even1260a-A3-40,"taraβ hirgarariβ, ɲajukukoːn ɲajukukoːn hirnikan ulam ulam iariβ tattiβ.",tara-β	hir-gara-ri-β	ɲajuku-kan	ɲajuku-kan	hir-nikan	ulam	ulam	ia-ri-β	tat-ti-β,DIST-ACC	to.milk-HAB-PST-1SG	quietly-DIM	quietly-DIM	to.milk-SS.SIM1	gradually.Y	gradually.Y	FLR-PST-1SG	learn-PST-1SG,"That I milked quietly, quietly milking I gradually learned.",A3,40,even1260,even1260a,WORD_ALIGNED,"{""DIST"": ""Distal demonstrative"", ""ACC"": ""Accusative"", ""HAB"": ""Habitual"", ""PST"": ""Past"", ""SG"": ""Singular"", ""DIM"": ""Diminutive "", ""SS"": ""Same-subject converb"", ""SIM"": ""Simultaneous (converb)"", ""FLR"": ""Filler""}"
even1260a-A3-41,"tarit hɵnte ɲamiʨalbu hirri oːriβ, ɲan anŋantan gə hoːja ɲamiʨam hirgararam.",tarit	hɵnte	ɲamiʨa-l-bu	hir-ri	oː-ri-β	ɲan	anŋan-tan	gə	hoːja	ɲamiʨa-m	hir-gara-ra-m,then	other	reindeer.cow-PL-ACC	to.milk-PRS.PTCP	become-PST-1SG	and	year-DISTR(N)	DP	many	reindeer.cow-ACC	to.milk-HAB-NFUT-1SG,"Then I started to milk other cows and every year, well, I milk many reindeer cows.",A3,41,even1260,even1260a,WORD_ALIGNED,"{""PL"": ""Plural"", ""ACC"": ""Accusative"", ""PRS"": ""Present"", ""PTCP"": ""Participle"", ""PST"": ""Past"", ""SG"": ""Singular"", ""DISTR"": ""Distributive"", ""DP"": ""Discourse particle"", ""HAB"": ""Habitual"", ""NFUT"": ""Non-future""}"
even1260a-A3-42,"tiek biː otpuskalaj iala tala hərmi, stadala hərmi, ɟɵːr miar, ɟɵːr miar tunŋam, haːdun daže ilan miakli ɲamiʨam hirgararam.",tiek	biː	otpusk-la-j	ia-la	ta-la	hər-mi	stado-la	hər-mi	ɟɵːr	mia-r	ɟɵːr	mia-r	tunŋa-m	haːdun	daže	ilan	mia-kli	ɲamiʨa-m	hir-gara-ra-m,now	1SG	holidays.R-LOC-PRFL.SG	FLR-LOC	DIST-LOC	go-SS.COND	herd.R-LOC	go-SS.COND	two	ten-PL	two	ten-PL	five-ACC	sometimes	even.R	three	ten-APPRX	reindeer.cow-ACC	to.milk-HAB-NFUT-1SG,"Now when I go there in my holidays, when I go to the herd, I milk 20, 25, sometimes even approximately 30 cows.",A3,42,even1260,even1260a,WORD_ALIGNED,"{""SG"": ""Singular"", ""LOC"": ""Locative"", ""PRFL"": ""Reflexive possessive"", ""FLR"": ""Filler"", ""DIST"": ""Distal demonstrative"", ""SS"": ""Same-subject converb"", ""COND"": ""Conditional-Temporal (converb)"", ""PL"": ""Plural"", ""ACC"": ""Accusative"", ""APPRX"": ""Approximative"", ""HAB"": ""Habitual"", ""NFUT"": ""Non-future""}"
even1260a-A3-43,tara.,tara,DP,There.,A3,43,even1260,even1260a,WORD_ALIGNED,"{""DP"": ""Discourse particle""}"
even1260a-A4-1,"oronduk hɵnte muttule ɵssɵ mural bihe, gɵːniβ gɵːli?",oron-duk	hɵnte	mut-tule	ɵssɵ	mura-l	bi-he	gɵː-ni-β	gɵːli,reindeer(domestic)-ABL	other	1PL-LOC	still.Y	horse-PL	be-NFUT	say-PST-1SG	TAG,"Apart from reindeer we also have horses, I said that, right?",A4,1,even1260,even1260a,WORD_ALIGNED,"{""ABL"": ""Ablative"", ""PL"": ""Plural"", ""LOC"": ""Locative"", ""NFUT"": ""Non-future"", ""PST"": ""Past"", ""SG"": ""Singular"", ""TAG"": ""Tag question""}"
even1260a-A4-2,"adiː, digen muralkahal bihep.",adiː	digen	mura-lka-hal	bi-he-p,how.many	four	horse-PROP-PL	be-NFUT-1PL,"How many, we have four horses.",A4,2,even1260,even1260a,WORD_ALIGNED,"{""PROP"": ""Proprietive"", ""PL"": ""Plural"", ""NFUT"": ""Non-future""}"
even1260a-A4-3,muralti bihe ɲan ŋinalti.,mura-l-ti	bi-he	ɲan	ŋina-l-ti,horse-PL-PX.1PL	be-NFUT	and	dog-PL-PX.1PL,"We have horses, and dogs.",A4,3,even1260,even1260a,WORD_ALIGNED,"{""PL"": ""Plural"", ""PX"": ""Possessive suffix"", ""NFUT"": ""Non-future""}"
even1260a-A4-4,"ŋinat ɲan hoː hoːja, ŋinat, ammu ŋinan, Kolja ŋinan, ejmu ŋinan, ɲan Kirill ŋinan gɵːniken.",ŋina-t	ɲan	hoː	hoːja	ŋina-t	amm-u	ŋina-n	Kolja	ŋina-n	ejm-u	ŋina-n	ɲan	Kirill	ŋina-n	gɵːniken,dog-PX.1PL	and	very	many	dog-PX.1PL	father-PX.1SG	dog-PX.3SG	PN	dog-PX.3SG	mother-PX.1SG	dog-PX.3SG	and	PN	dog-PX.3SG	say.PTL,"We also have a lot of dogs: my father's dog, Kolja's dog, my mother's dog, and Kirill's dog.",A4,4,even1260,even1260a,WORD_ALIGNED,"{""PX"": ""Possessive suffix"", ""PL"": ""Plural"", ""SG"": ""Singular"", ""PN"": ""Proper noun"", ""PTL"": ""Particle""}"
even1260a-A4-5,"tar ŋinalti ɲan iaka, haːn ŋin eʨin iadu kɵsʨindu iaβʨindu bəlgerer, amanduβ, orolʨimŋa ŋinal, ɟɵːr ŋin.",tar	ŋina-l-ti	ɲan	iaka	haːn	ŋin	eʨin	ia-du	kɵsʨi-n-du	iaβʨi-n-du	bəl-gere-r	aman-du-β	orolʨi-mŋa	ŋina-l	ɟɵːr	ŋin,DIST	dog-PL-PX.1PL	and	FLR	some	dog	PROX.QUAL	FLR-DAT.ESS	to.herd(day)-NR-DAT.ESS	to.herd(night)-NR-DAT.ESS	help-HAB-3PL	father-DAT.ESS-PX.1SG	herd.reindeer-AGNR	dog-PL	two	dog,"And those dogs of ours also - some dogs help my father with the herding by day and by night, two herding dogs.",A4,5,even1260,even1260a,WORD_ALIGNED,"{""DIST"": ""Distal demonstrative"", ""PL"": ""Plural"", ""PX"": ""Possessive suffix"", ""FLR"": ""Filler"", ""PROX"": ""Proximal (demonstrative)"", ""QUAL"": ""Qualitative"", ""DAT"": ""Dative"", ""ESS"": ""Essive"", ""NR"": ""Nominalizer"", ""HAB"": ""Habitual"", ""SG"": ""Singular"", ""AGNR"": ""Agent nominalizer""}"
even1260a-A4-6,"otton taduk hɵnte ɟɵːr ŋin bujuhnemi hərmi, tar iaβ ujamkandulagu, abagala, nakatlagu hərmi, noŋartan tar emie tadu bəlgerer.",otton	ta-duk	hɵnte	ɟɵːr	ŋin	bujuh-ne-mi	hər-mi	tar	ia-β	ujamkan-dula=gu	abaga-la	nakat-la=gu	hər-mi	noŋartan	tar	emie	ta-du	bəl-gere-r,DP.Y	DIST-ABL	other	two	dog	to.hunt-AM-SS.COND	go-SS.COND	DP	FLR-ACC	snow.sheep-LOC=DUB	grandfather-LOC	bear-LOC=DUB	go-SS.COND	3PL	DP	also.Y	DIST-DAT.ESS	help-HAB-3PL,"And apart from those, two dogs help with the hunting, when going after snow sheep or bears, they also help.'\footnote{The word \textit{abaga}$\sim$\textit{abiga} `grandfather' is the euphemistic term for `bear'.",A4,6,even1260,even1260a,WORD_ALIGNED,"{""DP"": ""Discourse particle"", ""DIST"": ""Distal demonstrative"", ""ABL"": ""Ablative"", ""AM"": ""Associated Motion"", ""SS"": ""Same-subject converb"", ""COND"": ""Conditional-Temporal (converb)"", ""FLR"": ""Filler"", ""ACC"": ""Accusative"", ""LOC"": ""Locative"", ""DUB"": ""Dubitative"", ""PL"": ""Plural"", ""DAT"": ""Dative"", ""ESS"": ""Essive"", ""HAB"": ""Habitual""}"
even1260a-A4-7,"taral iak, bujuhri ŋinal, hɵntekil.",tara-l	iak	bujuh-ri	ŋina-l	hɵnte-ki-l,DIST-PL	FLR	to.hunt-PRS.PTCP	dog-PL	other-ADJR-PL,"Those are hunting dogs, different ones.",A4,7,even1260,even1260a,WORD_ALIGNED,"{""DIST"": ""Distal demonstrative"", ""PL"": ""Plural"", ""FLR"": ""Filler"", ""PRS"": ""Present"", ""PTCP"": ""Participle"", ""ADJR"": ""Adjectivizer""}"
even1260a-A4-8,Tara.,tara,DP,That's it.,A4,8,even1260,even1260a,WORD_ALIGNED,"{""DP"": ""Discourse particle""}"
even1260a-A5-1,"iak, hoːja ɵkeɲu hirriɟi eʨin, ərdiːn iala miːskele, ərdiːn ninala, ərdiːn igin oːβran.",iak	hoːja	ɵkeɲ-u	hir-riɟi	eʨin	ər-diːn	ia-la	miːske-le	ər-diːn	nina-la	ər-diːn	igin	oː-βra-n,FLR	many	milk-ACC	to.milk-SS.ANT.SG	PROX.QUAL	PROX-EQU	FLR-LOC	bowl.R-LOC	PROX-EQU	dish-LOC	PROX-EQU	etc.Y	become-HAB-3SG,"Having milked a lot of milk, into such a saucer, into such a dish, it makes up about this much.",A5,1,even1260,even1260a,WORD_ALIGNED,"{""FLR"": ""Filler"", ""ACC"": ""Accusative"", ""SS"": ""Same-subject converb"", ""ANT"": ""Anterior (converb)"", ""SG"": ""Singular"", ""PROX"": ""Proximal (demonstrative)"", ""QUAL"": ""Qualitative"", ""EQU"": ""Equative of measurable extent"", ""LOC"": ""Locative"", ""HAB"": ""Habitual""}"
even1260a-A5-2,"ineŋten baɟikar iaβ ejmu taduk ɵŋkeriɟi, eʨin kɵtlen ninala ɵŋkeriɟi, kɵrʨeku oːβran eʨin, itikinikan.",ineŋ-ten	baɟikar	ia-β	ejm-u	ta-duk	ɵŋke-riɟi	eʨin	kɵtlen	nina-la	ɵŋke-riɟi	kɵrʨek-u	oː-βra-n	eʨin	itiki-nikan,day-DISTR(N)	morning	FLR-PX.1SG	mother-PX.1SG	DIST-ABL	pour.out-SS.ANT.SG	PROX.QUAL	small	dish-LOC	pour.out-SS.ANT.SG	whipped.cream.Y-ACC	make-HAB-3SG	PROX.QUAL	mix-SS.SIM1,"Every morning my mother pours some off from there into a small bowl and makes \textit{kɵrʨek} (a kind of whipped cream), mixing like this.",A5,2,even1260,even1260a,WORD_ALIGNED,"{""DISTR"": ""Distributive"", ""FLR"": ""Filler"", ""PX"": ""Possessive suffix"", ""SG"": ""Singular"", ""DIST"": ""Distal demonstrative"", ""ABL"": ""Ablative"", ""SS"": ""Same-subject converb"", ""ANT"": ""Anterior (converb)"", ""PROX"": ""Proximal (demonstrative)"", ""QUAL"": ""Qualitative"", ""LOC"": ""Locative"", ""ACC"": ""Accusative"", ""HAB"": ""Habitual"", ""SIM"": ""Simultaneous (converb)""}"
even1260a-A5-3,hoː dahli biβren tarak.,hoː	dahli	bi-βre-n	tarak,very	tasty	be-HAB-3SG	DIST,That is very tasty.'\footnote{The adjective \textit{dahli} probably goes back to the Present participle of a verb \textit{dal-} `be.tasty'.,A5,3,even1260,even1260a,WORD_ALIGNED,"{""HAB"": ""Habitual"", ""SG"": ""Singular"", ""DIST"": ""Distal demonstrative""}"
even1260a-A5-4,"iak tɵβtə hiereken, tɵβtəβ ɵŋkeriɟi, iak varenieβ oːriɟi, tala iaɲun iami hoː aj.",iak	tɵβtə	hie-reke-n	tɵβtə-β	ɵŋke-riɟi	iak	varenie-β	oː-riɟi	ta-la	ia-ɲun	ia-mi	hoː	aj,FLR	berries	grow-DS.COND-3SG	berries-ACC	pour.out-SS.ANT.SG	FLR	jam.R-ACC	make-SS.ANT.SG	DIST-LOC	FLR-COM(GNRL)	FLR-SS.COND	very	good,"When berries grow (are ripe), having added berries, having made jam, it is very good when you do whatchamacallit with thingummy.",A5,4,even1260,even1260a,WORD_ALIGNED,"{""FLR"": ""Filler"", ""DS"": ""Different-subject converb"", ""COND"": ""Conditional-Temporal (converb)"", ""SG"": ""Singular"", ""ACC"": ""Accusative"", ""SS"": ""Same-subject converb"", ""ANT"": ""Anterior (converb)"", ""DIST"": ""Distal demonstrative"", ""LOC"": ""Locative"", ""COM"": ""Comitative"", ""GNRL"": ""General (comitative)""}"
even1260a-A5-5,"počti iamdas jogurtamdas oːβran, itikipʨa.",počti	ia-mdas	jogurta-mdas	oː-βra-n	itiki-p-ʨa,nearly.R	FLR-SML(PRP)	yoghurt.R-SML(PRP)	become-HAB-3SG	mix-MED-PST.PTCP,"It becomes nearly like yoghurt, whipped.",A5,5,even1260,even1260a,WORD_ALIGNED,"{""FLR"": ""Filler"", ""SML"": ""Similative"", ""PRP"": ""Properties (Similative)"", ""HAB"": ""Habitual"", ""SG"": ""Singular"", ""MED"": ""Mediopassive"", ""PST"": ""Past"", ""PTCP"": ""Participle""}"
even1260a-A5-6,"tarit, taduk hɵnte mut ɵkeɲu hujukkererep.",tarit	ta-duk	hɵnte	mut	ɵkeɲ-u	huj-u-k-kere-re-p,then	DIST-ABL	other	1PL	milk-ACC	boil[INTR]-VAL-TAM2-HAB-NFUT-1PL,Then apart from that we boil the milk.,A5,6,even1260,even1260a,WORD_ALIGNED,"{""DIST"": ""Distal demonstrative"", ""ABL"": ""Ablative"", ""PL"": ""Plural"", ""ACC"": ""Accusative"", ""INTR"": ""Intransitive"", ""VAL"": ""Valency-change"", ""TAM"": ""Polysemous TAM marker"", ""HAB"": ""Habitual"", ""NFUT"": ""Non-future""}"
even1260a-A5-7,ɵkeɲu hujutmi ɲan tala emie iaβ haːris naːda.,ɵkeɲ-u	huj-u-t-mi	ɲan	ta-la	emie	ia-β	haː-ri-s	naːda,milk-ACC	boil[INTR]-VAL-TAM2-SS.COND	and	DIST-LOC	also.Y	FLR-ACC	know-PRS.PTCP-2SG	need.R,Boiling milk -- you also need to know that.,A5,7,even1260,even1260a,WORD_ALIGNED,"{""ACC"": ""Accusative"", ""INTR"": ""Intransitive"", ""VAL"": ""Valency-change"", ""TAM"": ""Polysemous TAM marker"", ""SS"": ""Same-subject converb"", ""COND"": ""Conditional-Temporal (converb)"", ""DIST"": ""Distal demonstrative"", ""LOC"": ""Locative"", ""FLR"": ""Filler"", ""PRS"": ""Present"", ""PTCP"": ""Participle"", ""SG"": ""Singular""}"
even1260a-A5-8,meːne iala ohokla əhenni teːβgerer.,meːne	ia-la	ohok-la	ə-he-nni	teːβ-gere-r,simply.Y	FLR-LOC	stove.Y-LOC	NEG-NFUT-2SG	put.down-HAB-NEG.CVB,You don't just simply put it on the stove.,A5,8,even1260,even1260a,WORD_ALIGNED,"{""FLR"": ""Filler"", ""LOC"": ""Locative"", ""NEG"": ""Negative; by itself: Negative auxiliary"", ""NFUT"": ""Non-future"", ""SG"": ""Singular"", ""HAB"": ""Habitual"", ""CVB"": ""Converb""}"
even1260a-A5-9,"tala ohokla teːβriɟi, postepenno eʨin hɵkulukeniken, tarit naːr eʨin ulkunikan, ɵmen hilki ulkunikan, eʨijeː əhni bihe, eʨukuːn ɲajukukan ulkunikan, iaβ iala hujulukeŋnerep.",ta-la	ohok-la	teːβ-riɟi	postepenno	eʨin	hɵku-l-uke-niken	tarit	naːr	eʨin	ulku-nikan	{ɵmen\_hilki}	ulku-nikan	eʨi-jeː	ə-h-ni	bi-he	eʨu-kuːn	ɲajuku-kan	ulku-nikan	ia-β	ia-la	huju-l-uke-ŋne-re-p,DIST-LOC	stove.Y-LOC	put.down-SS.ANT.SG	gradually.R	PROX.QUAL	be.hot-INCH-CAUS-SS.SIM1	then	always.Y	PROX.QUAL	stir-SS.SIM1	all.the.same	stir-SS.SIM1	PROX.QUAL-AUG	NEG-NFUT-3SG	be-NEG.CVB	PROX.QUAL-DIM	quietly-DIM	stir-SS.SIM1	FLR-ACC	FLR-LOC	boil[INTR]-INCH-CAUS-HAB-NFUT-1PL,"Having put it there on the stove gradually heating it, continuously stirring, stirring evenly, not like this [fast], but like this, quietly stirring we boil that.",A5,9,even1260,even1260a,WORD_ALIGNED,"{""DIST"": ""Distal demonstrative"", ""LOC"": ""Locative"", ""SS"": ""Same-subject converb"", ""ANT"": ""Anterior (converb)"", ""SG"": ""Singular"", ""PROX"": ""Proximal (demonstrative)"", ""QUAL"": ""Qualitative"", ""INCH"": ""Inchoative"", ""CAUS"": ""Causative"", ""SIM"": ""Simultaneous (converb)"", ""AUG"": ""Augmentative"", ""NEG"": ""Negative; by itself: Negative auxiliary"", ""NFUT"": ""Non-future"", ""CVB"": ""Converb"", ""DIM"": ""Diminutive "", ""FLR"": ""Filler"", ""ACC"": ""Accusative"", ""INTR"": ""Intransitive"", ""HAB"": ""Habitual"", ""PL"": ""Plural""}"
even1260a-A5-10,tar hujʨelen iak ɵkeɲ eʨin iaβran noːg oːβran.,tar	huj-ʨe-le-n	iak	ɵkeɲ	eʨin	ia-βra-n	noːg	oː-βra-n,DP	boil[INTR]-PST.PTCP-LOC-3SG	FLR	milk	PROX.QUAL	FLR-HAB-3SG	dense	become-HAB-3SG,"When it boils, the milk becomes dense.",A5,10,even1260,even1260a,WORD_ALIGNED,"{""DP"": ""Discourse particle"", ""INTR"": ""Intransitive"", ""PST"": ""Past"", ""PTCP"": ""Participle"", ""LOC"": ""Locative"", ""SG"": ""Singular"", ""FLR"": ""Filler"", ""PROX"": ""Proximal (demonstrative)"", ""QUAL"": ""Qualitative"", ""HAB"": ""Habitual""}"
even1260a-A5-11,"ɲan eʨin ejmu gɵːŋnen, budamkanɟikas, gɵːŋnen.",ɲan	eʨin	ejm-u	gɵː-ŋne-n	buda-mkan-ɟika-s	gɵː-ŋne-n,and	PROX.QUAL	mother-PX.1SG	say-HAB-3SG	be.lumpy-CAUS-ADMON-2SG	say-HAB-3SG,"And then my mother says ``Careful, don't make it lumpy!'', she says.",A5,11,even1260,even1260a,WORD_ALIGNED,"{""PROX"": ""Proximal (demonstrative)"", ""QUAL"": ""Qualitative"", ""PX"": ""Possessive suffix"", ""SG"": ""Singular"", ""HAB"": ""Habitual"", ""CAUS"": ""Causative"", ""ADMON"": ""Admonitive""}"
even1260a-A5-12,"tar hujuʨedniken keɲelit ulkurakasku, eʨin vovremja əhəkəsku ulkur tar hujeleddi ɵkeɲ eʨin budaŋnan.",tar	huj-u-ʨe-d-niken	keɲeli-t	ulku-raka-s=ku	eʨin	vovremja	ə-həkə-s=ku	ulku-r	tar	huje-le-d-di	ɵkeɲ	eʨin	buda-ŋna-n,DP	boil[INTR]-VAL-TAM2-PROG-SS.SIM1	bad-ADVR	stir-DS.COND-2SG=DUB	PROX.QUAL	in.time.R	NEG-DS.COND-2SG=DUB	stir-NEG.CVB	DIST	boil[INTR]-INCH-PROG-PRS.PTCP	milk	PROX.QUAL	be.lumpy-HAB-3SG,"Boiling (that), if you stir it badly or if you don't stir it in time like this, then the milk that is starting to boil becomes lumpy like this.",A5,12,even1260,even1260a,WORD_ALIGNED,"{""DP"": ""Discourse particle"", ""INTR"": ""Intransitive"", ""VAL"": ""Valency-change"", ""TAM"": ""Polysemous TAM marker"", ""PROG"": ""Progressive"", ""SS"": ""Same-subject converb"", ""SIM"": ""Simultaneous (converb)"", ""ADVR"": ""Adverbializer"", ""DS"": ""Different-subject converb"", ""COND"": ""Conditional-Temporal (converb)"", ""SG"": ""Singular"", ""DUB"": ""Dubitative"", ""PROX"": ""Proximal (demonstrative)"", ""QUAL"": ""Qualitative"", ""NEG"": ""Negative; by itself: Negative auxiliary"", ""CVB"": ""Converb"", ""DIST"": ""Distal demonstrative"", ""INCH"": ""Inchoative"", ""PRS"": ""Present"", ""PTCP"": ""Participle"", ""HAB"": ""Habitual""}"
even1260a-A5-13,ɲuʨidiʨ gɵːmi kamok oːβran.,ɲuʨi-di-ʨ	gɵː-mi	kamok	oː-βra-n,Russian-ADJR(ETHNIC)-ADVR	say-SS.COND	lump.R	become-HAB-3SG,"To say it in Russian, it becomes ``lumpy''.",A5,13,even1260,even1260a,WORD_ALIGNED,"{""ADJR"": ""Adjectivizer"", ""ADVR"": ""Adverbializer"", ""SS"": ""Same-subject converb"", ""COND"": ""Conditional-Temporal (converb)"", ""HAB"": ""Habitual"", ""SG"": ""Singular""}"
even1260a-A5-14,"tiemi tar kamok ədej oːβkana eʨin hoː anaːn kɵjeːtniken tar alakkaranni, oːk hujelliβen.",tiemi	tar	kamok	ə-de-j	oː-βkan-a	eʨin	hoː	anaːn	kɵjeːt-niken	tar	alak-kara-nni	oːk	huje-l-li-βe-n,therefore	DIST	lump.R	NEG-VS.PURP-PRFL.SG	become-CAUS-NEG.CVB	PROX.QUAL	very	carefully.Y	look.at-SS.SIM1	DP	wait-HAB-2SG	when	boil[INTR]-INCH-PRS.PTCP-ACC-3SG,"Therefore, so that it doesn't become lumpy, you wait watching carefully when it starts to boil.",A5,14,even1260,even1260a,WORD_ALIGNED,"{""DIST"": ""Distal demonstrative"", ""NEG"": ""Negative; by itself: Negative auxiliary"", ""VS"": ""Variable-subject converb"", ""PURP"": ""Purposive"", ""PRFL"": ""Reflexive possessive"", ""SG"": ""Singular"", ""CAUS"": ""Causative"", ""CVB"": ""Converb"", ""PROX"": ""Proximal (demonstrative)"", ""QUAL"": ""Qualitative"", ""SS"": ""Same-subject converb"", ""SIM"": ""Simultaneous (converb)"", ""DP"": ""Discourse particle"", ""HAB"": ""Habitual"", ""INTR"": ""Intransitive"", ""INCH"": ""Inchoative"", ""PRS"": ""Present"", ""PTCP"": ""Participle"", ""ACC"": ""Accusative""}"
even1260a-A5-15,tarit tar iariɟi ohoktuk tipkeniɟi taʨinda srazu iat hɵkkit ɟebgerer.,tarit	tar	ia-riɟi	ohok-tuk	ti-pke-niɟi	taʨin=da	srazu	ia-t	hɵk-ki-t	ɟeb-gere-r,then	DP	FLR-SS.ANT.SG	stove.Y-ABL	fall-CAUS-SS.ANT.SG	DIST.QUAL=ADD	at.once.R	FLR-ADVR	be.hot-ADJR-ADVR	eat-HAB-3PL,"Then having taken it off the stove they eat it at once, hot.",A5,15,even1260,even1260a,WORD_ALIGNED,"{""DP"": ""Discourse particle"", ""FLR"": ""Filler"", ""SS"": ""Same-subject converb"", ""ANT"": ""Anterior (converb)"", ""SG"": ""Singular"", ""ABL"": ""Ablative"", ""CAUS"": ""Causative"", ""DIST"": ""Distal demonstrative"", ""QUAL"": ""Qualitative"", ""ADD"": ""Additive"", ""ADVR"": ""Adverbializer"", ""ADJR"": ""Adjectivizer"", ""HAB"": ""Habitual"", ""PL"": ""Plural""}"
even1260a-A5-16,no biː bolše tuːʨaβ ajaːβram.,no	biː	bolše	tuː-ʨa-β	ajaːβ-ra-m,but.R	1SG	more.R	cool.off[INTR]-PST.PTCP-ACC	love-NFUT-1SG,But I like it more cooled off.,A5,16,even1260,even1260a,WORD_ALIGNED,"{""SG"": ""Singular"", ""INTR"": ""Intransitive"", ""PST"": ""Past"", ""PTCP"": ""Participle"", ""ACC"": ""Accusative"", ""NFUT"": ""Non-future""}"
even1260a-A5-17,"lepieskele eʨin ehiriɟi, tarit ojlin eʨin tɵβtə varenieβan neːriɟi ɟeptij hoː dahli biβren.",lepieske-le	eʨin	ehi-riɟi	tarit	oj-li-n	eʨin	tɵβtə	varenie-βa-n	neː-riɟi	ɟep-ti-j	hoː	dahli	bi-βre-n,flatbread.R-LOC	PROX.QUAL	smear.on-SS.ANT.SG	then	surface-PROL-PX.3SG	PROX.QUAL	berries	jam.R-ACC-PX.3SG	put-SS.ANT.SG	eat-PRS.PTCP-PRFL.SG	very	tasty	be-HAB-3SG,"Spreading that on flatbread, then putting berry jam on top, eating that, that is very tasty.'\footnote{Ekaterina Krivoshapkina changed the structure of her sentence midway -- the present participle of eat would have worked well as the complement of `like, love', e.g. \textit{tɵβtə} \textit{varenieβan} \textit{neːriɟi} \textit{ɟeptij} \textit{ajaːβram} `I like to eat (that) having put berry jam'; for the sentence to end as it does she should have used the same-subject Conditional-Temporal converb, i.e. \textit{tɵβtə} \textit{varenieβan} \textit{neːriɟi} \textit{ɟepmi} \textit{hoː} \textit{dahli} \textit{biβren} `if one eats it having put berry jam it is very tasty'.",A5,17,even1260,even1260a,WORD_ALIGNED,"{""LOC"": ""Locative"", ""PROX"": ""Proximal (demonstrative)"", ""QUAL"": ""Qualitative"", ""SS"": ""Same-subject converb"", ""ANT"": ""Anterior (converb)"", ""SG"": ""Singular"", ""PROL"": ""Prolative"", ""PX"": ""Possessive suffix"", ""ACC"": ""Accusative"", ""PRS"": ""Present"", ""PTCP"": ""Participle"", ""PRFL"": ""Reflexive possessive"", ""HAB"": ""Habitual""}"
even1260a-A5-18,taraβ mut hoː hoːja ɵkeɲu ɟebgererep.,tara-β	mut	hoː	hoːja	ɵkeɲ-u	ɟeb-gere-re-p,DIST-ACC	1PL	very	many	milk-ACC	eat-HAB-NFUT-1PL,We eat a lot of milk.,A5,18,even1260,even1260a,WORD_ALIGNED,"{""DIST"": ""Distal demonstrative"", ""ACC"": ""Accusative"", ""PL"": ""Plural"", ""HAB"": ""Habitual"", ""NFUT"": ""Non-future""}"
even1260a-A5-19,"ɲan ejmu iaβ oːβran, keːbelu oːβran, tar ɵkeɲduk.",ɲan	ejm-u	ia-β	oː-βra-n	keːbel-u	oː-βra-n	tar	ɵkeɲ-duk,and	mother-PX.1SG	FLR-ACC	make-HAB-3SG	reindeer.cheese-ACC	make-HAB-3SG	DP	milk-ABL,"And my mother makes whatchamacallit, makes \textit{kebel} (a kind of cheese made of reindeer milk) from that milk.",A5,19,even1260,even1260a,WORD_ALIGNED,"{""PX"": ""Possessive suffix"", ""SG"": ""Singular"", ""FLR"": ""Filler"", ""ACC"": ""Accusative"", ""HAB"": ""Habitual"", ""DP"": ""Discourse particle"", ""ABL"": ""Ablative""}"
even1260a-A5-20,"tar ujamkan uren doːdukun eʨin iakakan, ujamkan hutən ian doːdukun tar iaβ gariɟi nokuttiɟi tar keːbel gərbə oːβran eʨiken kɵʨuken.",tar	ujamkan	ure-n	doː-duku-n	eʨin	ia-kakan	ujamkan	hutə-n	ia-n	doː-duku-n	tar	ia-β	ga-riɟi	nok-u-t-tiɟi	tar	keːbel	gərbə	oː-βra-n	eʨi-ken	kɵʨuken,DP	snow.sheep	belly-PX.3SG	inside-ABL-PX.3SG	PROX.QUAL	FLR-DIM.INDEF	snow.sheep	offspring-PX.3SG	FLR-PX.3SG	inside-ABL-PX.3SG	DP	FLR-ACC	take-SS.ANT.SG	hang.up-VAL-TAM2-SS.ANT.SG	DP	reindeer.cheese	name	become-HAB-3SG	PROX.QUAL-DIM	small,"Having taken whatchamacallit from the stomach of a snow sheep, from the stomach of a snow sheep lamb, having hung that up it becomes \textit{kebel}, small like this.'\footnote{In the beginning, Ekaterina Krivoshapkina resorts to the placeholder \textit{iak} (literally `what') a lot, because she didn't remember how rennet is called in Even. And it is actually the product made with the snow sheep rennet, the cheese, which is called \textit{keːbel}, although some people also call the rennet itself \textit{keːbel}, as here. The lump of rennet can be used over a long time, as each time only a little bit of it is used. This kind of reindeer milk cheese is made very rarely.",A5,20,even1260,even1260a,WORD_ALIGNED,"{""DP"": ""Discourse particle"", ""PX"": ""Possessive suffix"", ""SG"": ""Singular"", ""ABL"": ""Ablative"", ""PROX"": ""Proximal (demonstrative)"", ""QUAL"": ""Qualitative"", ""FLR"": ""Filler"", ""DIM"": ""Diminutive "", ""INDEF"": ""Indefinite"", ""ACC"": ""Accusative"", ""SS"": ""Same-subject converb"", ""ANT"": ""Anterior (converb)"", ""VAL"": ""Valency-change"", ""TAM"": ""Polysemous TAM marker"", ""HAB"": ""Habitual""}"
even1260a-A5-21,hundu iʨukeʨʨeːɟir.,hun-du	iʨ-uke-ʨ-ʨeːɟi-r,2PL.OBL-DAT.ESS	see-CAUS-TAM2-PRES-3PL,They probably showed you.,A5,21,even1260,even1260a,WORD_ALIGNED,"{""PL"": ""Plural"", ""OBL"": ""Oblique"", ""DAT"": ""Dative"", ""ESS"": ""Essive"", ""CAUS"": ""Causative"", ""TAM"": ""Polysemous TAM marker"", ""PRES"": ""Presumptive""}"
even1260a-A5-22,tarit tar ɵkeɲu hirdaŋi ɵkeɲi doːlan tar iaʨam keːbel iaβan eʨiken hiɲahŋaranni.,tarit	tar	ɵkeɲ-u	hir-daŋ-i	ɵkeɲ-i	doː-la-n	tar	ia-ʨa-m	keːbel	ia-βa-n	eʨi-ken	hiɲa-h-ŋara-nni,then	DIST	milk-ACC	to.milk-REM.PTCP-PRFL.SG	milk-PRFL.SG	inside-LOC-PX.3SG	DIST	FLR-DIM.DEF-ACC	reindeer.cheese	FLR-ACC-PX.3SG	PROX.QUAL-DIM	shove.into-TAM1-HAB-2SG,"Then into that milk, into the milk you milked you put a bit of that whatchamacallit, the \textit{kebel}'s thingummy, like this.",A5,22,even1260,even1260a,WORD_ALIGNED,"{""DIST"": ""Distal demonstrative"", ""ACC"": ""Accusative"", ""REM"": ""Remote"", ""PTCP"": ""Participle"", ""PRFL"": ""Reflexive possessive"", ""SG"": ""Singular"", ""LOC"": ""Locative"", ""PX"": ""Possessive suffix"", ""FLR"": ""Filler"", ""DIM"": ""Diminutive "", ""DEF"": ""Definite"", ""PROX"": ""Proximal (demonstrative)"", ""QUAL"": ""Qualitative"", ""TAM"": ""Polysemous TAM marker"", ""HAB"": ""Habitual""}"
even1260a-A5-23,"nu dopustim tar ineŋ hirdaŋi neːɟinni, tarit hiehekkidelen tar ɵkeɲ eʨijeː iaβran, maŋalgaran.",nu	dopustim	tar	ineŋ	hir-daŋ-i	neː-ɟi-nni	tarit	hiehek-kide-le-n	tar	ɵkeɲ	eʨi-jeː	ia-βra-n	maŋa-l-gara-n,DP.R	let's.assume.R	DP	during.day	to.milk-REM.PTCP-PRFL.SG	put-FUT-2SG	then	evening-SIDE-LOC-PX.3SG	DP	milk	PROX.QUAL-AUG	FLR-HAB-3SG	be.hard-INCH-HAB-3SG,"Well, let's say you put that which you milked during the day, and towards the evening the milk becomes like this, becomes hard.",A5,23,even1260,even1260a,WORD_ALIGNED,"{""DP"": ""Discourse particle"", ""REM"": ""Remote"", ""PTCP"": ""Participle"", ""PRFL"": ""Reflexive possessive"", ""SG"": ""Singular"", ""FUT"": ""Future"", ""LOC"": ""Locative"", ""PX"": ""Possessive suffix"", ""PROX"": ""Proximal (demonstrative)"", ""QUAL"": ""Qualitative"", ""AUG"": ""Augmentative"", ""FLR"": ""Filler"", ""HAB"": ""Habitual"", ""INCH"": ""Inchoative""}"
even1260a-A5-24,"mahŋi oːriɟi oːngul eʨin, oːn gɵːmi hɵp, syramdas oːβran.",mahŋi	oː-riɟi	oːn=gul	eʨin	oːn	gɵː-mi	hɵp	syra-mdas	oː-βra-n,be.hard.PRS.PTCP	become-SS.ANT.SG	how=INDEF	PROX.QUAL	how	say-SS.COND	HYP.Y	cheese.R-SML(PRP)	become-HAB-3SG,"Having become hard, (it is) like this somehow, how can one say it? it becomes like cheese.",A5,24,even1260,even1260a,WORD_ALIGNED,"{""PRS"": ""Present"", ""PTCP"": ""Participle"", ""SS"": ""Same-subject converb"", ""ANT"": ""Anterior (converb)"", ""SG"": ""Singular"", ""INDEF"": ""Indefinite"", ""PROX"": ""Proximal (demonstrative)"", ""QUAL"": ""Qualitative"", ""COND"": ""Conditional-Temporal (converb)"", ""HYP"": ""Hypothetical"", ""SML"": ""Similative"", ""PRP"": ""Properties (Similative)"", ""HAB"": ""Habitual""}"
even1260a-A5-25,tarit taraβ eʨin ʨajla hinnikan ili bəjɟinde eʨin bəjɟin ɟebgerenni.,tarit	tara-β	eʨin	ʨaj-la	hin-nikan	ili	bəj-ɟi-n=de	eʨin	bəj-ɟi-n	ɟeb-gere-nni,then	DIST-ACC	PROX.QUAL	tea.R-LOC	shove.into-SS.SIM1	or.R	self-INS-PX.3SG=ADD	PROX.QUAL	self-INS-PX.3SG	eat-HAB-2SG,"Then you put that into tea, or you eat it by itself, like this.",A5,25,even1260,even1260a,WORD_ALIGNED,"{""DIST"": ""Distal demonstrative"", ""ACC"": ""Accusative"", ""PROX"": ""Proximal (demonstrative)"", ""QUAL"": ""Qualitative"", ""LOC"": ""Locative"", ""SS"": ""Same-subject converb"", ""SIM"": ""Simultaneous (converb)"", ""INS"": ""Instrumental"", ""PX"": ""Possessive suffix"", ""SG"": ""Singular"", ""ADD"": ""Additive"", ""HAB"": ""Habitual""}"
even1260a-A5-26,ɲan hoː dahli biβren.,ɲan	hoː	dahli	bi-βre-n,and	very	tasty	be-HAB-3SG,And that is also very tasty.,A5,26,even1260,even1260a,WORD_ALIGNED,"{""HAB"": ""Habitual"", ""SG"": ""Singular""}"
even1260a-A5-27,tara.,tara,DP,There.,A5,27,even1260,even1260a,WORD_ALIGNED,"{""DP"": ""Discourse particle""}"
even1260a-A5-28,tiemi ineŋ iaβ iriliβ koŋdos mut tar ɵkeɲu ɟebgererep.,tiemi	ineŋ	ia-β	irili-β	koŋdos	mut	tar	ɵkeɲ-u	ɟeb-gere-re-p,therefore	during.day	FLR-ACC	summer-ACC	through	1PL	DIST	milk-ACC	eat-HAB-NFUT-1PL,Therefore we eat that milk during the day throughout the summer.,A5,28,even1260,even1260a,WORD_ALIGNED,"{""FLR"": ""Filler"", ""ACC"": ""Accusative"", ""PL"": ""Plural"", ""DIST"": ""Distal demonstrative"", ""HAB"": ""Habitual"", ""NFUT"": ""Non-future""}"
even1260a-A6-1,muttule oronti hoːja.,mut-tule	oron-ti	hoːja,1PL-LOC	reindeer(domestic)-PX.1PL	many,We have many reindeer.,A6,1,even1260,even1260a,WORD_ALIGNED,"{""PL"": ""Plural"", ""LOC"": ""Locative"", ""PX"": ""Possessive suffix""}"
even1260a-A6-2,"ialti, uːʨakalti konečno bihe.",ia-l-ti	uːʨaka-l-ti	konečno	bi-he,FLR-PL-PX.1PL	riding.reindeer-PL-PX.1PL	of.course.R	be-NFUT,"We have riding reindeer, of course.",A6,2,even1260,even1260a,WORD_ALIGNED,"{""FLR"": ""Filler"", ""PL"": ""Plural"", ""PX"": ""Possessive suffix"", ""NFUT"": ""Non-future""}"
even1260a-A6-3,"biː uːʨaku uže tiːk adiː anŋanilkan oːdni, uže adiːda, tuŋŋan anŋaniβ uže, tunŋis irilduβ oːɟin tarak uːʨaktu badudaku.",biː	uːʨak-u	uže	tiːk	adiː	anŋani-lkan	oː-d-ni	uže	adiː=da	tuŋŋan	anŋani-β	uže	tunŋ-is	irildu-β	oː-ɟi-n	tarak	uːʨak-tu	badu-dak-u,1SG	riding.reindeer-PX.1SG	already.R	now	how.many	year-PROP	become-NFUT-3SG	already.R	how.many=ADD	five	year-PX.1SG	already.R	five-ORD.Y	summer-PX.1SG	become-FUT-3SG	DIST	riding.reindeer-DAT.ESS	ride-DS.COND-1SG,"My riding reindeer is now -- how old did it become, a lot, this will be my fifth summer that I ride on that reindeer.",A6,3,even1260,even1260a,WORD_ALIGNED,"{""SG"": ""Singular"", ""PX"": ""Possessive suffix"", ""PROP"": ""Proprietive"", ""NFUT"": ""Non-future"", ""ADD"": ""Additive"", ""ORD"": ""Ordinal"", ""FUT"": ""Future"", ""DIST"": ""Distal demonstrative"", ""DAT"": ""Dative"", ""ESS"": ""Essive"", ""DS"": ""Different-subject converb"", ""COND"": ""Conditional-Temporal (converb)""}"
even1260a-A6-4,"uːʨaku konečno hoːja biβren, taʨin, omolgoβda uːʨakan.",uːʨak-u	konečno	hoːja	bi-βre-n	taʨin	omolgo-β=da	uːʨaka-n,riding.reindeer-PX.1SG	of.course.R	many	be-HAB-3SG	DIST.QUAL	boy-PX.1SG=ADD	riding.reindeer-PX.3SG,"I have a lot of riding reindeer, of course, and the riding reindeer of my son.",A6,4,even1260,even1260a,WORD_ALIGNED,"{""PX"": ""Possessive suffix"", ""SG"": ""Singular"", ""HAB"": ""Habitual"", ""DIST"": ""Distal demonstrative"", ""QUAL"": ""Qualitative"", ""ADD"": ""Additive""}"
even1260a-A6-5,"tarit tar uːʨakalbut, orolbut bəkəbben ammu Afanasij Vasilevič takkakkaran, ɲan nɵːβu Kolja.",tarit	tar	uːʨaka-l-bu-t	oro-l-bu-t	bəkəb-be-n	amm-u	Afanasij	Vasilevič	takka-k-kara-n	ɲan	nɵː-βu	Kolja,then	DP	riding.reindeer-PL-ACC-PX.1PL	reindeer(domestic)-PL-ACC-PX.1PL	all-ACC-PX.3SG	father-PX.1SG	PN	PN	teach-TAM2-HAB-3SG	and	younger.sib-PX.1SG	PN,"Those riding reindeer of ours, all the reindeer, my father Afanasij Vasilevič breaks in, and my younger brother Kolja.",A6,5,even1260,even1260a,WORD_ALIGNED,"{""DP"": ""Discourse particle"", ""PL"": ""Plural"", ""ACC"": ""Accusative"", ""PX"": ""Possessive suffix"", ""SG"": ""Singular"", ""PN"": ""Proper noun"", ""TAM"": ""Polysemous TAM marker"", ""HAB"": ""Habitual""}"
even1260a-A6-6,noŋartan takkakkarar.,noŋartan	takka-k-kara-r,3PL	teach-TAM2-HAB-3PL,They break them in.,A6,6,even1260,even1260a,WORD_ALIGNED,"{""PL"": ""Plural"", ""TAM"": ""Polysemous TAM marker"", ""HAB"": ""Habitual""}"
even1260a-A6-7,mut orolti bəkəʨʨeːnɟur uhiβ haːra.,mut	oro-l-ti	bəkəʨ-ʨeːn-ɟur	uhi-β	haː-ra,1PL	reindeer(domestic)-PL-PX.1PL	all-DIM.DEF-INS.PRFL.PL	rope-ACC	know-NFUT,Our reindeer all know the rope (i.e. they all agree to being tied up).,A6,7,even1260,even1260a,WORD_ALIGNED,"{""PL"": ""Plural"", ""PX"": ""Possessive suffix"", ""DIM"": ""Diminutive "", ""DEF"": ""Definite"", ""INS"": ""Instrumental"", ""PRFL"": ""Reflexive possessive"", ""ACC"": ""Accusative"", ""NFUT"": ""Non-future""}"
even1260a-A6-8,ɲan mut oːn takkakkarap.,ɲan	mut	oːn	takka-k-kara-p,and	1PL	how	teach-TAM2-HAB-1PL,And how do we break them in?,A6,8,even1260,even1260a,WORD_ALIGNED,"{""PL"": ""Plural"", ""TAM"": ""Polysemous TAM marker"", ""HAB"": ""Habitual""}"
even1260a-A6-9,"oron kɵtlen bihiŋin, eːnken bihiŋin, honŋaʨan bihiŋin əhni bihe, uže honŋaʨan amardadun eːnken əhni.",oron	kɵtlen	bi-hiŋi-n	eːnken	bi-hiŋi-n	honŋaʨan	bi-hiŋi-n	ə-h-ni	bi-he	uže	honŋaʨan	amar-da-du-n	eːnken	əhni,reindeer(domestic)	small	be-VS.TEMP-3SG	reindeer.calf(2-12months)	be-VS.TEMP-3SG	reindeer.calf(1st.month)	be-VS.TEMP-3SG	NEG-NFUT-3SG	be-NEG.CVB	already.R	reindeer.calf(1st.month)	behind-SIDE-DAT.ESS-PX.3SG	reindeer.calf(2-12months)	TAG,"When the reindeer is young, a calf, not a very young calf (\textit{honŋaʨan}), after the (stage of) very young calf, it's an \textit{eːnken} (calf of several months), right?'\footnote{The term \textit{honŋaʨan} designates the youngest reindeer calves (in the first month of their life) irrespective of their sex, and \textit{eːnken} designates the next age group, up to one year, again irrespective of sex. After that, male and female reindeer are designated with distinct terms (see \tabref{tab:reind.dict} in \sectref{sec:reindeerterms}).",A6,9,even1260,even1260a,WORD_ALIGNED,"{""VS"": ""Variable-subject converb"", ""TEMP"": ""Temporal (converb)"", ""SG"": ""Singular"", ""NEG"": ""Negative; by itself: Negative auxiliary"", ""NFUT"": ""Non-future"", ""CVB"": ""Converb"", ""DAT"": ""Dative"", ""ESS"": ""Essive"", ""PX"": ""Possessive suffix"", ""TAG"": ""Tag question""}"
even1260a-A6-10,"honŋaʨan tar ɵmen ilaːlkan honŋaʨan gɵːŋner, gɵːli?",honŋaʨan	tar	ɵmen	ilaː-lkan	honŋaʨan	gɵː-ŋne-r	gɵːli,reindeer.calf(1st.month)	DIST	one	month-PROP	reindeer.calf(1st.month)	say-HAB-3PL	TAG,"They call a one-month-old calf \textit{honŋaʨan}, right?",A6,10,even1260,even1260a,WORD_ALIGNED,"{""DIST"": ""Distal demonstrative"", ""PROP"": ""Proprietive"", ""HAB"": ""Habitual"", ""PL"": ""Plural"", ""TAG"": ""Tag question""}"
even1260a-A6-11,"eːnken oːrakan, avgust iaduk, ilaːnduk, avgustu mut eːnkeʨelbur eʨin hepkuniɟur uhidu takkakkararap, hiakitadu, niŋtedu eʨin iːderdu uʨinikehel.",eːnken	oː-raka-n	avgust	ia-duk	ilaːn-duk	avgus-tu	mut	eːnke-ʨe-l-bur	eʨin	hepku-niɟur	uhi-du	takka-k-kara-ra-p	hiakita-du	niŋte-du	eʨin	iːder-du	u-ʨi-nike-hel,reindeer.calf(2-12months)	become-DS.COND-3SG	August.R	FLR-ABL	month-ABL	August.R-DAT.ESS	1PL	reindeer.calf(2-12months)-DIM.DEF-PL-PRFL.PL	PROX.QUAL	catch-SS.ANT.PL	rope-DAT.ESS	teach-TAM2-HAB-NFUT-1PL	tree-DAT.ESS	root-DAT.ESS	PROX.QUAL	tethering.post-DAT.ESS	tie.up-TAM2-SS.SIM1-PL,"When it becomes a big calf (\textit{eːnken}), from the month of August, in August we catch the calves and get them used to the rope/bridle, tying them to trees or roots or tying posts.",A6,11,even1260,even1260a,WORD_ALIGNED,"{""DS"": ""Different-subject converb"", ""COND"": ""Conditional-Temporal (converb)"", ""SG"": ""Singular"", ""FLR"": ""Filler"", ""ABL"": ""Ablative"", ""DAT"": ""Dative"", ""ESS"": ""Essive"", ""PL"": ""Plural"", ""DIM"": ""Diminutive "", ""DEF"": ""Definite"", ""PRFL"": ""Reflexive possessive"", ""PROX"": ""Proximal (demonstrative)"", ""QUAL"": ""Qualitative"", ""SS"": ""Same-subject converb"", ""ANT"": ""Anterior (converb)"", ""TAM"": ""Polysemous TAM marker"", ""HAB"": ""Habitual"", ""NFUT"": ""Non-future"", ""SIM"": ""Simultaneous (converb)""}"
even1260a-A6-12,ɲan tadu noŋardutnan taku bɵːniken.,ɲan	ta-du	noŋardutnan	tak-u	bɵː-niken,and	DIST-DAT.ESS	3PL.DAT	salt-ACC	give-SS.SIM1,Giving them salt there...,A6,12,even1260,even1260a,WORD_ALIGNED,"{""DIST"": ""Distal demonstrative"", ""DAT"": ""Dative"", ""ESS"": ""Essive"", ""PL"": ""Plural"", ""ACC"": ""Accusative"", ""SS"": ""Same-subject converb"", ""SIM"": ""Simultaneous (converb)""}"
even1260a-A6-13,"tak gərbə sol, gɵːli, taraβ takkakkararap.",tak	gərbə	sol	gɵːli	tara-β	takka-k-kara-ra-p,salt	name	salt.R	TAG	DIST-ACC	teach-TAM2-HAB-NFUT-1PL,"{``}\textit{Tak}'' is salt, right, we get them used to that.'\footnote{The Accusative case marking on the demonstrative (\textit{taraβ}) is not quite correct, it should be Dative case (\textit{tadu}).",A6,13,even1260,even1260a,WORD_ALIGNED,"{""TAG"": ""Tag question"", ""DIST"": ""Distal demonstrative"", ""ACC"": ""Accusative"", ""TAM"": ""Polysemous TAM marker"", ""HAB"": ""Habitual"", ""NFUT"": ""Non-future"", ""PL"": ""Plural""}"
even1260a-A6-14,tiemi mut orolti bəkəʨʨenɟur əstə gulun bihe.,tiemi	mut	oro-l-ti	bəkəʨ-ʨen-ɟur	ə-s-tə	gulun	bi-he,therefore	1PL	reindeer(domestic)-PL-PX.1PL	all-DIM.DEF-INS.PRFL.PL	NEG-NFUT-3PL	wild	be-NEG.CVB,That is why all of our reindeer are not wild.,A6,14,even1260,even1260a,WORD_ALIGNED,"{""PL"": ""Plural"", ""PX"": ""Possessive suffix"", ""DIM"": ""Diminutive "", ""DEF"": ""Definite"", ""INS"": ""Instrumental"", ""PRFL"": ""Reflexive possessive"", ""NEG"": ""Negative; by itself: Negative auxiliary"", ""NFUT"": ""Non-future"", ""CVB"": ""Converb""}"
even1260a-A6-15,"noŋartan butunni eʨin iaβ nugahnakat, tar taku nugahnakat kuɲaβrar muttule.",noŋartan	butunni	eʨin	ia-β	nuga-h-naka-t	tar	tak-u	nuga-h-naka-t	kuɲa-βra-r	mut-tule,3PL	entirely.Y	PROX.QUAL	FLR-ACC	take.out-TAM1-DS.COND-1PL	DIST	salt-ACC	take.out-TAM1-DS.COND-1PL	run(of.animals)-HAB-3PL	1PL-LOC,"They all run to us when we take out whatchamacallit, when we take out the salt.",A6,15,even1260,even1260a,WORD_ALIGNED,"{""PL"": ""Plural"", ""PROX"": ""Proximal (demonstrative)"", ""QUAL"": ""Qualitative"", ""FLR"": ""Filler"", ""ACC"": ""Accusative"", ""TAM"": ""Polysemous TAM marker"", ""DS"": ""Different-subject converb"", ""COND"": ""Conditional-Temporal (converb)"", ""DIST"": ""Distal demonstrative"", ""HAB"": ""Habitual"", ""LOC"": ""Locative""}"
even1260a-A6-16,"ɲan mut orolti mutu bəkəʨʨur iaɟit haːra, ɲuːʨidiʨ gɵːmi ``po golosu uznajut'' gərbə, golosʨit.",ɲan	mut	oro-l-ti	mut-u	bəkəʨ-ʨur	ia-ɟi-t	haː-ra	ɲuːʨi-di-ʨ	gɵː-mi	po	golosu	uznajut	gərbə	golos-ʨi-t,and	1PL	reindeer(domestic)-PL-PX.1PL	1PL-ACC	all-INS.PRFL.PL	FLR-INS-PX.1PL	know-NFUT	Russian-ADJR(ETHNIC)-ADVR	say-SS.COND	by.R	voice.DAT.R	recognize.PRS.3PL.R	name	voice.R-INS-PX.1PL,"And all our reindeer know us by what, ``they know us by our voice'' as they say in Russian, by our voice.",A6,16,even1260,even1260a,WORD_ALIGNED,"{""PL"": ""Plural"", ""PX"": ""Possessive suffix"", ""ACC"": ""Accusative"", ""INS"": ""Instrumental"", ""PRFL"": ""Reflexive possessive"", ""FLR"": ""Filler"", ""NFUT"": ""Non-future"", ""ADJR"": ""Adjectivizer"", ""ADVR"": ""Adverbializer"", ""SS"": ""Same-subject converb"", ""COND"": ""Conditional-Temporal (converb)"", ""DAT"": ""Dative"", ""PRS"": ""Present""}"
even1260a-A6-17,"Kolja ɲɵːriɟi, emeldeː, gɵːneken, miltereː bəkəʨʨenɟur kuɲaβrar.",Kolja	ɲɵː-riɟi	eme-lde	gɵː-neke-n	miltereː	bəkəʨ-ʨen-ɟur	kuɲa-βra-r,PN	to.exit-SS.ANT.SG	come-IMP.PL	say-DS.COND-3SG	full	all-DIM.DEF-INS.PRFL.PL	run(of.animals)-HAB-3PL,"When Kolja goes out and calls ``Come!'', absolutely all of them run.",A6,17,even1260,even1260a,WORD_ALIGNED,"{""PN"": ""Proper noun"", ""SS"": ""Same-subject converb"", ""ANT"": ""Anterior (converb)"", ""SG"": ""Singular"", ""IMP"": ""Imperative"", ""PL"": ""Plural"", ""DS"": ""Different-subject converb"", ""COND"": ""Conditional-Temporal (converb)"", ""DIM"": ""Diminutive "", ""DEF"": ""Definite"", ""INS"": ""Instrumental"", ""PRFL"": ""Reflexive possessive"", ""HAB"": ""Habitual""}"
even1260a-A6-18,"biː ɲɵːriɟi delmiʨele iːriɟi, baɟikar oron emneken, delmiʨe emneken iaβram, delmiʨele iːβrem, uhiŋelbi ɟaːβriɟi, tarit ɟe ɲamiʨalbi mendeβrem:",biː	ɲɵː-riɟi	delmiʨe-le	iː-riɟi	baɟikar	oron	em-neke-n	delmiʨe	em-neke-n	ia-βra-m	delmiʨe-le	iː-βre-m	uhi-ŋe-l-bi	ɟaːβ-riɟi	tarit	ɟe	ɲamiʨa-l-bi	mende-βre-m,1SG	to.exit-SS.ANT.SG	reindeer.herd-LOC	enter-SS.ANT.SG	morning	reindeer(domestic)	come-DS.COND-3SG	reindeer.herd	come-DS.COND-3SG	FLR-HAB-1SG	reindeer.herd-LOC	enter-HAB-1SG	rope-POSS-PL-PRFL.SG	catch.hold-SS.ANT.SG	then	PTL.Y	reindeer.cow-PL-PRFL.SG	search-HAB-1SG,"I go out and go into the herd, in the morning when the reindeer come, when the herd comes, I go into the herd having taken my ropes, and then I look for my cows:",A6,18,even1260,even1260a,WORD_ALIGNED,"{""SG"": ""Singular"", ""SS"": ""Same-subject converb"", ""ANT"": ""Anterior (converb)"", ""LOC"": ""Locative"", ""DS"": ""Different-subject converb"", ""COND"": ""Conditional-Temporal (converb)"", ""FLR"": ""Filler"", ""HAB"": ""Habitual"", ""POSS"": ""Non-canonical possession"", ""PL"": ""Plural"", ""PRFL"": ""Reflexive possessive"", ""PTL"": ""Particle""}"
even1260a-A6-19,"emeldeː, emeldeː, ma, ma emelde, gɵːmi diriŋejeːken kuɲaβrar.",eme-lde	eme-lde	ma	ma	eme-lde	gɵː-mi	diriŋejeː-ken	kuɲa-βra-r,come-IMP.PL	come-IMP.PL	here!	here!	come-IMP.PL	say-SS.COND	in.a.bunch-DIM	run(of.animals)-HAB-3PL,"When I say ``Come, come, here, here, come!'', all of them run.",A6,19,even1260,even1260a,WORD_ALIGNED,"{""IMP"": ""Imperative"", ""PL"": ""Plural"", ""SS"": ""Same-subject converb"", ""COND"": ""Conditional-Temporal (converb)"", ""DIM"": ""Diminutive "", ""HAB"": ""Habitual""}"
even1260a-A6-20,tara.,tara,DP,There.,A6,20,even1260,even1260a,WORD_ALIGNED,"{""DP"": ""Discourse particle""}"
even1260a-A6-21,ejmu ŋaːttakan ɲan taʨin kuɲaβrar.,ejm-u	ŋaːt-taka-n	ɲan	taʨin	kuɲa-βra-r,mother-PX.1SG	call-DS.COND-3SG	and	DIST.QUAL	run(of.animals)-HAB-3PL,"When my mother calls, they also come running like that.",A6,21,even1260,even1260a,WORD_ALIGNED,"{""PX"": ""Possessive suffix"", ""SG"": ""Singular"", ""DS"": ""Different-subject converb"", ""COND"": ""Conditional-Temporal (converb)"", ""DIST"": ""Distal demonstrative"", ""QUAL"": ""Qualitative"", ""HAB"": ""Habitual"", ""PL"": ""Plural""}"
even1260a-A6-22,tarit tiek Kirill ŋaːttakan ɲan kuɲari oːʨal.,tarit	tiek	Kirill	ŋaːt-taka-n	ɲan	kuɲa-ri	oː-ʨa-l,then	now	PN	call-DS.COND-3SG	and	run(of.animals)-PRS.PTCP	become-NAR.PST-PL,And now when Kirill calls they have also started to come running.,A6,22,even1260,even1260a,WORD_ALIGNED,"{""PN"": ""Proper noun"", ""DS"": ""Different-subject converb"", ""COND"": ""Conditional-Temporal (converb)"", ""SG"": ""Singular"", ""PRS"": ""Present"", ""PTCP"": ""Participle"", ""NAR"": ""Narrative"", ""PST"": ""Past"", ""PL"": ""Plural""}"
even1260a-A6-23,taʨin hoːja orom həpkuŋnerep.,taʨin	hoːja	oro-m	həpku-ŋne-re-p,DIST.QUAL	many	reindeer(domestic)-ACC	catch-HAB-NFUT-1PL,And like that we catch a lot of reindeer.,A6,23,even1260,even1260a,WORD_ALIGNED,"{""DIST"": ""Distal demonstrative"", ""QUAL"": ""Qualitative"", ""ACC"": ""Accusative"", ""HAB"": ""Habitual"", ""NFUT"": ""Non-future"", ""PL"": ""Plural""}"
even1260a-A6-24,ineŋten tarit ɲamiʨalbu hoːjaβ həpkuniɟur ɟe hirgarap.,ineŋ-ten	tarit	ɲamiʨa-l-bu	hoːja-β	həpku-niɟur	ɟe	hir-gara-p,day-DISTR(N)	then	reindeer.cow-PL-ACC	many-ACC	catch-SS.ANT.PL	PTL.Y	to.milk-HAB-1PL,"Every day, and having caught a lot of cows, we milk (them).",A6,24,even1260,even1260a,WORD_ALIGNED,"{""DISTR"": ""Distributive"", ""PL"": ""Plural"", ""ACC"": ""Accusative"", ""SS"": ""Same-subject converb"", ""ANT"": ""Anterior (converb)"", ""PTL"": ""Particle"", ""HAB"": ""Habitual""}"
even1260a-A6-25,hirgaroːp.,hir-gara-p,to.milk-HAB-1PL,We milk (them).,A6,25,even1260,even1260a,WORD_ALIGNED,"{""HAB"": ""Habitual"", ""PL"": ""Plural""}"
even1260a-A6-26,hiakitalkan tɵːr bihiken hiakitadu eʨin ujriɟi hirgarap.,hiakita-lkan	tɵːr	bi-hike-n	hiakita-du	eʨin	uj-riɟi	hir-gara-p,tree-PROP	place	be-DS.COND-3SG	tree-DAT.ESS	PROX.QUAL	tie.up-SS.ANT.SG	to.milk-HAB-1PL,"If it is a place with trees, we tie (them) to a tree and milk them.",A6,26,even1260,even1260a,WORD_ALIGNED,"{""PROP"": ""Proprietive"", ""DS"": ""Different-subject converb"", ""COND"": ""Conditional-Temporal (converb)"", ""SG"": ""Singular"", ""DAT"": ""Dative"", ""ESS"": ""Essive"", ""PROX"": ""Proximal (demonstrative)"", ""QUAL"": ""Qualitative"", ""SS"": ""Same-subject converb"", ""ANT"": ""Anterior (converb)"", ""HAB"": ""Habitual"", ""PL"": ""Plural""}"
even1260a-A6-27,"hiakita aʨʨa tɵːrelken bihiken eʨin ammu iaβ oːβran eʨin, hirɲaju.",hiakita	aʨʨa	tɵːre-lken	bi-hike-n	eʨin	amm-u	ia-β	oː-βra-n	eʨin	hirɲaj-u,tree	NEG.EXIST	place-PROP	be-DS.COND-3SG	PROX.QUAL	father-PX.1SG	FLR-ACC	make-HAB-3SG	PROX.QUAL	tethering.pole-ACC,"If it is in a place without trees, then my father makes a tethering pole like this.",A6,27,even1260,even1260a,WORD_ALIGNED,"{""NEG"": ""Negative; by itself: Negative auxiliary"", ""EXIST"": ""Existential"", ""PROP"": ""Proprietive"", ""DS"": ""Different-subject converb"", ""COND"": ""Conditional-Temporal (converb)"", ""SG"": ""Singular"", ""PROX"": ""Proximal (demonstrative)"", ""QUAL"": ""Qualitative"", ""PX"": ""Possessive suffix"", ""FLR"": ""Filler"", ""ACC"": ""Accusative"", ""HAB"": ""Habitual""}"
even1260a-A6-28,"golu ʨikiriɟi eʨin hiakitaβ ʨikiriɟi eʨin bɵːdelelken iariɟi, tala iariɟi ɟe iŋala ujriɟi, tar ətit homnar ujriɟi, tar hirɲajdu mut ɲamiʨalbu ujgerep.",gol-u	ʨiki-riɟi	eʨin	hiakita-β	ʨiki-riɟi	eʨin	bɵːdele-lken	ia-riɟi	ta-la	ia-riɟi	ɟe	iŋa-la	uj-riɟi	tar	ə-ti-t	homna-r	uj-riɟi	tar	hirɲaj-du	mut	ɲamiʨa-l-bu	uj-gere-p,log-ACC	cut.off-SS.ANT.SG	PROX.QUAL	tree-ACC	cut.off-SS.ANT.SG	PROX.QUAL	leg-PROP	FLR-SS.ANT.SG	DIST-LOC	FLR-SS.ANT.SG	PTL.Y	stone-LOC	tie.up-SS.ANT.SG	DIST	NEG-PRS.PTCP-INS	move-NEG.CVB	tie.up-SS.ANT.SG	DIST	tethering.pole-DAT.ESS	1PL	reindeer.cow-PL-ACC	tie.up-HAB-1PL,"Having cut wood, having cut a tree like that, having done whatchamacallit with legs, having tied it to a stone, having tied it so it doesn't move, we tie the cows to that tethering pole.",A6,28,even1260,even1260a,WORD_ALIGNED,"{""ACC"": ""Accusative"", ""SS"": ""Same-subject converb"", ""ANT"": ""Anterior (converb)"", ""SG"": ""Singular"", ""PROX"": ""Proximal (demonstrative)"", ""QUAL"": ""Qualitative"", ""PROP"": ""Proprietive"", ""FLR"": ""Filler"", ""DIST"": ""Distal demonstrative"", ""LOC"": ""Locative"", ""PTL"": ""Particle"", ""NEG"": ""Negative; by itself: Negative auxiliary"", ""PRS"": ""Present"", ""PTCP"": ""Participle"", ""INS"": ""Instrumental"", ""CVB"": ""Converb"", ""DAT"": ""Dative"", ""ESS"": ""Essive"", ""PL"": ""Plural"", ""HAB"": ""Habitual""}"
even1260a-A6-29,"hoː meːkuk ɲamiʨalbu, eʨin heːkiri ɲamiʨalbu ammu ɲan Kolja, nɵːβu Kolja ɟaːβgarar, nikandukun eʨin ɟaːβriɟur, tarit biː hirgaram eʨiken, ɲajukukan.",hoː	meːkuk	ɲamiʨa-l-bu	eʨin	heːki-ri	ɲamiʨa-l-bu	amm-u	ɲan	Kolja	nɵː-βu	Kolja	ɟaːβ-gara-r	nikan-duku-n	eʨin	ɟaːβ-riɟur	tarit	biː	hir-gara-m	eʨi-ken	ɲajuku-kan,very	restless	reindeer.cow-PL-ACC	PROX.QUAL	kick-PRS.PTCP	reindeer.cow-PL-ACC	father-PX.1SG	and	PN	younger.sib-PX.1SG	PN	catch.hold-HAB-3PL	neck-ABL-PX.3SG	PROX.QUAL	catch.hold-SS.ANT.PL	then	1SG	to.milk-HAB-1SG	PROX.QUAL-DIM	quietly-DIM,"Restless cows or cows that kick like this my father and Kolja hold, they hold them by their necks, then I milk them quietly like this.",A6,29,even1260,even1260a,WORD_ALIGNED,"{""PL"": ""Plural"", ""ACC"": ""Accusative"", ""PROX"": ""Proximal (demonstrative)"", ""QUAL"": ""Qualitative"", ""PRS"": ""Present"", ""PTCP"": ""Participle"", ""PX"": ""Possessive suffix"", ""SG"": ""Singular"", ""PN"": ""Proper noun"", ""HAB"": ""Habitual"", ""ABL"": ""Ablative"", ""SS"": ""Same-subject converb"", ""ANT"": ""Anterior (converb)"", ""DIM"": ""Diminutive ""}"
even1260a-A6-30,"tarit tar meːkuk ɲamiʨal heːkihŋererde, ŋaːlliβda heːkihinɟir, ərəŋneβde heːkihinɟir.",tarit	tar	meːkuk	ɲamiʨa-l	heːki-h-ŋere-r=de	ŋaːl-li-β=da	heːki-hin-ɟi-r	ərə-ŋ-ne-β=de	heːki-hin-ɟi-r,then	DIST	restless	reindeer.cow-PL	kick-TAM1-HAB-3PL=ADD	hand-PROL-PX.1SG=ADD	kick-TAM1-FUT-3PL	PROX-POSS-LOC-PX.1SG=ADD	kick-TAM1-FUT-3PL,"Now those restless cows kick, they might kick my hands, they might kick me here.",A6,30,even1260,even1260a,WORD_ALIGNED,"{""DIST"": ""Distal demonstrative"", ""PL"": ""Plural"", ""TAM"": ""Polysemous TAM marker"", ""HAB"": ""Habitual"", ""ADD"": ""Additive"", ""PROL"": ""Prolative"", ""PX"": ""Possessive suffix"", ""SG"": ""Singular"", ""FUT"": ""Future"", ""PROX"": ""Proximal (demonstrative)"", ""POSS"": ""Non-canonical possession"", ""LOC"": ""Locative""}"
even1260a-A6-31,haːdun bəj itiːlanda heːkihŋerer.,haːdun	bəj	itiː-la-n=da	heːki-h-ŋere-r,sometimes	person	face-LOC-PX.3SG=ADD	kick-TAM1-HAB-3PL,Sometimes they kick a person's face.,A6,31,even1260,even1260a,WORD_ALIGNED,"{""LOC"": ""Locative"", ""PX"": ""Possessive suffix"", ""SG"": ""Singular"", ""ADD"": ""Additive"", ""TAM"": ""Polysemous TAM marker"", ""HAB"": ""Habitual"", ""PL"": ""Plural""}"
even1260a-A6-32,tara.,tara,DP,There.,A6,32,even1260,even1260a,WORD_ALIGNED,"{""DP"": ""Discourse particle""}"
even1260a-A6-33,tarit ɲajukukan mut takkaβrap tar ɲamiʨalbur.,tarit	ɲajuku-kan	mut	takka-βra-p	tar	ɲamiʨa-l-bur,then	quietly-DIM	1PL	teach-HAB-1PL	DP	reindeer.cow-PL-PRFL.PL,So then those cows we break in quietly.,A6,33,even1260,even1260a,WORD_ALIGNED,"{""DIM"": ""Diminutive "", ""PL"": ""Plural"", ""HAB"": ""Habitual"", ""DP"": ""Discourse particle"", ""PRFL"": ""Reflexive possessive""}"
even1260a-A6-34,"tar iadu uhidu taktu bəjdu tatʨa ɲamiʨal hurəlten eːnkelten hoː ɲan numak biβrer, čem tar delmiʨele uhiβ əti haːr oronduk gɵːmi.",tar	ia-du	uhi-du	tak-tu	bəj-du	tat-ʨa	ɲamiʨa-l	hurəl-ten	eːnke-l-ten	hoː	ɲan	numak	bi-βre-r	čem	tar	delmiʨe-le	uhi-β	ə-ti	haː-r	oron-duk	gɵːmi,DP	FLR-DAT.ESS	rope-DAT.ESS	salt-DAT.ESS	person-DAT.ESS	learn-PST.PTCP	reindeer.cow-PL	offspring.PL-PX.3PL	reindeer.calf(2-12months)-PL-PX.3PL	very	and	tame	be-HAB-3PL	than.R	DP	reindeer.herd-LOC	rope-ACC	NEG-PRS.PTCP	know-NEG.CVB	reindeer(domestic)-ABL	say.PTL,"The offspring, the calves of cows that are used to ropes, to salt, to people are usually much tamer than those reindeer in the herd who don't know ropes.",A6,34,even1260,even1260a,WORD_ALIGNED,"{""DP"": ""Discourse particle"", ""FLR"": ""Filler"", ""DAT"": ""Dative"", ""ESS"": ""Essive"", ""PST"": ""Past"", ""PTCP"": ""Participle"", ""PL"": ""Plural"", ""PX"": ""Possessive suffix"", ""HAB"": ""Habitual"", ""LOC"": ""Locative"", ""ACC"": ""Accusative"", ""NEG"": ""Negative; by itself: Negative auxiliary"", ""PRS"": ""Present"", ""CVB"": ""Converb"", ""ABL"": ""Ablative"", ""PTL"": ""Particle""}"
even1260a-A6-35,"tiemi bəj bəkəʨən muttule, stadala emʨe bəj bəkəʨən miaŋnan.",tiemi	bəj	bəkəʨə-n	mut-tule	stado-la	em-ʨe	bəj	bəkəʨə-n	mia-ŋna-n,therefore	person	all-PX.3SG	1PL-LOC	herd.R-LOC	come-PST.PTCP	person	all-PX.3SG	be.surprised-HAB-3SG,"Therefore all the people who come to us, to the herd, are very surprised:",A6,35,even1260,even1260a,WORD_ALIGNED,"{""PX"": ""Possessive suffix"", ""SG"": ""Singular"", ""PL"": ""Plural"", ""LOC"": ""Locative"", ""PST"": ""Past"", ""PTCP"": ""Participle"", ""HAB"": ""Habitual""}"
even1260a-A6-36,"oo ərək iak moːdan, huː orohlon oːn eʨin butunni diriŋejeːken kuɲantakahal, iak numakaltan, gɵːŋner.",oo	ərək	iak	moːda-n	huː	orohlon	oːn	eʨin	butunni	diriŋejeː-ken	kuɲa-ntaka-hal	iak	numaka-l-tan	gɵː-ŋne-r,oh	PROX	what	strangeness.Y-PX.3SG	2PL	reindeer.PL.PX.2PL	how	PROX.QUAL	entirely.Y	in.a.bunch-DIM	run(of.animals)-SS.MULT-PL	what	tame-PL-PX.3PL	say-HAB-3PL,"{``}Oh, how strange! Your reindeer come running like this, how tame they are!'', they say.",A6,36,even1260,even1260a,WORD_ALIGNED,"{""PROX"": ""Proximal (demonstrative)"", ""PX"": ""Possessive suffix"", ""SG"": ""Singular"", ""PL"": ""Plural"", ""QUAL"": ""Qualitative"", ""DIM"": ""Diminutive "", ""SS"": ""Same-subject converb"", ""MULT"": ""Multiplicative"", ""HAB"": ""Habitual""}"
even1260a-A6-37,tara.,tara,DP,That's it.,A6,37,even1260,even1260a,WORD_ALIGNED,"{""DP"": ""Discourse particle""}"
even1260a-A7-1,"ɲan eɲindukuj biː ɟaːldukuj iaβ haːlliβ tar, iakkana gɵːŋner, iaβ oholu koːʨajaptiβ, haŋanaptiβ.",ɲan	eɲin-duku-j	biː	ɟaːl-duku-j	ia-β	haː-l-li-β	tar	iak=kana	gɵː-ŋne-r	ia-β	ohol-u	koːʨaja-pti-β	haŋana-pti-β,and	mother-ABL-PRFL.SG	1SG	family-ABL-PRFL.SG	FLR-ACC	know-INCH-PST-1SG	DP	what=FOC	say-HAB-3PL	FLR-ACC	fur.from.legs-ACC	scrape.hide-IMPERS-ACC	sew-IMPERS-ACC,"And from my mother, from my relatives I learned, how do they say it, how to prepare the fur from reindeer legs, how to sew.",A7,1,even1260,even1260a,WORD_ALIGNED,"{""ABL"": ""Ablative"", ""PRFL"": ""Reflexive possessive"", ""SG"": ""Singular"", ""FLR"": ""Filler"", ""ACC"": ""Accusative"", ""INCH"": ""Inchoative"", ""PST"": ""Past"", ""DP"": ""Discourse particle"", ""FOC"": ""Focus"", ""HAB"": ""Habitual"", ""PL"": ""Plural"", ""IMPERS"": ""Impersonal""}"
even1260a-A7-2,"oholu biː tiːkte bəju iaβram moŋŋoβram, koːʨajgararam, moŋŋoβram.",ohol-u	biː	tiːk=te	bəj-u	ia-βra-m	moŋŋo-βra-m	koːʨaj-gara-ra-m	moŋŋo-βra-m,fur.from.legs-ACC	1SG	now=ADD	self-PX.1SG	FLR-HAB-1SG	soften.leather-HAB-1SG	scrape.hide-HAB-NFUT-1SG	soften.leather-HAB-1SG,"The fur from legs I soften myself even now, I scrape and I soften them.",A7,2,even1260,even1260a,WORD_ALIGNED,"{""ACC"": ""Accusative"", ""SG"": ""Singular"", ""ADD"": ""Additive"", ""PX"": ""Possessive suffix"", ""FLR"": ""Filler"", ""HAB"": ""Habitual"", ""NFUT"": ""Non-future""}"
even1260a-A7-3,"tar tiːk ələ koratla emniɟi, tar Sebjanduk otpuskadukuj emuβrem ialbu, eʨin untaβ haŋanukandaj, iaβ oholu.",tar	tiːk	ə-lə	korat-la	em-niɟi	tar	Sebjan-duk	otpuska-duku-j	em-u-βre-m	ia-l-bu	eʨin	unta-β	haŋan-ukan-da-j	ia-β	ohol-u,DP	now	PROX-LOC	town.R-LOC	come-SS.ANT.SG	DP	TOPO-ABL	holidays.R-ABL-PRFL.SG	come-VAL-HAB-1SG	FLR-PL-ACC	PROX.QUAL	fur.boots-ACC	sew-CAUS-VS.PURP-PRFL.SG	FLR-ACC	fur.from.legs-ACC,"And now having come here to town I brought whatchamacallit from Sebjan, from my holidays, in order to have reindeer fur boots sewn, (I brought) fur from (reindeer) legs.",A7,3,even1260,even1260a,WORD_ALIGNED,"{""DP"": ""Discourse particle"", ""PROX"": ""Proximal (demonstrative)"", ""LOC"": ""Locative"", ""SS"": ""Same-subject converb"", ""ANT"": ""Anterior (converb)"", ""SG"": ""Singular"", ""TOPO"": ""Toponym"", ""ABL"": ""Ablative"", ""PRFL"": ""Reflexive possessive"", ""VAL"": ""Valency-change"", ""HAB"": ""Habitual"", ""FLR"": ""Filler"", ""PL"": ""Plural"", ""ACC"": ""Accusative"", ""QUAL"": ""Qualitative"", ""CAUS"": ""Causative"", ""VS"": ""Variable-subject converb"", ""PURP"": ""Purposive""}"
even1260a-A7-4,"tarit ələ bəju omolgoʨol iaβram koːʨajgararam, tarit moŋŋoβram.",tarit	ə-lə	bəj-u	omolgo-ʨol	ia-βra-m	koːʨaj-gara-ra-m	tarit	moŋŋo-βra-m,then	PROX-LOC	self-PX.1SG	boy-COM(KIN)	FLR-HAB-1SG	scrape.hide-HAB-NFUT-1SG	then	soften.leather-HAB-1SG,Then here I myself with my son scrape and soften (them).,A7,4,even1260,even1260a,WORD_ALIGNED,"{""PROX"": ""Proximal (demonstrative)"", ""LOC"": ""Locative"", ""PX"": ""Possessive suffix"", ""SG"": ""Singular"", ""COM"": ""Comitative"", ""FLR"": ""Filler"", ""HAB"": ""Habitual"", ""NFUT"": ""Non-future""}"
even1260a-A7-5,"iaka, tolko ələ iaka, hilte aʨʨa biβren.",iaka	tolko	ə-lə	iaka	hilte	aʨʨa	bi-βre-n,FLR	only.R	PROX-LOC	FLR	rotten.larch	NEG.EXIST	be-HAB-3SG,It's only that here there is no rotten larch.,A7,5,even1260,even1260a,WORD_ALIGNED,"{""FLR"": ""Filler"", ""PROX"": ""Proximal (demonstrative)"", ""LOC"": ""Locative"", ""NEG"": ""Negative; by itself: Negative auxiliary"", ""EXIST"": ""Existential"", ""HAB"": ""Habitual"", ""SG"": ""Singular""}"
even1260a-A7-6,"tala iala stadala mut hiltet ulgararap, tar koːʨajʨa oholaŋuːr.",ta-la	ia-la	stado-la	mut	hilte-t	ul-gara-ra-p	tar	koːʨaj-ʨa	ohola-ŋ-uːr,DIST-LOC	FLR-LOC	herd.R-LOC	1PL	rotten.larch-INS	soak-HAB-NFUT-1PL	DIST	scrape.hide-PST.PTCP	fur.from.legs-POSS-PRFL.PL,There in the herd we soak the hides we scraped in rotten larch.,A7,6,even1260,even1260a,WORD_ALIGNED,"{""DIST"": ""Distal demonstrative"", ""LOC"": ""Locative"", ""FLR"": ""Filler"", ""PL"": ""Plural"", ""INS"": ""Instrumental"", ""HAB"": ""Habitual"", ""NFUT"": ""Non-future"", ""PST"": ""Past"", ""PTCP"": ""Participle"", ""POSS"": ""Non-canonical possession"", ""PRFL"": ""Reflexive possessive""}"
even1260a-A7-7,"tarit iat hiltet ulliɟur, biβkehniɟur, ɟe eʨiken rastvoran tar iːhenʨelen, ulʨalan, ɟe eʨin moŋŋoβrap.",tarit	ia-t	hilte-t	ul-liɟur	bi-βke-h-niɟur	ɟe	eʨi-ken	rastvora-n	tar	iː-hen-ʨe-le-n	ul-ʨa-la-n	ɟe	eʨin	moŋŋo-βra-p,then	FLR-INS	rotten.larch-INS	soak-SS.ANT.PL	be-CAUS-TAM1-SS.ANT.PL	PTL.Y	PROX.QUAL-DIM	solution.R-PX.3SG	DP	enter-TAM1-PST.PTCP-LOC-3SG	soak-PST.PTCP-LOC-3SG	PTL.Y	PROX.QUAL	soften.leather-HAB-1PL,"When we have soaked them with the rotten larch, when the larch-solution has soaked in, has wet it, well, we soften it like this.",A7,7,even1260,even1260a,WORD_ALIGNED,"{""FLR"": ""Filler"", ""INS"": ""Instrumental"", ""SS"": ""Same-subject converb"", ""ANT"": ""Anterior (converb)"", ""PL"": ""Plural"", ""CAUS"": ""Causative"", ""TAM"": ""Polysemous TAM marker"", ""PTL"": ""Particle"", ""PROX"": ""Proximal (demonstrative)"", ""QUAL"": ""Qualitative"", ""DIM"": ""Diminutive "", ""PX"": ""Possessive suffix"", ""SG"": ""Singular"", ""DP"": ""Discourse particle"", ""PST"": ""Past"", ""PTCP"": ""Participle"", ""LOC"": ""Locative"", ""HAB"": ""Habitual""}"
even1260a-A7-8,ələ hilte aʨʨadukun biː haːdun iaβ nəkkererem tar.,ə-lə	hilte	aʨʨa-duku-n	biː	haːdun	ia-β	nək-kere-re-m	tar,PROX-LOC	rotten.larch	NEG.EXIST-ABL-PX.3SG	1SG	sometimes	FLR-ACC	do-HAB-NFUT-1SG	DP,"Here, because there is no rotten larch, I sometimes do whatchamacallit.",A7,8,even1260,even1260a,WORD_ALIGNED,"{""PROX"": ""Proximal (demonstrative)"", ""LOC"": ""Locative"", ""NEG"": ""Negative; by itself: Negative auxiliary"", ""EXIST"": ""Existential"", ""ABL"": ""Ablative"", ""PX"": ""Possessive suffix"", ""SG"": ""Singular"", ""FLR"": ""Filler"", ""ACC"": ""Accusative"", ""HAB"": ""Habitual"", ""NFUT"": ""Non-future"", ""DP"": ""Discourse particle""}"
even1260a-A7-9,"ʨaju zavarkalariɟi, ʨajet ehiriɟi, tarit ɟaβaʨahniɟi, adiːgul čas ɟaβaʨahniɟi iaβram moŋŋoβram.",ʨaj-u	zavarka-la-riɟi	ʨaje-t	ehi-riɟi	tarit	ɟaβa-ʨa-h-niɟi	adiː=gul	čas	ɟaβa-ʨa-h-niɟi	ia-βra-m	moŋŋo-βra-m,tea.R-ACC	brewed.tea.R-VR-SS.ANT.SG	tea.R-INS	smear.on-SS.ANT.SG	then	catch.hold-TAM2-TAM1-SS.ANT.SG	how.many=INDEF	hour.R	catch.hold-TAM2-TAM1-SS.ANT.SG	FLR-HAB-1SG	soften.leather-HAB-1SG,"Having brewed tea, having smeared on the tea, having kept it like that for a few hours, I soften it.",A7,9,even1260,even1260a,WORD_ALIGNED,"{""ACC"": ""Accusative"", ""VR"": ""Verbalizer"", ""SS"": ""Same-subject converb"", ""ANT"": ""Anterior (converb)"", ""SG"": ""Singular"", ""INS"": ""Instrumental"", ""TAM"": ""Polysemous TAM marker"", ""INDEF"": ""Indefinite"", ""FLR"": ""Filler"", ""HAB"": ""Habitual""}"
even1260a-A7-10,tarit kerde ələ ɲan mindule aʨʨa.,tarit	kerde	ə-lə	ɲan	min-dule	aʨʨa,then	kerde	PROX-LOC	and	1SG.OBL-LOC	NEG.EXIST,And I also don't have a hide-softener (\textit{kerde}) here.'\footnote{A \textit{kerde} is a long metal tool that is used to soften hides by scraping them; see \figref{fig:photoScrapers} in \sectref{sec:reindeerterms}.,A7,10,even1260,even1260a,WORD_ALIGNED,"{""PROX"": ""Proximal (demonstrative)"", ""LOC"": ""Locative"", ""SG"": ""Singular"", ""OBL"": ""Oblique"", ""NEG"": ""Negative; by itself: Negative auxiliary"", ""EXIST"": ""Existential""}"
even1260a-A7-11,"kerde aʨʨa bihiken iat nəkkererem, eʨin ŋaːlɟi taːŋʨinikan.",kerde	aʨʨa	bi-hike-n	ia-t	nək-kere-re-m	eʨin	ŋaːl-ɟi	taː-ŋʨi-nikan,kerde	NEG.EXIST	be-DS.COND-3SG	FLR-INS	do-HAB-NFUT-1SG	PROX.QUAL	hand-INS.PRFL.SG	pull-DUR-SS.SIM1,"If there is no hide-softener, I do with whatchamacallit, I pull like this with my hands.",A7,11,even1260,even1260a,WORD_ALIGNED,"{""NEG"": ""Negative; by itself: Negative auxiliary"", ""EXIST"": ""Existential"", ""DS"": ""Different-subject converb"", ""COND"": ""Conditional-Temporal (converb)"", ""SG"": ""Singular"", ""FLR"": ""Filler"", ""INS"": ""Instrumental"", ""HAB"": ""Habitual"", ""NFUT"": ""Non-future"", ""PROX"": ""Proximal (demonstrative)"", ""QUAL"": ""Qualitative"", ""PRFL"": ""Reflexive possessive"", ""DUR"": ""Durative"", ""SS"": ""Same-subject converb"", ""SIM"": ""Simultaneous (converb)""}"
even1260a-A7-12,tarit ejmu kerdeβ bakaŋka bihin.,tarit	ejm-u	kerde-β	baka-ŋka	bi-hi-n,then	mother-PX.1SG	kerde-ACC	find-DEONT.PTCP	AUX-PST-3SG,But my mother promised to find a hide-softener.,A7,12,even1260,even1260a,WORD_ALIGNED,"{""PX"": ""Possessive suffix"", ""SG"": ""Singular"", ""ACC"": ""Accusative"", ""DEONT"": ""Deontic"", ""PTCP"": ""Participle"", ""AUX"": ""Auxiliary"", ""PST"": ""Past""}"
even1260a-A7-13,tiːneken ibga bimʨe.,tiː-neke-n	ibga	bi-mʨe,send-DS.COND-3SG	good	be-SBJV,"If she sends it, it would be good.",A7,13,even1260,even1260a,WORD_ALIGNED,"{""DS"": ""Different-subject converb"", ""COND"": ""Conditional-Temporal (converb)"", ""SG"": ""Singular"", ""SBJV"": ""Subjunctive""}"
even1260a-A7-14,"otton tala stadala mut bəkəbbən iat iaβrap eʨin etapʨin gɵːniβʨin, koːʨajriɟur, ulliɟur, moŋŋoriɟur, kerdenteken moŋŋoβrap.",otton	ta-la	stado-la	mut	bəkəb-bə-n	ia-t	ia-βra-p	eʨin	etap-ʨi-n	gɵː-ni-βʨin	koːʨaj-riɟur	ul-liɟur	moŋŋo-riɟur	kerde-nteken	moŋŋo-βra-p,DP.Y	DIST-LOC	herd.R-LOC	1PL	all-ACC-PX.3SG	FLR-INS	FLR-HAB-1PL	PROX.QUAL	stage.R-INS-PX.3SG	say-PRS.PTCP-SML(MNR)	scrape.hide-SS.ANT.PL	soak-SS.ANT.PL	soften.leather-SS.ANT.PL	soften.with.kerde-SS.MULT	soften.leather-HAB-1PL,"And there in the herd we do everything as if it were in stages, having scraped (them) with a \textit{koːʨaj}, having soaked (them), having softened (them), we soften (them) with a \textit{kerde}.",A7,14,even1260,even1260a,WORD_ALIGNED,"{""DP"": ""Discourse particle"", ""DIST"": ""Distal demonstrative"", ""LOC"": ""Locative"", ""PL"": ""Plural"", ""ACC"": ""Accusative"", ""PX"": ""Possessive suffix"", ""SG"": ""Singular"", ""FLR"": ""Filler"", ""INS"": ""Instrumental"", ""HAB"": ""Habitual"", ""PROX"": ""Proximal (demonstrative)"", ""QUAL"": ""Qualitative"", ""PRS"": ""Present"", ""PTCP"": ""Participle"", ""SML"": ""Similative"", ""MNR"": ""Manner (Similative)"", ""SS"": ""Same-subject converb"", ""ANT"": ""Anterior (converb)"", ""MULT"": ""Multiplicative""}"
even1260a-A7-15,"tarit iaβ haŋaŋgararap, untaβda iaβda.",tarit	ia-β	haŋaŋ-gara-ra-p	unta-β=da	ia-β=da,then	FLR-ACC	sew-HAB-NFUT-1PL	fur.boots-ACC=ADD	GEN.EXT-ACC=ADD,Then we sew fur boots and whatever.,A7,15,even1260,even1260a,WORD_ALIGNED,"{""FLR"": ""Filler"", ""ACC"": ""Accusative"", ""HAB"": ""Habitual"", ""NFUT"": ""Non-future"", ""PL"": ""Plural"", ""ADD"": ""Additive"", ""GEN"": ""Genitive"", ""EXT"": ""Extender""}"
even1260a-A8-1,"ɲan iaβ, ireli ireli iadun, ijun ilaːndun iak niːmetu ɟebgererep, oron niːmebben.",ɲan	ia-β	ireli	ireli	ia-du-n	ijun	ilaːn-du-n	iak	niːmet-u	ɟeb-gere-re-p	oron	niːmeb-be-n,and	FLR-ACC	summer	summer	FLR-DAT.ESS-PX.3SG	June.R	month-DAT.ESS-PX.3SG	FLR	velvet.antlers-ACC	eat-HAB-NFUT-1PL	reindeer(domestic)	velvet.antlers-ACC-PX.3SG,"And then in summer, in June, we eat velvet antlers, the velvet antlers of reindeer.",A8,1,even1260,even1260a,WORD_ALIGNED,"{""FLR"": ""Filler"", ""ACC"": ""Accusative"", ""DAT"": ""Dative"", ""ESS"": ""Essive"", ""PX"": ""Possessive suffix"", ""SG"": ""Singular"", ""HAB"": ""Habitual"", ""NFUT"": ""Non-future"", ""PL"": ""Plural""}"
even1260a-A8-2,hoː dahli biβren.,hoː	dahli	bi-βre-n,very	tasty	be-HAB-3SG,That is delicious.,A8,2,even1260,even1260a,WORD_ALIGNED,"{""HAB"": ""Habitual"", ""SG"": ""Singular""}"
even1260a-A8-3,tiemi iak stadadu təgətmi hoː aj biβren.,tiemi	iak	stada-du	təgət-mi	hoː	aj	bi-βre-n,therefore	FLR	herd.R-DAT.ESS	live-SS.COND	very	good	be-HAB-3SG,That is why it is very good to live in the herd.'\footnote{The form \textit{təgət-} (literally `to sit') for `to live' might be a calque from Sakha.,A8,3,even1260,even1260a,WORD_ALIGNED,"{""FLR"": ""Filler"", ""DAT"": ""Dative"", ""ESS"": ""Essive"", ""SS"": ""Same-subject converb"", ""COND"": ""Conditional-Temporal (converb)"", ""HAB"": ""Habitual"", ""SG"": ""Singular""}"
even1260a-A8-4,bəkəbbən eʨin iaβ dahliβ ɟebgererep.,bəkəb-bə-n	eʨin	ia-β	dahli-β	ɟeb-gere-re-p,all-ACC-PX.3SG	PROX.QUAL	FLR-ACC	tasty-ACC	eat-HAB-NFUT-1PL,We eat all of these good things.,A8,4,even1260,even1260a,WORD_ALIGNED,"{""ACC"": ""Accusative"", ""PX"": ""Possessive suffix"", ""SG"": ""Singular"", ""PROX"": ""Proximal (demonstrative)"", ""QUAL"": ""Qualitative"", ""FLR"": ""Filler"", ""HAB"": ""Habitual"", ""NFUT"": ""Non-future"", ""PL"": ""Plural""}"
even1260a-A8-5,niːmetu kuŋal hoː ajaːβgarar.,niːmet-u	kuŋa-l	hoː	ajaːβ-gara-r,velvet.antlers-ACC	child-PL	very	love-HAB-3PL,Velvet antlers the children love a lot.,A8,5,even1260,even1260a,WORD_ALIGNED,"{""ACC"": ""Accusative"", ""PL"": ""Plural"", ""HAB"": ""Habitual""}"
even1260a-A8-6,niːmetu eʨin ibga pogodaɲun oːrakan ʨikiβranni.,niːmet-u	eʨin	ibga	pogoda=ɲun	oː-raka-n	ʨiki-βra-nni,velvet.antlers-ACC	PROX.QUAL	good	weather.R=RESTR	become-DS.COND-3SG	cut.off-HAB-2SG,The velvet antlers you cut only in good weather.,A8,6,even1260,even1260a,WORD_ALIGNED,"{""ACC"": ""Accusative"", ""PROX"": ""Proximal (demonstrative)"", ""QUAL"": ""Qualitative"", ""RESTR"": ""Restrictive"", ""DS"": ""Different-subject converb"", ""COND"": ""Conditional-Temporal (converb)"", ""SG"": ""Singular"", ""HAB"": ""Habitual""}"
even1260a-A8-7,udangu iŋehigu bihiken əstə ʨikiβrar.,udan=gu	iŋe-hi=gu	bi-hike-n	ə-s-tə	ʨiki-βra-r,rain=DUB	be.cold-PRS.PTCP=DUB	be-DS.COND-3SG	NEG-NFUT-3PL	cut.off-HAB-NEG.CVB,They don't cut them when it rains or when it is cold.,A8,7,even1260,even1260a,WORD_ALIGNED,"{""DUB"": ""Dubitative"", ""PRS"": ""Present"", ""PTCP"": ""Participle"", ""DS"": ""Different-subject converb"", ""COND"": ""Conditional-Temporal (converb)"", ""SG"": ""Singular"", ""NEG"": ""Negative; by itself: Negative auxiliary"", ""NFUT"": ""Non-future"", ""PL"": ""Plural"", ""HAB"": ""Habitual"", ""CVB"": ""Converb""}"
even1260a-A8-8,"iami gɵːmi tar oron haːŋnikan iaβran kɵkeβren, niːmeten əniken olgoro tar ʨikidaŋatnan ian.",{iami\_gɵːmi}	tar	oron	haːŋ-nikan	ia-βra-n	kɵke-βre-n	niːmete-n	ə-niken	olgo-ro	tar	ʨiki-daŋa-tnan	ia-n,because	DIST	reindeer(domestic)	bleed-SS.SIM1	FLR-HAB-3SG	die-HAB-3SG	velvet.antlers-PX.3SG	NEG-SS.SIM1	dry[INTR]-NEG.CVB	DP	cut.off-REM.PTCP-3PL	FLR-PX.3SG,"Because that reindeer dies bleeding because its velvet antlers, that which was cut, doesn't dry.",A8,8,even1260,even1260a,WORD_ALIGNED,"{""DIST"": ""Distal demonstrative"", ""SS"": ""Same-subject converb"", ""SIM"": ""Simultaneous (converb)"", ""FLR"": ""Filler"", ""HAB"": ""Habitual"", ""SG"": ""Singular"", ""PX"": ""Possessive suffix"", ""NEG"": ""Negative; by itself: Negative auxiliary"", ""INTR"": ""Intransitive"", ""CVB"": ""Converb"", ""DP"": ""Discourse particle"", ""REM"": ""Remote"", ""PTCP"": ""Participle"", ""PL"": ""Plural""}"
even1260a-A8-9,"tiemi eʨin ɲɵltelken hoː eʨin hɵkki ineŋi oːrakanɲun iaβ ʨikiβrar, niːmetu.",tiemi	eʨin	ɲɵlte-lken	hoː	eʨin	hɵk-ki	ineŋi	oː-raka-n=ɲun	ia-β	ʨiki-βra-r	niːmet-u,therefore	PROX.QUAL	sun-PROP	very	PROX.QUAL	be.hot-ADJR	day	become-DS.COND-3SG=RESTR	FLR-ACC	cut.off-HAB-3PL	velvet.antlers-ACC,That is why they only cut the velvet antlers when it is a very hot and sunny day.,A8,9,even1260,even1260a,WORD_ALIGNED,"{""PROX"": ""Proximal (demonstrative)"", ""QUAL"": ""Qualitative"", ""PROP"": ""Proprietive"", ""ADJR"": ""Adjectivizer"", ""DS"": ""Different-subject converb"", ""COND"": ""Conditional-Temporal (converb)"", ""SG"": ""Singular"", ""RESTR"": ""Restrictive"", ""FLR"": ""Filler"", ""ACC"": ""Accusative"", ""HAB"": ""Habitual"", ""PL"": ""Plural""}"
even1260a-A8-10,biː ammu tarakam hoːja kuŋadu ʨikiβran ɟe.,biː	amm-u	tarakam	hoːja	kuŋa-du	ʨiki-βra-n	ɟe,1SG	father-PX.1SG	at.that.time	many	child-DAT.ESS	cut.off-HAB-3SG	PTL.Y,At that time my father cut antlers for a lot of children:,A8,10,even1260,even1260a,WORD_ALIGNED,"{""SG"": ""Singular"", ""PX"": ""Possessive suffix"", ""DAT"": ""Dative"", ""ESS"": ""Essive"", ""HAB"": ""Habitual"", ""PTL"": ""Particle""}"
even1260a-A8-11,"mut Koljaɲun, tar Tamara Afanasevna digen kuŋadun, Elizaveta Afanasevna ilan kuŋadun, tarit taduk Toljadu, Matvejdu, mian kuŋadu niːmetu eʨin ʨikiβran.",mut	Kolja-ɲun	tar	Tamara	Afanasevna	digen	kuŋa-du-n	Elizaveta	Afanasevna	ilan	kuŋa-du-n	tarit	ta-duk	Tolja-du	Matvej-du	mian	kuŋa-du	niːmet-u	eʨin	ʨiki-βra-n,1PL	PN-COM(GNRL)	DP	PN	PN	four	child-DAT.ESS-PX.3SG	PN	PN	three	child-DAT.ESS-PX.3SG	then	DIST-ABL	PN-DAT.ESS	PN-DAT.ESS	ten	child-DAT.ESS	velvet.antlers-ACC	PROX.QUAL	cut.off-HAB-3SG,"Me and Kolja, for the four children of Tamara Afanasevna, for the three children of Elizaveta Afanasevna, then for Tolja, for Matvej, he cuts velvet antlers for ten children.'\footnote{Tamara Afanasevna and Elizaveta Afanasevna are the sisters of Ekaterina Krivoshapkina's mother.",A8,11,even1260,even1260a,WORD_ALIGNED,"{""PL"": ""Plural"", ""PN"": ""Proper noun"", ""COM"": ""Comitative"", ""GNRL"": ""General (comitative)"", ""DP"": ""Discourse particle"", ""DAT"": ""Dative"", ""ESS"": ""Essive"", ""PX"": ""Possessive suffix"", ""SG"": ""Singular"", ""DIST"": ""Distal demonstrative"", ""ABL"": ""Ablative"", ""ACC"": ""Accusative"", ""PROX"": ""Proximal (demonstrative)"", ""QUAL"": ""Qualitative"", ""HAB"": ""Habitual""}"
even1260a-A8-12,"meːnken hoːja eʨin ʨikkattiɟi, bəkəbben dalgariɟi bɵːβren tarit.",meːn-ken	hoːja	eʨin	ʨik-kat-tiɟi	bəkəb-be-n	dalga-riɟi	bɵː-βre-n	tarit,REFL-DIM	many	PROX.QUAL	cut.off-MULT-SS.ANT.SG	all-ACC-PX.3SG	roast-SS.ANT.SG	give-HAB-3SG	then,"Having cut a lot by himself, having roasted it all he then gives it.",A8,12,even1260,even1260a,WORD_ALIGNED,"{""REFL"": ""Reflexive pronoun"", ""DIM"": ""Diminutive "", ""PROX"": ""Proximal (demonstrative)"", ""QUAL"": ""Qualitative"", ""MULT"": ""Multiplicative"", ""SS"": ""Same-subject converb"", ""ANT"": ""Anterior (converb)"", ""SG"": ""Singular"", ""ACC"": ""Accusative"", ""PX"": ""Possessive suffix"", ""HAB"": ""Habitual""}"
even1260a-A8-13,"ɲan eɲintide tar, ejmu nɵːŋillide, tar ŋiː Tamara Afanasevnada dalgakkaran, ɵmettu bəkəʨʨur eʨin iadu iariɟur dalgaʨantakahal ɟebgererep ɟe.",ɲan	eɲin-ti=de	tar	ejm-u	nɵː-ŋil-li=de	tar	ŋiː	Tamara	Afanasevna=da	dalga-k-kara-n	ɵmettu	bəkəʨ-ʨur	eʨin	ia-du	ia-riɟur	dalga-ʨa-ntaka-hal	ɟeb-gere-re-p	ɟe,and	mother-PX.1PL=ADD	DP	mother-PX.1SG	younger.sib-PL(KIN)-PX.3SG=ADD	DP	FLR	PN	PN=ADD	roast-TAM2-HAB-3SG	together	all-INS.PRFL.PL	PROX.QUAL	FLR-DAT.ESS	FLR-SS.ANT.PL	roast-TAM2-SS.MULT-PL	eat-HAB-NFUT-1PL	PTL.Y,"And our mother and my mother's younger sisters, who, Tamara Afanasevna also roasts, we all together roast (the antlers) and eat them.",A8,13,even1260,even1260a,WORD_ALIGNED,"{""PX"": ""Possessive suffix"", ""PL"": ""Plural"", ""ADD"": ""Additive"", ""DP"": ""Discourse particle"", ""SG"": ""Singular"", ""FLR"": ""Filler"", ""PN"": ""Proper noun"", ""TAM"": ""Polysemous TAM marker"", ""HAB"": ""Habitual"", ""INS"": ""Instrumental"", ""PRFL"": ""Reflexive possessive"", ""PROX"": ""Proximal (demonstrative)"", ""QUAL"": ""Qualitative"", ""DAT"": ""Dative"", ""ESS"": ""Essive"", ""SS"": ""Same-subject converb"", ""ANT"": ""Anterior (converb)"", ""MULT"": ""Multiplicative"", ""NFUT"": ""Non-future"", ""PTL"": ""Particle""}"
even1260a-A8-14,"ɟepteket kɵllen kuŋal nɵːŋilti eʨiken hibaŋakoːn oːjaːkkarar, huŋeːl eʨiken ɵːruniken.",ɟep-teke-t	kɵllen	kuŋa-l	nɵː-ŋil-ti	eʨi-ken	hiba-ŋakan	oː-jaːk-kara-r	huŋeːl	eʨi-ken	ɵːru-niken,eat-DS.COND-1PL	small	child-PL	younger.sib-PL(KIN)-PX.1PL	PROX.QUAL-DIM	become.dirty-DIM.ADJR	become-CMPS-HAB-3PL	blood	PROX.QUAL-DIM	flow-SS.SIM1,"When we eat, the small children, our younger cousins become so dirty, the poor dears, the blood flows like this.",A8,14,even1260,even1260a,WORD_ALIGNED,"{""DS"": ""Different-subject converb"", ""COND"": ""Conditional-Temporal (converb)"", ""PL"": ""Plural"", ""PX"": ""Possessive suffix"", ""PROX"": ""Proximal (demonstrative)"", ""QUAL"": ""Qualitative"", ""DIM"": ""Diminutive "", ""ADJR"": ""Adjectivizer"", ""CMPS"": ""Compassionate"", ""HAB"": ""Habitual"", ""SS"": ""Same-subject converb"", ""SIM"": ""Simultaneous (converb)""}"
even1260a-A8-15,"delbi delbi mukukkarar tar iaβan ɟebehniɟur ojban, doːβan huŋeːlben eʨin mukutnikan.",delbi	delbi	muku-k-kara-r	tar	ia-βa-n	ɟebe-h-niɟur	oj-ba-n	doː-βa-n	huŋeːl-be-n	eʨin	muku-t-nikan,very.Y	very.Y	suck-TAM2-HAB-3PL	DP	FLR-ACC-PX.3SG	eat-TAM1-SS.ANT.PL	surface-ACC-PX.3SG	inside-ACC-PX.3SG	blood-ACC-PX.3SG	PROX.QUAL	suck-TAM2-SS.SIM1,"They keep that (piece of antler) in their mouth for a long time, having eaten the top part, sucking the inside, the blood like this.'\footnote{The young antlers have a hard bony core with blood vessels and are covered by a layer of softer cartilage and skin, and the children ate not only the soft cartilage but also sucked the bony core and thus sucked out the blood.",A8,15,even1260,even1260a,WORD_ALIGNED,"{""TAM"": ""Polysemous TAM marker"", ""HAB"": ""Habitual"", ""PL"": ""Plural"", ""DP"": ""Discourse particle"", ""FLR"": ""Filler"", ""ACC"": ""Accusative"", ""PX"": ""Possessive suffix"", ""SG"": ""Singular"", ""SS"": ""Same-subject converb"", ""ANT"": ""Anterior (converb)"", ""PROX"": ""Proximal (demonstrative)"", ""QUAL"": ""Qualitative"", ""SIM"": ""Simultaneous (converb)""}"
even1260a-A8-16,"tiek gɵːmi tar iaβ ɟebmi huŋeːlben iami, hoː iak ebit əhni.",tiek	gɵː-mi	tar	ia-β	ɟeb-mi	huŋeːl-be-n	ia-mi	hoː	iak	ebit	əhni,now	say-SS.COND	DIST	FLR-ACC	eat-SS.COND	blood-ACC-PX.3SG	FLR-SS.COND	very	FLR	INDIR.Y	TAG,"To say it now, eating thingummy, whatchamacalliting the blood is very (useful/healthy), it seems, right.",A8,16,even1260,even1260a,WORD_ALIGNED,"{""SS"": ""Same-subject converb"", ""COND"": ""Conditional-Temporal (converb)"", ""DIST"": ""Distal demonstrative"", ""FLR"": ""Filler"", ""ACC"": ""Accusative"", ""PX"": ""Possessive suffix"", ""SG"": ""Singular"", ""INDIR"": ""Indirective (particle)"", ""TAG"": ""Tag question""}"
even1260a-A8-17,"tar niːmettuk hoː hoːja ialbu oːβrar əhni, tiːke tar taba kompanija eʨin, iak gɵːŋner ɲuʨidiʨ gɵːmi lekarstvennaj sredstvolbu gɵːli, niːmettuk.",tar	niːmet-tuk	hoː	hoːja	ia-l-bu	oː-βra-r	əhni	tiːke	tar	taba	kompanija	eʨin	iak	gɵː-ŋne-r	ɲuʨi-di-ʨ	gɵː-mi	lekarstvennaj	sredstvo-l-bu	gɵːli	niːmet-tuk,DIST	velvet.antlers-ABL	very	many	FLR-PL-ACC	make-HAB-3PL	TAG	now	DP	reindeer.Y	company.R	PROX.QUAL	what	say-HAB-3PL	Russian-ADJR(ETHNIC)-ADVR	say-SS.COND	medical.R	medicine.R-PL-ACC	TAG	velvet.antlers-ABL,"They make a lot of whatchamacallit, don't they, from velvet antlers now, that ``Taba Kompanija'' (name of a company) -- how does one say? to say it in Russian, medical products, right, from velvet antlers.",A8,17,even1260,even1260a,WORD_ALIGNED,"{""DIST"": ""Distal demonstrative"", ""ABL"": ""Ablative"", ""FLR"": ""Filler"", ""PL"": ""Plural"", ""ACC"": ""Accusative"", ""HAB"": ""Habitual"", ""TAG"": ""Tag question"", ""DP"": ""Discourse particle"", ""PROX"": ""Proximal (demonstrative)"", ""QUAL"": ""Qualitative"", ""ADJR"": ""Adjectivizer"", ""ADVR"": ""Adverbializer"", ""SS"": ""Same-subject converb"", ""COND"": ""Conditional-Temporal (converb)""}"
even1260a-A8-18,"nastojkadu eʨin ɵŋkeniken, iak nastojkat oːnikan hoː hoːja iaβ iaβraʨal ebit əhni.",nastojka-du	eʨin	ɵŋke-niken	iak	nastojka-t	oː-nikan	hoː	hoːja	ia-β	ia-βra-ʨa-l	ebit	əhni,extract.R-DAT.ESS	PROX.QUAL	pour.out-SS.SIM1	FLR	extract.R-INS	make-SS.SIM1	very	many	FLR-ACC	FLR-HAB-NAR.PST-PL	INDIR.Y	TAG,"They put (lit. `pour') (the young antlers) into an extract (alcohol to extract the medicinal properties), making an extract they did whatchamacallit a lot it seems, right.",A8,18,even1260,even1260a,WORD_ALIGNED,"{""DAT"": ""Dative"", ""ESS"": ""Essive"", ""PROX"": ""Proximal (demonstrative)"", ""QUAL"": ""Qualitative"", ""SS"": ""Same-subject converb"", ""SIM"": ""Simultaneous (converb)"", ""FLR"": ""Filler"", ""INS"": ""Instrumental"", ""ACC"": ""Accusative"", ""HAB"": ""Habitual"", ""NAR"": ""Narrative"", ""PST"": ""Past"", ""PL"": ""Plural"", ""INDIR"": ""Indirective (particle)"", ""TAG"": ""Tag question""}"
even1260a-A8-19,hoː hoːja iadu əninduk iaβraʨa bəlgereʨe tarak.,hoː	hoːja	ia-du	ənin-duk	ia-βra-ʨa	bəl-gere-ʨe	tarak,very	many	FLR-DAT.ESS	illness-ABL	FLR-HAB-NAR.PST	help-HAB-NAR.PST	DIST,"It helps with very many illnesses, it appears.",A8,19,even1260,even1260a,WORD_ALIGNED,"{""FLR"": ""Filler"", ""DAT"": ""Dative"", ""ESS"": ""Essive"", ""ABL"": ""Ablative"", ""HAB"": ""Habitual"", ""NAR"": ""Narrative"", ""PST"": ""Past"", ""DIST"": ""Distal demonstrative""}"
even1260a-A8-20,"ɟaːlbuda gɵːŋner, noŋartan emie kɵtlen bihiŋiβur, kɵʨuken bihiŋiβur, mut ɟaːlti ɲan niːmetu ɟebniken, uldəβ ɟebniken ʨe, ɵkeɲu ɟebniken, tɵβtə hiereken tɵβtəβ ɟebniken ihuʨel.",ɟaːl-bu=da	gɵː-ŋne-r	noŋartan	emie	kɵtlen	bi-hiŋi-βur	kɵʨuken	bi-hiŋi-βur	mut	ɟaːl-ti	ɲan	niːmet-u	ɟeb-niken	uldə-β	ɟeb-niken	ʨe	ɵkeɲ-u	ɟeb-niken	tɵβtə	hie-reke-n	tɵβtə-β	ɟeb-niken	ihu-ʨe-l,family-PX.1SG=ADD	say-HAB-3PL	3PL	also.Y	small	be-VS.TEMP-PRFL.PL	small	be-VS.TEMP-PRFL.PL	1PL	family-PX.1PL	and	velvet.antlers-ACC	eat-SS.SIM1	meat-ACC	eat-SS.SIM1	DP.Y	milk-ACC	eat-SS.SIM1	berries	appear-DS.COND-3SG	berries-ACC	eat-SS.SIM1	grow-NAR.PST-PL,"My parents, too, say that when they were small, when they were small our parents grew up eating velvet antlers, eating meat, eating milk, eating berries when the berries appeared.",A8,20,even1260,even1260a,WORD_ALIGNED,"{""PX"": ""Possessive suffix"", ""SG"": ""Singular"", ""ADD"": ""Additive"", ""HAB"": ""Habitual"", ""PL"": ""Plural"", ""VS"": ""Variable-subject converb"", ""TEMP"": ""Temporal (converb)"", ""PRFL"": ""Reflexive possessive"", ""ACC"": ""Accusative"", ""SS"": ""Same-subject converb"", ""SIM"": ""Simultaneous (converb)"", ""DP"": ""Discourse particle"", ""DS"": ""Different-subject converb"", ""COND"": ""Conditional-Temporal (converb)"", ""NAR"": ""Narrative"", ""PST"": ""Past""}"
even1260a-A8-21,tarakam mut ɟaːlti kuŋa bihiŋitnen voobše iakta biteminde iakta gərbə aʨʨahni.,tarakam	mut	ɟaːl-ti	kuŋa	bi-hiŋi-tnen	voobše	iak=ta	bitemin=de	iak=ta	gərbə	aʨʨa=hni,at.that.time	1PL	family-PX.1PL	child	be-VS.TEMP-3PL	in.general.R	what=ADD	vitamin.R=ADD	what=ADD	name	NEG.EXIST=TAG,"In those days, when our parents were children, there weren't any vitamins or anything, right.",A8,21,even1260,even1260a,WORD_ALIGNED,"{""PL"": ""Plural"", ""PX"": ""Possessive suffix"", ""VS"": ""Variable-subject converb"", ""TEMP"": ""Temporal (converb)"", ""ADD"": ""Additive"", ""NEG"": ""Negative; by itself: Negative auxiliary"", ""EXIST"": ""Existential"", ""TAG"": ""Tag question""}"
even1260a-A8-22,ovošida fruktyda gərbə aʨʨa.,ovoši=da	frukty=da	gərbə	aʨʨa,vegetables.R=ADD	fruits.R=ADD	name	NEG.EXIST,There weren't any vegetables or fruit.,A8,22,even1260,even1260a,WORD_ALIGNED,"{""ADD"": ""Additive"", ""NEG"": ""Negative; by itself: Negative auxiliary"", ""EXIST"": ""Existential""}"
even1260a-A8-23,tiemi noŋartan tar iaβ oron iaβan ɟebnikehel ihunikehel bəj oːʨal.,tiemi	noŋartan	tar	ia-β	oron	ia-βa-n	ɟeb-nike-hel	ihu-nike-hel	bəj	oː-ʨa-l,therefore	3PL	DP	FLR-ACC	reindeer(domestic)	FLR-ACC-PX.3SG	eat-SS.SIM1-PL	grow-SS.SIM1-PL	person	become-NAR.PST-PL,"Therefore they became adults, growing up and eating reindeer products.",A8,23,even1260,even1260a,WORD_ALIGNED,"{""PL"": ""Plural"", ""DP"": ""Discourse particle"", ""FLR"": ""Filler"", ""ACC"": ""Accusative"", ""PX"": ""Possessive suffix"", ""SG"": ""Singular"", ""SS"": ""Same-subject converb"", ""SIM"": ""Simultaneous (converb)"", ""NAR"": ""Narrative"", ""PST"": ""Past""}"
even1260a-A8-24,"iakta eʨin, tiːk ɲuʨidiʨ gɵːmi, avitaminosta əʨəl oːra, iakta ciŋada iakta ənikehel oːr.",iak=ta	eʨin	tiːk	ɲuʨi-di-ʨ	gɵː-mi	avitaminos=ta	ə-ʨə-l	oː-ra	iak=ta	ciŋa=da	iak=ta	ə-nike-hel	oː-r,what=ADD	PROX.QUAL	now	Russian-ADJR(ETHNIC)-ADVR	say-SS.COND	vitamin.deficiency.R=ADD	NEG-PST-PL	become-NEG.CVB	what=ADD	scurvy.R=ADD	what=ADD	NEG-SS.SIM1-PL	become-NEG.CVB,"There was nothing, to say it in Russian, there wasn't any vitamin deficiency, there wasn't any scurvy.",A8,24,even1260,even1260a,WORD_ALIGNED,"{""ADD"": ""Additive"", ""PROX"": ""Proximal (demonstrative)"", ""QUAL"": ""Qualitative"", ""ADJR"": ""Adjectivizer"", ""ADVR"": ""Adverbializer"", ""SS"": ""Same-subject converb"", ""COND"": ""Conditional-Temporal (converb)"", ""NEG"": ""Negative; by itself: Negative auxiliary"", ""PST"": ""Past"", ""PL"": ""Plural"", ""CVB"": ""Converb"", ""SIM"": ""Simultaneous (converb)""}"
even1260a-A8-25,"tar iaβ uldəβ ɟebniken, ɵkeɲu ɟebniken, huŋeːl ɟebniken, huŋeːl ianikan, ɲan tar niːmettuk...",tar	ia-β	uldə-β	ɟeb-niken	ɵkeɲ-u	ɟeb-niken	huŋeːl	ɟeb-niken	huŋeːl	ia-nikan	ɲan	tar	niːmet-tuk,DP	FLR-ACC	meat-ACC	eat-SS.SIM1	milk-ACC	eat-SS.SIM1	blood	eat-SS.SIM1	blood	FLR-SS.SIM1	and	DP	velvet.antlers-ABL,"Eating meat, eating milk, eating blood, whatchamacalliting blood, and (sucking blood) from the velvet antlers...",A8,25,even1260,even1260a,WORD_ALIGNED,"{""DP"": ""Discourse particle"", ""FLR"": ""Filler"", ""ACC"": ""Accusative"", ""SS"": ""Same-subject converb"", ""SIM"": ""Simultaneous (converb)"", ""ABL"": ""Ablative""}"
even1260a-A8-26,"ɲan tar irek tarak hieβren əhni tar nubaː gɵːniken, nubaː iaβan.",ɲan	tar	irek	tarak	hie-βre-n	əhni	tar	nubaː	gɵːniken	nubaː	ia-βa-n,and	DIST	which	DIST	grow-HAB-3SG	TAG	DIST	Siberian.lily	say.PTL	Siberian.lily	FLR-ACC-PX.3SG,"Various things grow, right, that Siberian lily, the whatchamacallit of the Siberian lily.",A8,26,even1260,even1260a,WORD_ALIGNED,"{""DIST"": ""Distal demonstrative"", ""HAB"": ""Habitual"", ""SG"": ""Singular"", ""TAG"": ""Tag question"", ""PTL"": ""Particle"", ""FLR"": ""Filler"", ""ACC"": ""Accusative"", ""PX"": ""Possessive suffix""}"
even1260a-A8-27,"ɲɵːʨe tarak, nubaː, tarak niŋteβen ɟebniken.",ɲɵːʨe	tarak	nubaː	tarak	niŋte-βe-n	ɟeb-niken,plant	DIST	Siberian.lily	DIST	root-ACC-PX.3SG	eat-SS.SIM1,"That's a plant, the Siberian lily, eating its roots.",A8,27,even1260,even1260a,WORD_ALIGNED,"{""DIST"": ""Distal demonstrative"", ""ACC"": ""Accusative"", ""PX"": ""Possessive suffix"", ""SG"": ""Singular"", ""SS"": ""Same-subject converb"", ""SIM"": ""Simultaneous (converb)""}"
even1260a-A8-28,nu niŋte gərbə ɲuʨidiʨ koren.,nu	niŋte	gərbə	ɲuʨi-di-ʨ	koren,DP.R	root	name	Russian-ADJR(ETHNIC)-ADVR	root.R,"Well, ``\textit{niŋte}'' in Russian is \textit{korenj} (root).",A8,28,even1260,even1260a,WORD_ALIGNED,"{""DP"": ""Discourse particle"", ""ADJR"": ""Adjectivizer"", ""ADVR"": ""Adverbializer""}"
even1260a-A8-29,tarak iaβan ɟebniken.,tarak	ia-βa-n	ɟeb-niken,DIST	FLR-ACC-PX.3SG	eat-SS.SIM1,Eating its whatchamacallit (roots).,A8,29,even1260,even1260a,WORD_ALIGNED,"{""DIST"": ""Distal demonstrative"", ""FLR"": ""Filler"", ""ACC"": ""Accusative"", ""PX"": ""Possessive suffix"", ""SG"": ""Singular"", ""SS"": ""Same-subject converb"", ""SIM"": ""Simultaneous (converb)""}"
even1260a-A8-30,"himbiːr iamdas morkovkamdas, kartoškamdas.",himbiːr	ia-mdas	morkovka-mdas	kartoška-mdas,all.the.same.Y	FLR-SML(PRP)	carrot.R-SML(PRP)	potato.R-SML(PRP),"It's like carrots, like potatoes.'\footnote{Nowadays these roots are not especially gathered for food, they are only eaten out of curiosity, or if people get hungry during a reindeer herding shift, then they might dig them up and eat them; they can be eaten raw or cooked.",A8,30,even1260,even1260a,WORD_ALIGNED,"{""FLR"": ""Filler"", ""SML"": ""Similative"", ""PRP"": ""Properties (Similative)""}"
even1260a-A8-31,"taraβ eʨin ilniken ɟebniken, ɲan eʨin ʨikkatnikan noŋartan upeːtnen iala iala iekele hille ɵŋkeβreʨe.",tara-β	eʨin	il-niken	ɟeb-niken	ɲan	eʨin	ʨik-kat-nikan	noŋartan	upeː-tnen	ia-la	ia-la	ieke-le	hil-le	ɵŋke-βre-ʨe,DIST-ACC	PROX.QUAL	peel-SS.SIM1	eat-SS.SIM1	and	PROX.QUAL	cut.off-MULT-SS.SIM1	3PL	grandmother-PX.3PL	FLR-LOC	FLR-LOC	pot-LOC	soup-LOC	pour.out-HAB-NAR.PST,"Peeling that like this and eating it, and also cutting it like this their grandmother put it into the pot, into the soup.",A8,31,even1260,even1260a,WORD_ALIGNED,"{""DIST"": ""Distal demonstrative"", ""ACC"": ""Accusative"", ""PROX"": ""Proximal (demonstrative)"", ""QUAL"": ""Qualitative"", ""SS"": ""Same-subject converb"", ""SIM"": ""Simultaneous (converb)"", ""MULT"": ""Multiplicative"", ""PL"": ""Plural"", ""PX"": ""Possessive suffix"", ""FLR"": ""Filler"", ""LOC"": ""Locative"", ""HAB"": ""Habitual"", ""NAR"": ""Narrative"", ""PST"": ""Past""}"
even1260a-A8-32,tara.,tara,DP,That's it.,A8,32,even1260,even1260a,WORD_ALIGNED,"{""DP"": ""Discourse particle""}"
even1260a-A9-1,"ibgakie tɵːrelken stada bihin, nadi stada, Tatjana Petrovna ukʨenɟin, ukʨenʨeːɟin gɵːli?",ibga-kie	tɵːre-lken	stado	bi-hi-n	nad-i	stado	Tatjana	Petrovna	ukʨen-ɟi-n	ukʨen-ʨeːɟi-n	gɵːli,good-INTS	place-PROP	herd.R	be-PST-3SG	seven-ORD	herd.R	PN	PN	tell-FUT-3SG	tell-PRES-3SG	TAG,"The brigade, the seventh brigade, has really good places, Tatjana Petrovna will tell, she probably told (you), right?",A9,1,even1260,even1260a,WORD_ALIGNED,"{""INTS"": ""Intensive"", ""PROP"": ""Proprietive"", ""PST"": ""Past"", ""SG"": ""Singular"", ""ORD"": ""Ordinal"", ""PN"": ""Proper noun"", ""FUT"": ""Future"", ""PRES"": ""Presumptive"", ""TAG"": ""Tag question""}"
even1260a-A9-2,"Daik gərbə tɵːr bihni, tar ajaːβri tɵːreŋu, bəkəʨən iʨurimeje, neleŋeje, deːmŋe tɵːr bihin.",Daik	gərbə	tɵːr	bi-h-ni	tar	ajaːβ-ri	tɵːre-ŋ-u	bəkəʨə-n	iʨ-u-ri-meje	nele-ŋeje	deːmŋe	tɵːr	bi-hi-n,TOPO	name	place	be-NFUT-3SG	DIST	love-PRS.PTCP	place-POSS-PX.1SG	all-PX.3SG	see-VAL-PRS.PTCP-AUG.INDEF	become.wide-AUG.ADJR	wide	place	be-PST-3SG,"There is a place called Daik, that is my favourite place, it was a wide-open place where everything could be seen.",A9,2,even1260,even1260a,WORD_ALIGNED,"{""TOPO"": ""Toponym"", ""NFUT"": ""Non-future"", ""SG"": ""Singular"", ""DIST"": ""Distal demonstrative"", ""PRS"": ""Present"", ""PTCP"": ""Participle"", ""POSS"": ""Non-canonical possession"", ""PX"": ""Possessive suffix"", ""VAL"": ""Valency-change"", ""AUG"": ""Augmentative"", ""INDEF"": ""Indefinite"", ""ADJR"": ""Adjectivizer"", ""PST"": ""Past""}"
even1260a-A9-3,tiːkde tala beːʨehmem.,tiːk=de	ta-la	bi-βeːʨe-hme-m,now=ADD	DIST-LOC	be-ITER-DES.NFUT-1SG,Even now I want to go there.,A9,3,even1260,even1260a,WORD_ALIGNED,"{""ADD"": ""Additive"", ""DIST"": ""Distal demonstrative"", ""LOC"": ""Locative"", ""ITER"": ""Iterative (aspect)"", ""DES"": ""Desiderative"", ""NFUT"": ""Non-future"", ""SG"": ""Singular""}"
even1260a-A9-4,tar ukʨeneken erbeʨen.,tar	ukʨene-ke-n	erbeʨen,DIST	tell-NR-PX.3SG	PROX.QUAL,Its story (the story of the place) is like this.,A9,4,even1260,even1260a,WORD_ALIGNED,"{""DIST"": ""Distal demonstrative"", ""NR"": ""Nominalizer"", ""PX"": ""Possessive suffix"", ""SG"": ""Singular"", ""PROX"": ""Proximal (demonstrative)"", ""QUAL"": ""Qualitative""}"
even1260a-A9-5,"Daik gərbə nɵste omolgo biʨe, hurken.",Daik	gərbə	nɵste	omolgo	bi-ʨe	hurken,PN	name	young	boy	be-NAR.PST	boy,There was a boy named Daik.,A9,5,even1260,even1260a,WORD_ALIGNED,"{""PN"": ""Proper noun"", ""NAR"": ""Narrative"", ""PST"": ""Past""}"
even1260a-A9-6,"tar ɟaːlbi ɟəbukendeji omkandula ojʨiʨa, ee otton, urekʨem ojʨiʨa, ujamkamaːʨa.",tar	ɟaːl-bi	ɟəb-uken-de-ji	omkan-dula	ojʨi-ʨa	ee	otton	urekʨe-m	ojʨi-ʨa	ujamka-maː-ʨa,DIST	family-PRFL.SG	eat-CAUS-VS.PURP-PRFL.SG	mountain-LOC	ascend-NAR.PST	eh	DP.Y	high.mountain-ACC	ascend-NAR.PST	snow.sheep-VR(HUNT)-NAR.PST,"In order to feed his relatives he climbed up a mountain, up a big mountain, he went to hunt snow sheep.",A9,6,even1260,even1260a,WORD_ALIGNED,"{""DIST"": ""Distal demonstrative"", ""PRFL"": ""Reflexive possessive"", ""SG"": ""Singular"", ""CAUS"": ""Causative"", ""VS"": ""Variable-subject converb"", ""PURP"": ""Purposive"", ""LOC"": ""Locative"", ""NAR"": ""Narrative"", ""PST"": ""Past"", ""DP"": ""Discourse particle"", ""ACC"": ""Accusative"", ""VR"": ""Verbalizer""}"
even1260a-A9-7,"taʨin ojʨiriɟi, pompitit ukʨemmi otton, əməhəmʨegu uhladugu, oːngol iaʨa, oːngol kɵkeʨe tadu.",taʨin	ojʨi-riɟi	pompiti-t	ukʨem-mi	otton	əməhəmʨe=gu	uhla-du=gu	oːn=gol	ia-ʨa	oːn=gol	kɵke-ʨe	ta-du,DIST.QUAL	ascend-SS.ANT.SG	short-ADVR	tell-SS.COND	DP.Y	avalanche=DUB	mudflow-DAT.ESS=DUB	how=INDEF	FLR-NAR.PST	how=INDEF	die-NAR.PST	DIST-DAT.ESS,"Having climbed up there -- well, to make it brief, he came into an avalanche or a mudflow, somehow he died there.",A9,7,even1260,even1260a,WORD_ALIGNED,"{""DIST"": ""Distal demonstrative"", ""QUAL"": ""Qualitative"", ""SS"": ""Same-subject converb"", ""ANT"": ""Anterior (converb)"", ""SG"": ""Singular"", ""ADVR"": ""Adverbializer"", ""COND"": ""Conditional-Temporal (converb)"", ""DP"": ""Discourse particle"", ""DUB"": ""Dubitative"", ""DAT"": ""Dative"", ""ESS"": ""Essive"", ""INDEF"": ""Indefinite"", ""FLR"": ""Filler"", ""NAR"": ""Narrative"", ""PST"": ""Past""}"
even1260a-A9-8,tar tɵːru teːmi noŋan gərbəɟin gərbəʨel gɵːŋner.,tar	tɵːr-u	teːmi	noŋan	gərbə-ɟi-n	gərbə-ʨe-l	gɵː-ŋne-r,DIST	place-ACC	therefore	3SG	name-INS-PX.3SG	give.name-NAR.PST-PL	say-HAB-3PL,"That is why they named that place with his name, they say.",A9,8,even1260,even1260a,WORD_ALIGNED,"{""DIST"": ""Distal demonstrative"", ""ACC"": ""Accusative"", ""SG"": ""Singular"", ""INS"": ""Instrumental"", ""PX"": ""Possessive suffix"", ""NAR"": ""Narrative"", ""PST"": ""Past"", ""PL"": ""Plural"", ""HAB"": ""Habitual""}"
even1260a-A9-9,"tar kuŋa, omolgo moːn tiːkte bihni, ɟulle ojon, nuŋan bəkəʨən biʨe uhu, tiːk taraŋan ilegul hərʨe, iakkul gaʨagu, iaʨagu, aʨʨa uhu tiːke.",tar	kuŋa	omolgo	moː-n	tiːk=te	bi-h-ni	ɟul-le	ojo-n	nuŋa-n	bəkəʨə-n	bi-ʨe	uhu	tiːk	tara-ŋa-n	i-le=gul	hər-ʨe	iak=kul	ga-ʨa=gu	ia-ʨa=gu	aʨʨa	uhu	tiːke,DIST	child	boy	grave-PX.3SG	now=ADD	be-NFUT-3SG	front-LOC	clothes-PX.3SG	gun-PX.3SG	all-PX.3SG	be-NAR.PST	HSY.Y	now	DIST-POSS-PX.3SG	INTERR-LOC=INDEF	go-NAR.PST	what=INDEF	take-NAR.PST=DUB	GEN.EXT-NAR.PST=DUB	NEG.EXIST	HSY.Y	now,"The grave of this boy is still (there), previously his clothes, his gun, everything was (there) they say, now it's gone somewhere, someone (lit. `something') took (them) or what, now they're gone.'\footnote{The grave was a traditional Even grave on a high wooden platform, not a burial in the ground. That is why the grave goods would have been visible to people from the outside. Note that the sense has shifted -- in Tungusic languages \textit{moː} generally means `tree, wood, firewood' (\cite[540-541]{Cincius:1975hv}).",A9,9,even1260,even1260a,WORD_ALIGNED,"{""DIST"": ""Distal demonstrative"", ""PX"": ""Possessive suffix"", ""SG"": ""Singular"", ""ADD"": ""Additive"", ""NFUT"": ""Non-future"", ""LOC"": ""Locative"", ""NAR"": ""Narrative"", ""PST"": ""Past"", ""HSY"": ""Hearsay"", ""POSS"": ""Non-canonical possession"", ""INTERR"": ""Interrogative root"", ""INDEF"": ""Indefinite"", ""DUB"": ""Dubitative"", ""GEN"": ""Genitive"", ""EXT"": ""Extender"", ""NEG"": ""Negative; by itself: Negative auxiliary"", ""EXIST"": ""Existential""}"
even1260a-A9-10,"biːɲun əʨeːɟim itte, bəj bəkəʨən taraβ itʨe biʨe uhu, tar moːβ.",biː=ɲun	ə-ʨeːɟi-m	it-te	bəj	bəkəʨə-n	tara-β	it-ʨe	bi-ʨe	uhu	tar	moː-β,1SG=RESTR	NEG-PRES-1SG	see-NEG.CVB	person	all-PX.3SG	DIST-ACC	see-PST.PTCP	AUX-NAR.PST	HSY.Y	DIST	grave-ACC,"Probably only I haven't seen (that), everybody has seen it, they say, that grave.",A9,10,even1260,even1260a,WORD_ALIGNED,"{""SG"": ""Singular"", ""RESTR"": ""Restrictive"", ""NEG"": ""Negative; by itself: Negative auxiliary"", ""PRES"": ""Presumptive"", ""CVB"": ""Converb"", ""PX"": ""Possessive suffix"", ""DIST"": ""Distal demonstrative"", ""ACC"": ""Accusative"", ""PST"": ""Past"", ""PTCP"": ""Participle"", ""AUX"": ""Auxiliary"", ""NAR"": ""Narrative"", ""HSY"": ""Hearsay""}"
even1260a-A9-11,"ɲan, gɵ, tar tɵːrdu, tar Daik gərbə tɵːrle ŋiːje bihitnen, Anatolij Afanasevič Alekseev, haːnni gɵːli, tarak ɟaːlni bihitnen upeː Duɲa, abaga, etiken, Bɵːtur gərbə etiken bihin.",ɲan	gɵ	tar	tɵːr-du	tar	Daik	gərbə	tɵːr-le	ŋiː-je	bi-hi-tnen	Anatolij	Afanasevič	Alekseev	haː-nni	gɵːli	tarak	ɟaːl-ni	bi-hi-tnen	upeː	Duɲa	abaga	etikeːn	Bɵːtur	gərbə	etikeːn	bi-hi-n,and	DP	DIST	place-DAT.ESS	DIST	TOPO	name	place-LOC	FLR-ASS.PL	be-PST-3PL	PN	PN	PN	know-2SG	TAG	DIST	family-PX.3SG	be-PST-3PL	grandmother	PN	grandfather	old.man	PN	name	old.man	be-PST-3SG,"And also in that place, in that place called Daik, who-all were there, the relatives of Anatolij Afanasevič Alekseev, you know him, don't you, his family were there, granny Dunja and old man Bötr was there.'\footnote{Anatolij A. Alekseev is a well-known ethnographer based in Yakutsk, a specialist of Even anthropology.",A9,11,even1260,even1260a,WORD_ALIGNED,"{""DP"": ""Discourse particle"", ""DIST"": ""Distal demonstrative"", ""DAT"": ""Dative"", ""ESS"": ""Essive"", ""TOPO"": ""Toponym"", ""LOC"": ""Locative"", ""FLR"": ""Filler"", ""ASS"": ""Associative"", ""PL"": ""Plural"", ""PST"": ""Past"", ""PN"": ""Proper noun"", ""SG"": ""Singular"", ""TAG"": ""Tag question"", ""PX"": ""Possessive suffix""}"
even1260a-A9-12,"nahaː irkaŋnari, hebɟehɲi etikekken bihin, bəkəbbutnen ebiniken, ireβ taraβ aʨʨaβ aɟitamdas ukʨenniken, hebɟelukeŋnerin.",nahaː	irkaŋna-ri	hebɟehɲi	etike-kken	bi-hi-n	bəkəb-bu-tnen	ebi-niken	ire-β	tara-β	aʨʨa-β	aɟita-mdas	ukʨen-niken	hebɟe-l-uke-ŋne-ri-n,very.Y	tease-PRS.PTCP	be.funny.PRS.PTCP	old.man-DIM.INDEF	be-PST-3SG	all-ACC-PX.3PL	play-SS.SIM1	which-ACC	DIST-ACC	NEG.EXIST-ACC	truth-SML(PRP)	tell-SS.SIM1	consider.funny-INCH-CAUS-HAB-PST-3SG,"He was a very playful, funny old man, he entertained us all by telling this and that which didn't exist as if it were the truth.",A9,12,even1260,even1260a,WORD_ALIGNED,"{""PRS"": ""Present"", ""PTCP"": ""Participle"", ""DIM"": ""Diminutive "", ""INDEF"": ""Indefinite"", ""PST"": ""Past"", ""SG"": ""Singular"", ""ACC"": ""Accusative"", ""PX"": ""Possessive suffix"", ""PL"": ""Plural"", ""SS"": ""Same-subject converb"", ""SIM"": ""Simultaneous (converb)"", ""DIST"": ""Distal demonstrative"", ""NEG"": ""Negative; by itself: Negative auxiliary"", ""EXIST"": ""Existential"", ""SML"": ""Similative"", ""PRP"": ""Properties (Similative)"", ""INCH"": ""Inchoative"", ""CAUS"": ""Causative"", ""HAB"": ""Habitual""}"
even1260a-A9-13,"aɟitŋiri bihit mut taraβ, teɟeːβrerit.",aɟit-ŋi-ri	bi-hi-t	mut	tara-β	teɟeː-βre-ri-t,truth-VR-PRS.PTCP	AUX-PST-1PL	1PL	DIST-ACC	believe-HAB-PST-1PL,"We took that for the truth, believed (it).",A9,13,even1260,even1260a,WORD_ALIGNED,"{""VR"": ""Verbalizer"", ""PRS"": ""Present"", ""PTCP"": ""Participle"", ""AUX"": ""Auxiliary"", ""PST"": ""Past"", ""PL"": ""Plural"", ""DIST"": ""Distal demonstrative"", ""ACC"": ""Accusative"", ""HAB"": ""Habitual""}"
even1260a-A9-14,"tar etikendule ŋiː tabar Alekseev emgererin, tar eɲindulej.",tar	etiken-dule	ŋiː	tabar	Alekseev	em-gere-ri-n	tar	eɲin-dule-j,DIST	old.man-LOC	FLR	DEM.RECOGN	PN	come-HAB-PST-3SG	DIST	mother-LOC-PRFL.SG,"To that old man that Alekseev used to come, to his mother.",A9,14,even1260,even1260a,WORD_ALIGNED,"{""DIST"": ""Distal demonstrative"", ""LOC"": ""Locative"", ""FLR"": ""Filler"", ""DEM"": ""Demonstrative"", ""RECOGN"": ""Recognitional"", ""PN"": ""Proper noun"", ""HAB"": ""Habitual"", ""PST"": ""Past"", ""SG"": ""Singular"", ""PRFL"": ""Reflexive possessive""}"
even1260a-A9-15,"ɵmneken taʨin, iak biʨe, ələkəs ɲulgeʨel bihep tar Daikla.",ɵm-neken	taʨin	iak	bi-ʨe	ələkəs	ɲulge-ʨe-l	bi-he-p	tar	Daik-la,one-ITER.ADV	DIST.QUAL	what	be-NAR.PST	at.first	migrate-PST.PTCP-PL	AUX-NFUT-1PL	DIST	TOPO-LOC,"Once what happened, we had just migrated to that Daik.'\footnote{Here, Ija Krivoshapkina uses the indirect Narrative Past instead of the direct past tense form \textit{ɲulgerit} to create the effect that she is telling a story rather than about a concrete episode that happened to her.",A9,15,even1260,even1260a,WORD_ALIGNED,"{""ITER"": ""Iterative (aspect)"", ""ADV"": ""Adverb"", ""DIST"": ""Distal demonstrative"", ""QUAL"": ""Qualitative"", ""NAR"": ""Narrative"", ""PST"": ""Past"", ""PTCP"": ""Participle"", ""PL"": ""Plural"", ""AUX"": ""Auxiliary"", ""NFUT"": ""Non-future"", ""TOPO"": ""Toponym"", ""LOC"": ""Locative""}"
even1260a-A9-16,timarran ammu ɲan ejmu iaβ genneritnen- iruŋkaβ.,timarran	amm-u	ɲan	ejm-u	ia-β	gen-ne-ri-tnen	ir-u-ŋka-β,next.day	father-PX.1SG	and	mother-PX.1SG	FLR-ACC	look.for-AM-PST-3PL	to.cart-VAL-NR-ACC,"On the next day my father and mother went to fetch the load left on the way.'\footnote{The \textit{iruŋka} is a part of the household load that is moved a few days prior to the people moving, if there is too much to move all at once, and that is left somewhere along the way.",A9,16,even1260,even1260a,WORD_ALIGNED,"{""PX"": ""Possessive suffix"", ""SG"": ""Singular"", ""FLR"": ""Filler"", ""ACC"": ""Accusative"", ""AM"": ""Associated Motion"", ""PST"": ""Past"", ""PL"": ""Plural"", ""VAL"": ""Valency-change"", ""NR"": ""Nominalizer""}"
even1260a-A9-17,"tar ʨugasla, ahukaːndu emeːnʨel biʨel.",tar	ʨugas-la	ahukaːn-du	emeːn-ʨe-l	bi-ʨe-l,DIST	near.Y-LOC	near-DAT.ESS	leave-PST.PTCP-PL	AUX-NAR.PST-PL,"They had left that somewhere close by.'\footnote{Here, the indirect Narrative Past expresses the fact that the speaker herself did not see where they left the load.",A9,17,even1260,even1260a,WORD_ALIGNED,"{""DIST"": ""Distal demonstrative"", ""LOC"": ""Locative"", ""DAT"": ""Dative"", ""ESS"": ""Essive"", ""PST"": ""Past"", ""PTCP"": ""Participle"", ""PL"": ""Plural"", ""AUX"": ""Auxiliary"", ""NAR"": ""Narrative""}"
even1260a-A9-18,"tadu, tarakam mut nɵːʨel iala okaːtla ebiʨʨel bihep, ebiddit.",ta-du	tarakam	mut	nɵː-ʨel	ia-la	okaːt-la	ebi-ʨ-ʨe-l	bi-he-p	ebi-d-di-t,DIST-DAT.ESS	at.that.time	1PL	younger.sib-COM(KIN)	FLR-LOC	river-LOC	play-TAM2-PST.PTCP-PL	AUX-NFUT-1PL	play-PROG-PST-1PL,"At that time my little brother and I were playing by the river.'\footnote{Here, the Auxiliary construction \textit{ebiʨʨel bihep} expresses a nuance of assumption, while the Simple Past conveys the assertion that confirms that they indeed played.",A9,18,even1260,even1260a,WORD_ALIGNED,"{""DIST"": ""Distal demonstrative"", ""DAT"": ""Dative"", ""ESS"": ""Essive"", ""PL"": ""Plural"", ""COM"": ""Comitative"", ""FLR"": ""Filler"", ""LOC"": ""Locative"", ""TAM"": ""Polysemous TAM marker"", ""PST"": ""Past"", ""PTCP"": ""Participle"", ""AUX"": ""Auxiliary"", ""NFUT"": ""Non-future"", ""PROG"": ""Progressive""}"
even1260a-A9-19,"ajukaja taʨin ebiddeket, gorakie əʨel dolʨir bihep tar atikan gorakie ŋaːʨadʨa mutu, tar Duɲa atikan.",ajukaja	taʨin	ebi-d-deke-t	gora-kie	ə-ʨe-l	dolʨi-r	bi-he-p	tar	atikan	gora-kie	ŋaːʨa-d-ʨa	mut-u	tar	Duɲa	atikan,suddenly.Y	DIST.QUAL	play-PROG-DS.COND-1PL	long-INTS	NEG-PST.PTCP-PL	listen-NEG.CVB	AUX-NFUT-1PL	DIST	old.woman	long-INTS	call-PROG-NAR.PST	1PL-ACC	DIST	PN	old.woman,"Suddenly, as we were playing like that, we for a long time didn't hear how that old woman called us, that granny Dunja.",A9,19,even1260,even1260a,WORD_ALIGNED,"{""DIST"": ""Distal demonstrative"", ""QUAL"": ""Qualitative"", ""PROG"": ""Progressive"", ""DS"": ""Different-subject converb"", ""COND"": ""Conditional-Temporal (converb)"", ""PL"": ""Plural"", ""INTS"": ""Intensive"", ""NEG"": ""Negative; by itself: Negative auxiliary"", ""PST"": ""Past"", ""PTCP"": ""Participle"", ""CVB"": ""Converb"", ""AUX"": ""Auxiliary"", ""NFUT"": ""Non-future"", ""NAR"": ""Narrative"", ""ACC"": ""Accusative"", ""PN"": ""Proper noun""}"
even1260a-A9-20,"oɣolor keliŋ, ɲokadit tɵreβrerin, gɵːniken.",oɣolor	keliŋ	ɲoka-di-t	tɵre-βre-ri-n	gɵːniken,children.Y	come.IMP.PL.Y	Sakha-ADJR(ETHNIC)-ADVR	speak-HAB-PST-3SG	say.QUOT,"{``}Children, come!'', she spoke Sakha.",A9,20,even1260,even1260a,WORD_ALIGNED,"{""IMP"": ""Imperative"", ""PL"": ""Plural"", ""ADJR"": ""Adjectivizer"", ""ADVR"": ""Adverbializer"", ""HAB"": ""Habitual"", ""PST"": ""Past"", ""SG"": ""Singular"", ""QUOT"": ""Quotative""}"
even1260a-A9-21,"tar mut eheneket tar atikan ilaʨaddan, hərrep noŋantakin.",tar	mut	ehe-neke-t	tar	atikan	ila-ʨa-d-da-n	hər-re-p	noŋantakin,DP	1PL	look.around-DS.COND-1PL	DIST	old.woman	stand.up-TAM2-PROG-NFUT-3SG	go-NFUT-1PL	3SG.ALL,"When we looked up that old woman was standing there, we went to her.",A9,21,even1260,even1260a,WORD_ALIGNED,"{""DP"": ""Discourse particle"", ""PL"": ""Plural"", ""DS"": ""Different-subject converb"", ""COND"": ""Conditional-Temporal (converb)"", ""DIST"": ""Distal demonstrative"", ""TAM"": ""Polysemous TAM marker"", ""PROG"": ""Progressive"", ""NFUT"": ""Non-future"", ""SG"": ""Singular"", ""ALL"": ""Allative""}"
even1260a-A9-22,"abiga emʨe ialat balakkalat, biʨe.",abiga	em-ʨe	ia-la-t	balakka-la-t	bi-ʨe,grandfather	come-PST.PTCP	FLR-LOC-PX.1PL	tent.R-LOC-PX.1PL	AUX-NAR.PST,"A bear had come to our tent, it seems.'\footnote{The word \textit{abaga}{\textasciitilde}\textit{abiga} `grandfather' is the euphemistic term for `bear' (see \sectref{sec:huntingfishing}).",A9,22,even1260,even1260a,WORD_ALIGNED,"{""PST"": ""Past"", ""PTCP"": ""Participle"", ""FLR"": ""Filler"", ""LOC"": ""Locative"", ""PX"": ""Possessive suffix"", ""PL"": ""Plural"", ""AUX"": ""Auxiliary"", ""NAR"": ""Narrative""}"
even1260a-A9-23,tar ŋeːlelliɟi mutu mendeneʨe.,tar	ŋeːle-l-liɟi	mut-u	mende-ne-ʨe,DP	be.afraid-INCH-SS.ANT.SG	1PL-ACC	search-AM-NAR.PST,Having gotten a fright she went to look for us.,A9,23,even1260,even1260a,WORD_ALIGNED,"{""DP"": ""Discourse particle"", ""INCH"": ""Inchoative"", ""SS"": ""Same-subject converb"", ""ANT"": ""Anterior (converb)"", ""SG"": ""Singular"", ""PL"": ""Plural"", ""ACC"": ""Accusative"", ""AM"": ""Associated Motion"", ""NAR"": ""Narrative"", ""PST"": ""Past""}"
even1260a-A9-24,"taraβ bəjəl hərʨel, gɵ, tar iaβ ianami, tar abigaɲɟaβ ianami, nəmkənemi.",tara-β	bəjə-l	hər-ʨe-l	gɵ	tar	ia-β	ia-na-mi	tar	abiga-ɲɟa-β	ia-na-mi	nəmkə-ne-mi,DIST-ACC	person-PL	go-NAR.PST-PL	DP	DIST	FLR-ACC	FLR-AM-SS.COND	DIST	grandfather-AUG.DEF-ACC	FLR-AM-SS.COND	shoot-AM-SS.COND,People went to shoot that bear.,A9,24,even1260,even1260a,WORD_ALIGNED,"{""DIST"": ""Distal demonstrative"", ""ACC"": ""Accusative"", ""PL"": ""Plural"", ""NAR"": ""Narrative"", ""PST"": ""Past"", ""DP"": ""Discourse particle"", ""FLR"": ""Filler"", ""AM"": ""Associated Motion"", ""SS"": ""Same-subject converb"", ""COND"": ""Conditional-Temporal (converb)"", ""AUG"": ""Augmentative"", ""DEF"": ""Definite""}"
even1260a-A9-25,"mut buollaɣina ɟaːlti hərʨeletnen, nɵːʨel delbi ŋeːlellit, tar abigala naːʨaːɟir, ɟəbəβɟirgu, iaɟirgu gɵːniken.",mut	buollaɣina	ɟaːl-ti	hər-ʨe-le-tnen	nɵː-ʨel	delbi	ŋeːle-l-li-t	tar	abiga-la	naː-ʨaːɟi-r	ɟəbə-β-ɟi-r=gu	ia-ɟi-r=gu	gɵːniken,1PL	DP.Y	family-PX.1PL	go-PST.PTCP-LOC-3PL	younger.sib-COM(KIN)	very.Y	be.afraid-INCH-PST-1PL	DIST	grandfather-LOC	hit-PRES-3PL	eat-ADVRS-FUT-3PL=DUB	GEN.EXT-FUT-3PL=DUB	say.PTL,"We however, when our parents left, my brother and I were very much afraid that they would come upon that bear and be eaten or something.'\footnote{Here, the \textsc{ss}.\textsc{sim}1 converb of the generic verb of speech, \textit{gɵːniken}, functions as a complementizer.",A9,25,even1260,even1260a,WORD_ALIGNED,"{""PL"": ""Plural"", ""DP"": ""Discourse particle"", ""PX"": ""Possessive suffix"", ""PST"": ""Past"", ""PTCP"": ""Participle"", ""LOC"": ""Locative"", ""COM"": ""Comitative"", ""INCH"": ""Inchoative"", ""DIST"": ""Distal demonstrative"", ""PRES"": ""Presumptive"", ""ADVRS"": ""Adversative"", ""FUT"": ""Future"", ""DUB"": ""Dubitative"", ""GEN"": ""Genitive"", ""EXT"": ""Extender"", ""PTL"": ""Particle""}"
even1260a-A9-26,"tar oroβuna xata ɟaːlti emne hoturu oːriɟur, tar abigaɲɟaβ ittiɟur muʨuʨal biʨel hoːtaranduk.",tar	oroβuna	xata	ɟaːl-ti	em-ne	hoturu	oː-riɟur	tar	abiga-ɲɟa-β	it-tiɟur	muʨu-ʨa-l	bi-ʨe-l	hoːtaran-duk,DP	exactly.R	thank.god.Y	family-PX.1PL	come-NFUT	soon.Y	become-SS.ANT.PL	DIST	grandfather-AUG.DEF-ACC	see-SS.ANT.PL	return-PST.PTCP-PL	AUX-NAR.PST-PL	road-ABL,"At that moment our parents came, thank god, very soon, having seen that big bear they returned from the road.",A9,26,even1260,even1260a,WORD_ALIGNED,"{""DP"": ""Discourse particle"", ""PX"": ""Possessive suffix"", ""PL"": ""Plural"", ""NFUT"": ""Non-future"", ""SS"": ""Same-subject converb"", ""ANT"": ""Anterior (converb)"", ""DIST"": ""Distal demonstrative"", ""AUG"": ""Augmentative"", ""DEF"": ""Definite"", ""ACC"": ""Accusative"", ""PST"": ""Past"", ""PTCP"": ""Participle"", ""AUX"": ""Auxiliary"", ""NAR"": ""Narrative"", ""ABL"": ""Ablative""}"
even1260a-A9-27,muʨuʨal.,muʨu-ʨa-l,return-NAR.PST-PL,They returned.,A9,27,even1260,even1260a,WORD_ALIGNED,"{""NAR"": ""Narrative"", ""PST"": ""Past"", ""PL"": ""Plural""}"
even1260a-A9-28,"tar mut delbi nɵːʨel delbi ɵrelderit, ɟaːlti muʨur gɵːniken.",tar	mut	delbi	nɵː-ʨel	delbi	ɵrelde-ri-t	ɟaːl-ti	muʨu-r	gɵːniken,DP	1PL	very.Y	younger.sib-COM(KIN)	very.Y	be.happy-PST-1PL	family-PX.1PL	return-3PL	say.PTL,My brother and I were very happy that our parents had returned.,A9,28,even1260,even1260a,WORD_ALIGNED,"{""DP"": ""Discourse particle"", ""PL"": ""Plural"", ""COM"": ""Comitative"", ""PST"": ""Past"", ""PX"": ""Possessive suffix"", ""PTL"": ""Particle""}"
even1260a-A9-29,"tarit ŋiːje emne, tar Anatolijje emne tar abigaɲun, Bɵːtur abigaɲun.",tarit	ŋiː-je	em-ne	tar	Anatolij-je	em-ne	tar	abiga-ɲun	Bɵːtur	abiga-ɲun,then	FLR-ASS.PL	come-NFUT	DIST	PN-ASS.PL	come-NFUT	DIST	grandfather-COM(GNRL)	PN	grandfather-COM(GNRL),"Then who-all arrived, Anatolij arrived with grandfather Petr.",A9,29,even1260,even1260a,WORD_ALIGNED,"{""FLR"": ""Filler"", ""ASS"": ""Associative"", ""PL"": ""Plural"", ""NFUT"": ""Non-future"", ""DIST"": ""Distal demonstrative"", ""PN"": ""Proper noun"", ""COM"": ""Comitative"", ""GNRL"": ""General (comitative)""}"
even1260a-A9-30,"iaβ maːʨal biʨe, tar abigaɲɟaβ maːʨal biʨel.",ia-β	maː-ʨa-l	bi-ʨe	tar	abiga-ɲɟa-β	maː-ʨa-l	bi-ʨe-l,FLR-ACC	kill-PST.PTCP-PL	AUX-NAR.PST	DIST	grandfather-AUG.DEF-ACC	kill-PST.PTCP-PL	AUX-NAR.PST-PL,"They killed whatchamacallit, they killed that bear.",A9,30,even1260,even1260a,WORD_ALIGNED,"{""FLR"": ""Filler"", ""ACC"": ""Accusative"", ""PST"": ""Past"", ""PTCP"": ""Participle"", ""PL"": ""Plural"", ""AUX"": ""Auxiliary"", ""NAR"": ""Narrative"", ""DIST"": ""Distal demonstrative"", ""AUG"": ""Augmentative"", ""DEF"": ""Definite""}"
even1260a-A9-31,egɟemeje abiga biʨe.,egɟe-meje	abiga	bi-ʨe,big-AUG.INDEF	grandfather	be-NAR.PST,That was a big bear.,A9,31,even1260,even1260a,WORD_ALIGNED,"{""AUG"": ""Augmentative"", ""INDEF"": ""Indefinite"", ""NAR"": ""Narrative"", ""PST"": ""Past""}"
even1260a-A9-32,"xata əʨe haːr biʨe tar balakkaβ igin, noŋandukun əden biʨe yryʨyn, unŋeβ əʨe gar biʨe.",xata	ə-ʨe	haː-r	bi-ʨe	tar	balakka-β	igin	noŋandukun	əden	bi-ʨe	yryʨyn	unŋe-β	ə-ʨe	ga-r	bi-ʨe,thank.god.Y	NEG-PST.PTCP	know-NEG.CVB	AUX-NAR.PST	DIST	tent.R-ACC	etc.Y	3SG.ABL	wind	be-NAR.PST	it.seems	smell-ACC	NEG-PST.PTCP	take-NEG.CVB	AUX-NAR.PST,"Thank god it didn't know that the tents were there, the wind must have been (coming) from its side, it didn't notice (lit. `take') the smell.",A9,32,even1260,even1260a,WORD_ALIGNED,"{""NEG"": ""Negative; by itself: Negative auxiliary"", ""PST"": ""Past"", ""PTCP"": ""Participle"", ""CVB"": ""Converb"", ""AUX"": ""Auxiliary"", ""NAR"": ""Narrative"", ""DIST"": ""Distal demonstrative"", ""ACC"": ""Accusative"", ""SG"": ""Singular"", ""ABL"": ""Ablative""}"
even1260a-A9-33,tara.,tara,DP,There.,A9,33,even1260,even1260a,WORD_ALIGNED,"{""DP"": ""Discourse particle""}"
even1260a-A9-34,"ɟaːlti emie tɵttɵru, emie iruŋkaβ genneritnen.",ɟaːl-ti	emie	tɵttɵru	emie	ir-u-ŋka-β	gen-ne-ri-tnen,family-PX.1PL	also.Y	back.Y	also.Y	to.cart-VAL-NR-ACC	look.for-AM-PST-3PL,"And our parents again went back, again went to fetch that load.",A9,34,even1260,even1260a,WORD_ALIGNED,"{""PX"": ""Possessive suffix"", ""PL"": ""Plural"", ""VAL"": ""Valency-change"", ""NR"": ""Nominalizer"", ""ACC"": ""Accusative"", ""AM"": ""Associated Motion"", ""PST"": ""Past""}"
even1260a-A9-35,tar Daikla taʨin bihin.,tar	Daik-la	taʨin	bi-hi-n,DIST	TOPO-LOC	DIST.QUAL	be-PST-3SG,It was like that in Daik.,A9,35,even1260,even1260a,WORD_ALIGNED,"{""DIST"": ""Distal demonstrative"", ""TOPO"": ""Toponym"", ""LOC"": ""Locative"", ""QUAL"": ""Qualitative"", ""PST"": ""Past"", ""SG"": ""Singular""}"
even1260a-A9-36,"tar ajaːβri tɵːreŋu, ɲan Kuːnikit gərbə tɵːr bihni.",tar	ajaːβ-ri	tɵːre-ŋ-u	ɲan	Kuːnikit	gərbə	tɵːr	bi-h-ni,DIST	love-PRS.PTCP	place-POSS-PX.1SG	and	TOPO	name	place	be-NFUT-3SG,That is my favourite place; then there is a place called Kunikit.'\footnote{\textit{Kuːnikit} literally means `place of screaming'; it is called like that because of a screaming competition between two shamans.,A9,36,even1260,even1260a,WORD_ALIGNED,"{""DIST"": ""Distal demonstrative"", ""PRS"": ""Present"", ""PTCP"": ""Participle"", ""POSS"": ""Non-canonical possession"", ""PX"": ""Possessive suffix"", ""SG"": ""Singular"", ""TOPO"": ""Toponym"", ""NFUT"": ""Non-future""}"
even1260a-A9-37,"haːtahrimaja, noːg higiːlkamaja, ɲupkuhmimdehejeː tɵːr bihni.",haːtahri-maja	noːg	higiː-lka-maja	ɲupku-hmi-mdehe-jeː	tɵːr	bi-h-ni,be.dark.PRS.PTCP-AUG.INDEF	dense	forest-PROP-AUG.INDEF	suffocate-DES.PRS.PTCP-SML(PRP)-AUG	place	be-NFUT-3SG,"That is a very dark place with dense forest, where you feel as if you suffocate.",A9,37,even1260,even1260a,WORD_ALIGNED,"{""PRS"": ""Present"", ""PTCP"": ""Participle"", ""AUG"": ""Augmentative"", ""INDEF"": ""Indefinite"", ""PROP"": ""Proprietive"", ""DES"": ""Desiderative"", ""SML"": ""Similative"", ""PRP"": ""Properties (Similative)"", ""NFUT"": ""Non-future"", ""SG"": ""Singular""}"
even1260a-A9-38,"nahaː abigalkan, kuruk abiga emgererin, tala ɵreŋʨireket.",nahaː	abiga-lkan	kuruk	abiga	em-gere-ri-n	ta-la	ɵre-ŋʨi-reke-t,very.Y	grandfather-PROP	always.Y	grandfather	come-HAB-PST-3SG	DIST-LOC	set.up.camp-DUR-DS.COND-1PL,"There are a lot of bears there, bears would always come when we camped there.",A9,38,even1260,even1260a,WORD_ALIGNED,"{""PROP"": ""Proprietive"", ""HAB"": ""Habitual"", ""PST"": ""Past"", ""SG"": ""Singular"", ""DIST"": ""Distal demonstrative"", ""LOC"": ""Locative"", ""DUR"": ""Durative"", ""DS"": ""Different-subject converb"", ""COND"": ""Conditional-Temporal (converb)"", ""PL"": ""Plural""}"
even1260a-A9-39,"ɵmen ukʨenek, emie tar ŋiːje, Bɵːtur abiga, Duɲa gərbəl bihitnen.",ɵmen	ukʨene-k	emie	tar	ŋiː-je	Bɵːtur	abiga	Duɲa	gərbə-l	bi-hi-tnen,one	tell-NR	also.Y	DIST	FLR-ASS.PL	PN	grandfather	PN	name-PL	be-PST-3PL,"One story, again there were who-all... grandfather Petr and granny Dunja.",A9,39,even1260,even1260a,WORD_ALIGNED,"{""NR"": ""Nominalizer"", ""DIST"": ""Distal demonstrative"", ""FLR"": ""Filler"", ""ASS"": ""Associative"", ""PL"": ""Plural"", ""PN"": ""Proper noun"", ""PST"": ""Past""}"
even1260a-A9-40,"tara balakkatnan kirantiki ilgamgararin iadu, ɵrimkeːn hɵːlilen, kirangidalan ilgamgararitnan.",tara	balakka-tnan	kiran-tiki	ilgam-gara-ri-n	ia-du	ɵrimkeːn	hɵːli-le-n	kiran-gida-la-n	ilgam-gara-ri-tnan,DIST	tent.R-PX.3PL	edge-ALL	stand.still-HAB-PST-3SG	FLR-DAT.ESS	new.camp	edge-LOC-PX.3SG	edge-SIDE-LOC-PX.3SG	stand.still-HAB-PST-3PL,"Their tent stood at the edge, they were standing at the edge of the campsite.",A9,40,even1260,even1260a,WORD_ALIGNED,"{""DIST"": ""Distal demonstrative"", ""PX"": ""Possessive suffix"", ""PL"": ""Plural"", ""ALL"": ""Allative"", ""HAB"": ""Habitual"", ""PST"": ""Past"", ""SG"": ""Singular"", ""FLR"": ""Filler"", ""DAT"": ""Dative"", ""ESS"": ""Essive"", ""LOC"": ""Locative""}"
even1260a-A9-41,"dolbaniβ koŋdas ŋinal əsten huklehemken, noŋartan ŋinatnan, adida ineŋiβ, ilan ineŋiβ igin əsten huklehemken.",dolbani-β	koŋdas	ŋina-l	ə-s-ten	hukle-he-mken	noŋartan	ŋina-tnan	adi=da	ineŋi-β	ilan	ineŋi-β	igin	ə-s-ten	hukle-he-mken,night-ACC	through	dog-PL	NEG-NFUT-3PL	sleep-TAM1-CAUS	3PL	dog-PX.3PL	how.many=ADD	day-ACC	three	day-ACC	etc.Y	NEG-NFUT-3PL	sleep-TAM1-CAUS,"The whole night the dogs didn't let (us) sleep, their dogs, for several days, for three days or thereabouts they didn't let (us) sleep.",A9,41,even1260,even1260a,WORD_ALIGNED,"{""ACC"": ""Accusative"", ""PL"": ""Plural"", ""NEG"": ""Negative; by itself: Negative auxiliary"", ""NFUT"": ""Non-future"", ""TAM"": ""Polysemous TAM marker"", ""CAUS"": ""Causative"", ""PX"": ""Possessive suffix"", ""ADD"": ""Additive""}"
even1260a-A9-42,muralbu goβgoroʨaːɟir gɵːmi mut əhep kihallaβrar.,mura-l-bu	goβ-goro-ʨaːɟi-r	gɵːmi	mut	ə-he-p	kihalla-βra-r,horse-PL-ACC	to.bark-HAB-PRES-3PL	say.PTL	1PL	NEG-NFUT-1PL	take.care.Y-HAB-NEG.CVB,"We didn't pay attention, thinking that they were probably barking at the horses.'\footnote{The horses referred to here were probably a little herd of Sakha horses, which are kept for meat and run free, rather than the horses belonging to the reindeer herders, which the dogs would know well.",A9,42,even1260,even1260a,WORD_ALIGNED,"{""PL"": ""Plural"", ""ACC"": ""Accusative"", ""HAB"": ""Habitual"", ""PRES"": ""Presumptive"", ""PTL"": ""Particle"", ""NEG"": ""Negative; by itself: Negative auxiliary"", ""NFUT"": ""Non-future"", ""CVB"": ""Converb""}"
even1260a-A9-43,"tar adigul ineŋiβ oːriɟur itteketnen, abduβur naŋirakatnan, ɵmen imdelken iak ɟahakatnan aʨʨa oːʨa",tar	adi=gul	ineŋi-β	oː-riɟur	it-teke-tnen	abdu-βur	naŋi-raka-tnan	ɵmen	imde-lken	iak	ɟahaka-tnan	aʨʨa	oː-ʨa,DP	how.many=INDEF	day-ACC	become-SS.ANT.PL	see-DS.COND-3PL	things-PRFL.PL	search-DS.COND-3PL	one	butter-PROP	FLR	box.R-PX.3PL	NEG.EXIST	become-NAR.PST,"After a few days they suddenly saw, when they were searching in their things, one box with butter had disappeared.",A9,43,even1260,even1260a,WORD_ALIGNED,"{""DP"": ""Discourse particle"", ""INDEF"": ""Indefinite"", ""ACC"": ""Accusative"", ""SS"": ""Same-subject converb"", ""ANT"": ""Anterior (converb)"", ""PL"": ""Plural"", ""DS"": ""Different-subject converb"", ""COND"": ""Conditional-Temporal (converb)"", ""PRFL"": ""Reflexive possessive"", ""PROP"": ""Proprietive"", ""FLR"": ""Filler"", ""PX"": ""Possessive suffix"", ""NEG"": ""Negative; by itself: Negative auxiliary"", ""EXIST"": ""Existential"", ""NAR"": ""Narrative"", ""PST"": ""Past""}"
even1260a-A9-44,"otton gaːdan aʨʨagu, bukatin aʨʨa oːʨagu, abiga ɟəbʨe koroče, ɟiː, gɵːniken biharra, iːtʨingu, iaɟingu, oːngol haːʨal.",otton	gaːda-n	aʨʨa=gu	bukatin	aʨʨa	oː-ʨa=gu	abiga	ɟəb-ʨe	koroče	ɟiː	gɵːniken	bihar-ra	iːt-ʨi-n=gu	ia-ɟi-n=gu	oːn=gol	haː-ʨa-l,DP.Y	half-PX.3SG	NEG.EXIST=DUB	completely.Y	NEG.EXIST	become-NAR.PST=DUB	grandfather	eat-NAR.PST	in.short.R	AFF	say.PTL	explain.Y-NFUT	tooth-INS-PX.3SG=DUB	GEN.EXT-INS-PX.3SG=DUB	how=INDEF	know-NAR.PST-PL,"Either half was missing, or all was missing, in short, a bear ate it, they decided that either by its tooth or by something, somehow they knew.",A9,44,even1260,even1260a,WORD_ALIGNED,"{""DP"": ""Discourse particle"", ""PX"": ""Possessive suffix"", ""SG"": ""Singular"", ""NEG"": ""Negative; by itself: Negative auxiliary"", ""EXIST"": ""Existential"", ""DUB"": ""Dubitative"", ""NAR"": ""Narrative"", ""PST"": ""Past"", ""AFF"": ""Affirmative"", ""PTL"": ""Particle"", ""NFUT"": ""Non-future"", ""INS"": ""Instrumental"", ""GEN"": ""Genitive"", ""EXT"": ""Extender"", ""INDEF"": ""Indefinite"", ""PL"": ""Plural""}"
even1260a-A9-45,Anatolijja emie tarakam bihitnen.,Anatolij-ja	emie	tarakam	bi-hi-tnen,PN-ASS.PL	also.Y	at.that.time	be-PST-3PL,Anatolij and his family were there too at that time.,A9,45,even1260,even1260a,WORD_ALIGNED,"{""PN"": ""Proper noun"", ""ASS"": ""Associative"", ""PL"": ""Plural"", ""PST"": ""Past""}"
even1260a-A9-46,delbi ŋeːlellep.,delbi	ŋeːle-l-le-p,very.Y	be.afraid-INCH-NFUT-1PL,We got a big fright.,A9,46,even1260,even1260a,WORD_ALIGNED,"{""INCH"": ""Inchoative"", ""NFUT"": ""Non-future"", ""PL"": ""Plural""}"
even1260a-A9-47,"tar ɲaril dolbaniŋman etiβɟip gɵːne, ətep huklehne gɵːne.",tar	ɲari-l	dolbani-ŋ-ma-n	etiβ-ɟi-p	gɵː-ne	ə-te-p	hukle-h-ne	gɵː-ne,DP	man-PL	night-POSS-ACC-PX.3SG	to.guard-FUT-1PL	say-NFUT	NEG-FUT-1PL	sleep-TAM1-NEG.CVB	say-NFUT,"The men said they would keep guard all night, they wouldn't sleep they said.",A9,47,even1260,even1260a,WORD_ALIGNED,"{""DP"": ""Discourse particle"", ""PL"": ""Plural"", ""POSS"": ""Non-canonical possession"", ""ACC"": ""Accusative"", ""PX"": ""Possessive suffix"", ""SG"": ""Singular"", ""FUT"": ""Future"", ""NFUT"": ""Non-future"", ""NEG"": ""Negative; by itself: Negative auxiliary"", ""TAM"": ""Polysemous TAM marker"", ""CVB"": ""Converb""}"
even1260a-A9-48,"taʨin ɟe tar dolbaniβ ɟe mural emne, aɟit mural emne, ɟiŋ ɵŋɵnɵŋ balakkaβut ʨapʨihna, iadukkol ŋeːlelʨel biʨel yryʨyn.",taʨin	ɟe	tar	dolbani-β	ɟe	mura-l	em-ne	aɟit	mura-l	em-ne	ɟiŋ	ɵŋɵnɵŋ	balakka-βu-t	ʨapʨi-h-na	ia-duk=kol	ŋeːle-l-ʨe-l	bi-ʨe-l	yryʨyn,DIST.QUAL	PTL.Y	DIST	night-ACC	PTL.Y	horse-PL	come-NFUT	truth	horse-PL	come-NFUT	indeed.Y	nearly	tent.R-ACC-PX.1PL	trample-TAM1-NFUT	what-ABL=INDEF	be.afraid-INCH-PST.PTCP-PL	AUX-NAR.PST-PL	it.seems,"Then in that night horses came, really horses came, they very nearly stamped on our tents, they must have been frightened by something, it seems.",A9,48,even1260,even1260a,WORD_ALIGNED,"{""DIST"": ""Distal demonstrative"", ""QUAL"": ""Qualitative"", ""PTL"": ""Particle"", ""ACC"": ""Accusative"", ""PL"": ""Plural"", ""NFUT"": ""Non-future"", ""PX"": ""Possessive suffix"", ""TAM"": ""Polysemous TAM marker"", ""ABL"": ""Ablative"", ""INDEF"": ""Indefinite"", ""INCH"": ""Inchoative"", ""PST"": ""Past"", ""PTCP"": ""Participle"", ""AUX"": ""Auxiliary"", ""NAR"": ""Narrative""}"
even1260a-A9-49,"taraβ ɟe ɲaril ɟe haːriɟur, nuŋaβur iaβur naŋtimaʨalla, telle tohaŋkaʨalla.",tara-β	ɟe	ɲari-l	ɟe	haː-riɟur	nuŋa-βur	ia-βur	naŋti-maʨa-l-la	tel-le	tohaŋ-kaʨa-l-la,DIST-ACC	PTL.Y	man-PL	PTL.Y	know-SS.ANT.PL	gun-PRFL.PL	GEN.EXT-PRFL.PL	grab-REC-INCH-NFUT	outside.space-LOC	hop-MULT-INCH-NFUT,"The men, having found out about this, started grabbing their guns and things, started jumping outside.",A9,49,even1260,even1260a,WORD_ALIGNED,"{""DIST"": ""Distal demonstrative"", ""ACC"": ""Accusative"", ""PTL"": ""Particle"", ""PL"": ""Plural"", ""SS"": ""Same-subject converb"", ""ANT"": ""Anterior (converb)"", ""PRFL"": ""Reflexive possessive"", ""GEN"": ""Genitive"", ""EXT"": ""Extender"", ""REC"": ""Reciprocal"", ""INCH"": ""Inchoative"", ""NFUT"": ""Non-future"", ""LOC"": ""Locative"", ""MULT"": ""Multiplicative""}"
even1260a-A9-50,"nəmkəməʨeːk, otton nəmkəməʨeːk biɟingu, nəmkəʨelle, kuːninalla, bəjəl ɟiŋ tutənelle.",nəmkə-məʨ-eːk	otton	nəmkə-məʨ-eːk	bi-ɟi-n=gu	nəmkə-ʨe-l-le	kuːni-na-l-la	bəjə-l	ɟiŋ	tutə-ne-l-le,shoot-REC-NR	DP.Y	shoot-REC-NR	be-FUT-3SG=DUB	shoot-TAM2-INCH-NFUT	to.scream-MULT-INCH-NFUT	person-PL	indeed.Y	run-MULT-INCH-NFUT,"A shoot-out -- but would there be a shoot-out? They started to shoot, they started to shout, people started running.",A9,50,even1260,even1260a,WORD_ALIGNED,"{""REC"": ""Reciprocal"", ""NR"": ""Nominalizer"", ""DP"": ""Discourse particle"", ""FUT"": ""Future"", ""SG"": ""Singular"", ""DUB"": ""Dubitative"", ""TAM"": ""Polysemous TAM marker"", ""INCH"": ""Inchoative"", ""NFUT"": ""Non-future"", ""MULT"": ""Multiplicative"", ""PL"": ""Plural""}"
even1260a-A9-51,ejmu tar əɟilde ɲɵːr gɵːniken bəjən tar balakkaduk əŋəkkeren.,ejm-u	tar	ə-ɟilde	ɲɵː-r	gɵː-niken	bəjə-n	tar	balakka-duk	əŋə-k-kere-n,mother-PX.1SG	DP	NEG-IMP.PL	to.exit-NEG.CVB	say-SS.SIM1	self-PX.3SG	DIST	tent.R-ABL	take.a.look-TAM2-HAB-3SG,"My mother, telling us not to go out, herself looked out from the tent.",A9,51,even1260,even1260a,WORD_ALIGNED,"{""PX"": ""Possessive suffix"", ""SG"": ""Singular"", ""DP"": ""Discourse particle"", ""NEG"": ""Negative; by itself: Negative auxiliary"", ""IMP"": ""Imperative"", ""PL"": ""Plural"", ""CVB"": ""Converb"", ""SS"": ""Same-subject converb"", ""SIM"": ""Simultaneous (converb)"", ""DIST"": ""Distal demonstrative"", ""ABL"": ""Ablative"", ""TAM"": ""Polysemous TAM marker"", ""HAB"": ""Habitual""}"
even1260a-A9-52,mut ɟajutnikahal emie iaduk əŋəkkerep tynnyktuk.,mut	ɟaju-t-nika-hal	emie	ia-duk	əŋə-k-kere-p	tynnyk-tuk,1PL	to.hide-TAM2-SS.SIM1-PL	also.Y	FLR-ABL	take.a.look-TAM2-HAB-1PL	window.Y-ABL,We secretly looked out of the window.,A9,52,even1260,even1260a,WORD_ALIGNED,"{""PL"": ""Plural"", ""TAM"": ""Polysemous TAM marker"", ""SS"": ""Same-subject converb"", ""SIM"": ""Simultaneous (converb)"", ""FLR"": ""Filler"", ""ABL"": ""Ablative"", ""HAB"": ""Habitual""}"
even1260a-A9-53,"bəjəl tutənedde herkelkeʨeken, ialkaʨakan, oːn gɵːbgeren, barkilkaʨakan, haːn bəj turuhukalkanda tutənedden yryʨyn, nuŋalkahal.",bəjə-l	tutə-ne-d-de	herke-lke-ʨeken	ia-lka-ʨakan	oːn	gɵː-b-gere-n	barki-lka-ʨakan	haːn	bəj	turuhuka-lkan=da	tutə-ne-d-de-n	yryʨyn	nuŋa-lka-hal,person-PL	run-MULT-PROG-NFUT	leather.underpants-PROP-PLEN	FLR-PROP-PLEN	how	say-MED-HAB-3SG	leggings-PROP-PLEN	some	person	underpants.R-PROP=ADD	run-MULT-PROG-NFUT-3SG	it.seems	gun-PROP-PL,"People are running in their leather underpants, in their whatchamacallit - what's it called, in their thick winter leggings, some people are running in their underpants it seems, with guns.",A9,53,even1260,even1260a,WORD_ALIGNED,"{""PL"": ""Plural"", ""MULT"": ""Multiplicative"", ""PROG"": ""Progressive"", ""NFUT"": ""Non-future"", ""PROP"": ""Proprietive"", ""PLEN"": ""Plentitude"", ""FLR"": ""Filler"", ""MED"": ""Mediopassive"", ""HAB"": ""Habitual"", ""SG"": ""Singular"", ""ADD"": ""Additive""}"
even1260a-A9-54,ɟe nuŋat delbi nəmkəʨelle.,ɟe	nuŋa-t	delbi	nəmkə-ʨe-l-le,PTL.Y	gun-INS	very.Y	shoot-TAM2-INCH-NFUT,"Well, they started shooting with guns.",A9,54,even1260,even1260a,WORD_ALIGNED,"{""PTL"": ""Particle"", ""INS"": ""Instrumental"", ""TAM"": ""Polysemous TAM marker"", ""INCH"": ""Inchoative"", ""NFUT"": ""Non-future""}"
even1260a-A9-55,"abigakkam maːʨal biʨel, kɵtlekken abiga, giaβanapgu, giaβanu ʨagarapku huten biʨe.",abiga-kka-m	maː-ʨa-l	bi-ʨe-l	kɵtle-kken	abiga	giaβan-ap=gu	giaβanu	ʨag-arap=ku	hute-n	bi-ʨe,grandfather-DIM.INDEF-ACC	kill-PST.PTCP-PL	AUX-NAR.PST-PL	small-DIM.INDEF	grandfather	last.year-ADJR(TIME)=DUB	last.year	far-ADJR(TIME)=DUB	offspring-PX.3SG	be-NAR.PST,"They killed a little bear, a small bear, a youngster from last year or the year before.",A9,55,even1260,even1260a,WORD_ALIGNED,"{""DIM"": ""Diminutive "", ""INDEF"": ""Indefinite"", ""ACC"": ""Accusative"", ""PST"": ""Past"", ""PTCP"": ""Participle"", ""PL"": ""Plural"", ""AUX"": ""Auxiliary"", ""NAR"": ""Narrative"", ""ADJR"": ""Adjectivizer"", ""DUB"": ""Dubitative"", ""PX"": ""Possessive suffix"", ""SG"": ""Singular""}"
even1260a-A9-56,taraβ ittit mut timanaraptun.,tara-β	it-ti-t	mut	timan-arap-tu-n,DIST-ACC	see-PST-1PL	1PL	tomorrow-ADJR(TIME)-DAT.ESS-PX.3SG,We saw that on the next day.,A9,56,even1260,even1260a,WORD_ALIGNED,"{""DIST"": ""Distal demonstrative"", ""ACC"": ""Accusative"", ""PST"": ""Past"", ""PL"": ""Plural"", ""ADJR"": ""Adjectivizer"", ""DAT"": ""Dative"", ""ESS"": ""Essive"", ""PX"": ""Possessive suffix"", ""SG"": ""Singular""}"
even1260a-A9-57,"haːtarakie bihin, dolbu, iakta əti iʨur bihin.",haːtar-a-kie	bi-hi-n	dolbu	iak=ta	ə-ti	iʨ-u-r	bi-hi-n,be.dark-EXCL.PTCP-INTS	be-PST-3SG	night	what=ADD	NEG-PRS.PTCP	see-VAL-NEG.CVB	AUX-PST-3SG,"It was very dark, night, nothing was visible.",A9,57,even1260,even1260a,WORD_ALIGNED,"{""EXCL"": ""Exclusive"", ""PTCP"": ""Participle"", ""INTS"": ""Intensive"", ""PST"": ""Past"", ""SG"": ""Singular"", ""ADD"": ""Additive"", ""NEG"": ""Negative; by itself: Negative auxiliary"", ""PRS"": ""Present"", ""VAL"": ""Valency-change"", ""CVB"": ""Converb"", ""AUX"": ""Auxiliary""}"
even1260a-A9-58,bolo biʨe yryʨyn.,bolo	bi-ʨe	yryʨyn,autumn	be-NAR.PST	it.seems,"It was autumn, it seems.",A9,58,even1260,even1260a,WORD_ALIGNED,"{""NAR"": ""Narrative"", ""PST"": ""Past""}"
even1260a-A9-59,"gɵ, ijul odotʨaːɟin igin, mudanni biʨeːɟin.",gɵ	ijul	odo-t-ʨaːɟi-n	igin	mudan-ni	bi-ʨeːɟi-n,DP	July.R	to.end-TAM2-PRES-3SG	etc.Y	end-PX.3SG	be-PRES-3SG,"July was probably ending, it was probably the end of July.'\footnote{Autumn begins at the end of July. Eastern Even dialects have a term \textit{mɵntelse} to designate `early autumn' as opposed to \textit{bolo(ni)} `late autumn', but in Lamunkhin Even \textit{bolo(ni)} is now the general term for `autumn'.",A9,59,even1260,even1260a,WORD_ALIGNED,"{""DP"": ""Discourse particle"", ""TAM"": ""Polysemous TAM marker"", ""PRES"": ""Presumptive"", ""SG"": ""Singular"", ""PX"": ""Possessive suffix""}"
even1260a-A9-60,"taʨin oddin, gɵ, tarak.",taʨin	od-di-n	gɵ	tarak,DIST.QUAL	to.end-PST-3SG	DP	DIST,That's how it stopped.,A9,60,even1260,even1260a,WORD_ALIGNED,"{""DIST"": ""Distal demonstrative"", ""QUAL"": ""Qualitative"", ""PST"": ""Past"", ""SG"": ""Singular"", ""DP"": ""Discourse particle""}"
even1260a-B1-1,"biː ordu biʨeji teːleŋɟim oːn biddiβu ordu, oːn biː etikeːŋneddiβu.",biː	or-du	bi-ʨe-ji	teːleŋ-ɟi-m	oːn	bi-d-di-βu	or-du	oːn	biː	etikeː-ŋ-ne-d-di-βu,1SG	reindeer.herd-DAT.ESS	live-PST.PTCP-PRFL.SG	tell-FUT-1SG	how	live-PROG-PST-1SG	reindeer.herd-DAT.ESS	how	1SG	old.man-VR-AM-PROG-PST-1SG,"I will tell about how I lived in the reindeer herd, how I lived in the reindeer herd, how I went to get married.'\footnote{The term \textit{oron} designates domesticated reindeer; in Kamchatka, this is also used for the reindeer herd. The two meanings are inflectionally distinguished: \textit{oron-du} `on a reindeer' vs. \textit{or-du} `in a reindeer herd'.",B1,1,even1260,even1260a,WORD_ALIGNED,"{""SG"": ""Singular"", ""DAT"": ""Dative"", ""ESS"": ""Essive"", ""PST"": ""Past"", ""PTCP"": ""Participle"", ""PRFL"": ""Reflexive possessive"", ""FUT"": ""Future"", ""PROG"": ""Progressive"", ""VR"": ""Verbalizer"", ""AM"": ""Associated Motion""}"
even1260a-B1-2,akmu minu buːddin.,akm-u	min-u	buː-d-di-n,father-PX.1SG	1SG.OBL-ACC	give-PROG-PST-3SG,My father gave me away.,B1,2,even1260,even1260a,WORD_ALIGNED,"{""PX"": ""Possessive suffix"", ""SG"": ""Singular"", ""OBL"": ""Oblique"", ""ACC"": ""Accusative"", ""PROG"": ""Progressive"", ""PST"": ""Past""}"
even1260a-B1-3,"biː oŋnikakeːn urriβu, etikeːŋneriβu.",biː	oŋ-nika-kan	ur-ri-βu	etikeː-ŋ-ne-ri-βu,1SG	cry-SS.SIM1-DIM	go(UNIDIR)-PST-1SG	old.man-VR-AM-PST-1SG,"Crying I left, I went to get married.",B1,3,even1260,even1260a,WORD_ALIGNED,"{""SG"": ""Singular"", ""SS"": ""Same-subject converb"", ""SIM"": ""Simultaneous (converb)"", ""DIM"": ""Diminutive "", ""UNIDIR"": ""Unidirectional"", ""PST"": ""Past"", ""VR"": ""Verbalizer"", ""AM"": ""Associated Motion""}"
even1260a-B1-4,"Evstap Stepanovič gerbe emnin kak raz, gaɟirin.",Evstap	Stepanovič	gerbe	em-ni-n	{kak\_raz}	gaɟi-ri-n,PN	PN	name	come-PST-3SG	just.then.R	fetch-PST-3SG,Evstap Stepanovič came just then and fetched me.,B1,4,even1260,even1260a,WORD_ALIGNED,"{""PN"": ""Proper noun"", ""PST"": ""Past"", ""SG"": ""Singular""}"
even1260a-B1-5,ɲan uriɟeːnniβu.,ɲan	uri-ɟeːn-ni-βu,and	go(UNIDIR)-CMPS-PST-1SG,And I left (poor me).,B1,5,even1260,even1260a,WORD_ALIGNED,"{""UNIDIR"": ""Unidirectional"", ""CMPS"": ""Compassionate"", ""PST"": ""Past"", ""SG"": ""Singular""}"
even1260a-B1-6,urriβu ɲan ikutiʨ ŋindasniβu.,ur-ri-βu	ɲan	ikutiʨ	ŋin-da-s-ni-βu,go(UNIDIR)-PST-1SG	and	directly	dog-VR(TRANSPORT)-TAM1-PST-1SG,I left and went directly by dog-sled.,B1,6,even1260,even1260a,WORD_ALIGNED,"{""UNIDIR"": ""Unidirectional"", ""PST"": ""Past"", ""SG"": ""Singular"", ""VR"": ""Verbalizer"", ""TAM"": ""Polysemous TAM marker""}"
even1260a-B1-7,"goru ŋindaddiβun, aprel atkikam.",goru	ŋin-da-d-di-βun	aprel	atkika-m,long	dog-VR(TRANSPORT)-PROG-PST-1PL.EX	April.R	month-ACC,"We travelled for a long time, in April.",B1,7,even1260,even1260a,WORD_ALIGNED,"{""VR"": ""Verbalizer"", ""PROG"": ""Progressive"", ""PST"": ""Past"", ""PL"": ""Plural"", ""EX"": ""Exclusive"", ""ACC"": ""Accusative""}"
even1260a-B1-8,ɲan ŋendiβu Tβajaːndula.,ɲan	ŋen-di-βu	Tβajaːn-dula,and	go(GNRC)-PST-1SG	TOPO-LOC,And I came to Tvajan.'\footnote{Pronouncing the past tense marker as \textit{-di} following upon \textit{-n} (\textit{ŋendiβu} instead of \textit{ŋenniβu}) is an idiosyncracy of Evdokija Adukanova's.,B1,8,even1260,even1260a,WORD_ALIGNED,"{""GNRC"": ""Generic"", ""PST"": ""Past"", ""SG"": ""Singular"", ""TOPO"": ""Toponym"", ""LOC"": ""Locative""}"
even1260a-B1-9,"tadu biddiβu, poka biddiβu, Tβajaːndu.",ta-du	bi-d-di-βu	poka	bi-d-di-βu	Tβajaːn-du,DIST-DAT.ESS	be-PROG-PST-1SG	while.R	be-PROG-PST-1SG	TOPO-DAT.ESS,"And there I was, for a while, in Tvajan.'\footnote{It was probably 50-60 km as the crow flies from Laučan, where Evdokija Adukanova had lived, to Tvajan (see \figref{fig:mapBys2}).",B1,9,even1260,even1260a,WORD_ALIGNED,"{""DIST"": ""Distal demonstrative"", ""DAT"": ""Dative"", ""ESS"": ""Essive"", ""PROG"": ""Progressive"", ""PST"": ""Past"", ""SG"": ""Singular"", ""TOPO"": ""Toponym""}"
even1260a-B1-10,"ijunjele oromŋal nulgeriten Iːʨʨa bardalan, Tβajaːndu.",ijunje-le	oro-mŋa-l	nulge-ri-ten	Iːʨʨa	barda-la-n	Tβajaːn-du,June.R-LOC	reindeer(domestic)-AGNR-PL	migrate-PST-3PL	TOPO	opposite.riverbank-LOC-PX.3SG	TOPO-DAT.ESS,"In June the reindeer herders migrated to the other side of the Icha (river), to Tvajan.",B1,10,even1260,even1260a,WORD_ALIGNED,"{""LOC"": ""Locative"", ""AGNR"": ""Agent nominalizer"", ""PL"": ""Plural"", ""PST"": ""Past"", ""TOPO"": ""Toponym"", ""PX"": ""Possessive suffix"", ""SG"": ""Singular"", ""DAT"": ""Dative"", ""ESS"": ""Essive""}"
even1260a-B1-11,ɲaːgiʨ ereger oror nulgedditen.,ɲaː-giʨ	ereger	oro-r	nulge-d-di-ten,bottom.of.bank-ELAT	always	reindeer(domestic)-PL	migrate-PROG-PST-3PL,From below reindeer always migrated.,B1,11,even1260,even1260a,WORD_ALIGNED,"{""ELAT"": ""Elative"", ""PL"": ""Plural"", ""PROG"": ""Progressive"", ""PST"": ""Past""}"
even1260a-B1-12,"nonon Semёn Čerkanov biʨe nulgerin, biː tala ŋendiβu.",nonon	Semёn	Čerkanov	biʨe	nulge-ri-n	biː	ta-la	ŋen-di-βu,beginning	PN	PN	NOMPST	migrate-PST-3SG	1SG	DIST-LOC	go(GNRC)-PST-1SG,"In the beginning the late Semёn Čerkanov migrated (to Twajan), I went there.'\footnote{At this point in time Evdokija Adukanova was not married yet.",B1,12,even1260,even1260a,WORD_ALIGNED,"{""PN"": ""Proper noun"", ""NOMPST"": ""Nominal past"", ""PST"": ""Past"", ""SG"": ""Singular"", ""DIST"": ""Distal demonstrative"", ""LOC"": ""Locative"", ""GNRC"": ""Generic""}"
even1260a-B1-13,tadu gurgeːβʨiɟiru.,ta-du	gurgeːβʨi-ɟi-ru,DIST-DAT.ESS	work-FUT-1PL.EX,There we will work.,B1,13,even1260,even1260a,WORD_ALIGNED,"{""DIST"": ""Distal demonstrative"", ""DAT"": ""Dative"", ""ESS"": ""Essive"", ""FUT"": ""Future"", ""PL"": ""Plural"", ""EX"": ""Exclusive""}"
even1260a-B1-14,"potom taduk Berkeβutʨe ɲan nulgeriten, amaltaːtkan nulgedditen.",potom	ta-duk	Berkeβut-ʨe	ɲan	nulge-ri-ten	amaltaː=tkan	nulge-d-di-ten,then.R	DIST-ABL	PN-ASS.PL	and	migrate-PST-3PL	one.after.the.other=RESTR	migrate-PROG-PST-3PL,"Then from there Barkavtov and them (i.e. his brigade) came, they migrated one (brigade) after the other.'\footnote{Semёn Čerkanov was the leader of one reindeer brigade, Barkavtov the leader of a different brigade. It is likely that her future husband was a herder in Barkavtov's brigade, since he later went to this brigade to fetch riding and pack reindeer (see line \ref{ex:B1-22}). So she would have met him only at this point, and the two of them then joined Čerkanov's brigade.",B1,14,even1260,even1260a,WORD_ALIGNED,"{""DIST"": ""Distal demonstrative"", ""ABL"": ""Ablative"", ""PN"": ""Proper noun"", ""ASS"": ""Associative"", ""PL"": ""Plural"", ""PST"": ""Past"", ""RESTR"": ""Restrictive"", ""PROG"": ""Progressive""}"
even1260a-B1-15,ɲanasi temujodditende Tβajaːmŋil.,ɲana=si	temujo-d-di-ten=de	Tβajaː-mŋi-l,and=CONTR	slaughter-PROG-PST-3PL=ADD	TOPO-NR(GROUP.MEMBER)-PL,Then the Tvajanians slaughtered.,B1,15,even1260,even1260a,WORD_ALIGNED,"{""CONTR"": ""Contrastive"", ""PROG"": ""Progressive"", ""PST"": ""Past"", ""PL"": ""Plural"", ""ADD"": ""Additive"", ""TOPO"": ""Toponym"", ""NR"": ""Nominalizer""}"
even1260a-B1-16,"meːntekelten ortan oːjeː bisin unet, tarakam.",meːn-teke-l-ten	or-tan	oːj=eː	bi-si-n	unet	tarakam,REFL-EMPH-PL-PX.3PL	reindeer(domestic)-PX.3PL	many=EMPH	be-PST-3SG	still	at.that.time,In those days there were still a lot of private reindeer.'\footnote{This would have been in the late 1940s.,B1,16,even1260,even1260a,WORD_ALIGNED,"{""REFL"": ""Reflexive pronoun"", ""EMPH"": ""Emphatic"", ""PL"": ""Plural"", ""PX"": ""Possessive suffix"", ""PST"": ""Past"", ""SG"": ""Singular""}"
even1260a-B1-17,"meːr ormur temujodditen, oːjeː beji.",meː-r	or-mur	temujo-d-di-ten	oːj=eː	beji,REFL-PL	reindeer(domestic)-PRFL.PL	slaughter-PROG-PST-3PL	many=EMPH	man,"A lot of people slaughtered their own reindeer.'\footnote{The private reindeer would have been herded together with the collectivized reindeer, hence the slaughter took place after the brigades drove the reindeer herds to the village.",B1,17,even1260,even1260a,WORD_ALIGNED,"{""REFL"": ""Reflexive pronoun"", ""PL"": ""Plural"", ""PRFL"": ""Reflexive possessive"", ""PROG"": ""Progressive"", ""PST"": ""Past"", ""EMPH"": ""Emphatic""}"
even1260a-B1-18,"ʨeleβen mudakritan temujoddiβur odditan ɲan, nuddeβur kimeɟillusi.",ʨele-βe-n	mudak-ri-tan	temujo-d-di-βur	od-di-tan	ɲan	nud-de-βur	kime-ɟi-l-l-u=si,all-ACC-PX.3SG	to.finish[TR]-PST-3PL	slaughter-PROG-PRS.PTCP-PRFL.PL	stop-PST-3PL	and	migrate-VS.PURP-PRFL.PL	prepare-PROG-INCH-NFUT-1PL.EX=CONTR,"They finished everything, finished slaughtering, then we prepared to migrate.",B1,18,even1260,even1260a,WORD_ALIGNED,"{""ACC"": ""Accusative"", ""PX"": ""Possessive suffix"", ""SG"": ""Singular"", ""TR"": ""Transitive"", ""PST"": ""Past"", ""PL"": ""Plural"", ""PROG"": ""Progressive"", ""PRS"": ""Present"", ""PTCP"": ""Participle"", ""PRFL"": ""Reflexive possessive"", ""VS"": ""Variable-subject converb"", ""PURP"": ""Purposive"", ""INCH"": ""Inchoative"", ""NFUT"": ""Non-future"", ""EX"": ""Exclusive"", ""CONTR"": ""Contrastive""}"
even1260a-B1-19,elekeskelde nudmi biː muranit badusniβu.,elekes=kel=de	nud-mi	biː	murani-t	badu-s-ni-βu,at.first=CONTR=ADD	migrate-SS.COND	1SG	horse-INS	ride-TAM1-PST-1SG,At first I rode a horse while migrating.,B1,19,even1260,even1260a,WORD_ALIGNED,"{""CONTR"": ""Contrastive"", ""ADD"": ""Additive"", ""SS"": ""Same-subject converb"", ""COND"": ""Conditional-Temporal (converb)"", ""SG"": ""Singular"", ""INS"": ""Instrumental"", ""TAM"": ""Polysemous TAM marker"", ""PST"": ""Past""}"
even1260a-B1-20,muranit nulgeɟilliβu.,murani-t	nulge-ɟi-l-li-βu,horse-INS	migrate-PROG-INCH-PST-1SG,I started migrating on horseback.,B1,20,even1260,even1260a,WORD_ALIGNED,"{""INS"": ""Instrumental"", ""PROG"": ""Progressive"", ""INCH"": ""Inchoative"", ""PST"": ""Past"", ""SG"": ""Singular""}"
even1260a-B1-21,ɲan uriniβun.,ɲan	uri-ni-βun,and	set.up.camp-PST-1PL.EX,And we set up camp.,B1,21,even1260,even1260a,WORD_ALIGNED,"{""PST"": ""Past"", ""PL"": ""Plural"", ""EX"": ""Exclusive""}"
even1260a-B1-22,"timin ɲan tarak min etikeːmu, etikeːŋiʨeβu gaɟirinasi vtoroj tabuntaki Berkeβutteki uŋelbur, uːʨakalgaβur, inuʨelgeβur i uːʨakkakuda.",timin	ɲan	tarak	min	etikeːm-u	etikeː-ŋi-ʨe-βu	gaɟi-ri-na=si	vtoroj	tabun-taki	Berkeβut-teki	uŋe-l-bur	uːʨaka-l-ga-βur	inuʨe-l-ge-βur	i	uːʨak-ka-ku=da,tomorrow	and	DIST	1SG.OBL	old.man-PX.1SG	old.man-VR-PST.PTCP-1SG	fetch-PST-3SG=CONTR	second.R	herd.R-ALL	PN-ALL	FLR-PL-PRFL.PL	riding.reindeer-PL-DEST-PRFL.PL	pack.reindeer-PL-DEST-PRFL.PL	and.R	riding.reindeer-DEST-1SG=ADD,"The next day that husband of mine whom I married went to the second brigade, to Barkavtov, to fetch riding reindeer and pack reindeer, and a riding reindeer for me.'\footnote{The \textit{inuʨe} is literally `the one who carries (something) on its back'.",B1,22,even1260,even1260a,WORD_ALIGNED,"{""DIST"": ""Distal demonstrative"", ""SG"": ""Singular"", ""OBL"": ""Oblique"", ""PX"": ""Possessive suffix"", ""VR"": ""Verbalizer"", ""PST"": ""Past"", ""PTCP"": ""Participle"", ""CONTR"": ""Contrastive"", ""ALL"": ""Allative"", ""PN"": ""Proper noun"", ""FLR"": ""Filler"", ""PL"": ""Plural"", ""PRFL"": ""Reflexive possessive"", ""DEST"": ""Destinative"", ""ADD"": ""Additive""}"
even1260a-B1-23,buː oroniʨeː nulgeɟillu.,buː	oroni-ʨ=eː	nulge-ɟi-l-l-u,1PL.EX	reindeer(domestic)-INS=EMPH	migrate-PROG-INCH-NFUT-1PL.EX,We started to migrate on reindeer.,B1,23,even1260,even1260a,WORD_ALIGNED,"{""PL"": ""Plural"", ""EX"": ""Exclusive"", ""INS"": ""Instrumental"", ""EMPH"": ""Emphatic"", ""PROG"": ""Progressive"", ""INCH"": ""Inchoative"", ""NFUT"": ""Non-future""}"
even1260a-B1-24,ɲan badusniβu.,ɲan	badu-s-ni-βu,and	ride-TAM1-PST-1SG,And I rode off.,B1,24,even1260,even1260a,WORD_ALIGNED,"{""TAM"": ""Polysemous TAM marker"", ""PST"": ""Past"", ""SG"": ""Singular""}"
even1260a-B1-25,baduriβu.,badu-ri-βu,ride-PST-1SG,I rode.,B1,25,even1260,even1260a,WORD_ALIGNED,"{""PST"": ""Past"", ""SG"": ""Singular""}"
even1260a-B1-26,"orondu elekes urriβu, uːʨaktu.",oron-du	elekes	ur-ri-βu	uːʨak-tu,reindeer(domestic)-DAT.ESS	at.first	go(UNIDIR)-PST-1SG	riding.reindeer-DAT.ESS,"I went for the first time on a reindeer, on a riding reindeer.",B1,26,even1260,even1260a,WORD_ALIGNED,"{""DAT"": ""Dative"", ""ESS"": ""Essive"", ""UNIDIR"": ""Unidirectional"", ""PST"": ""Past"", ""SG"": ""Singular""}"
even1260a-B1-27,"ɲan ajit nulgeriβu, eʨiβude etkeːtte, baduriβu orondu.",ɲan	aji-t	nulge-ri-βu	e-ʨi-βu=de	etkeːt-te	badu-ri-βu	oron-du,and	good-ADVR	migrate-PST-1SG	NEG-PST-1SG=ADD	fall-NEG.CVB	ride-PST-1SG	reindeer(domestic)-DAT.ESS,"And I rode well, I didn't fall, I rode on a reindeer.",B1,27,even1260,even1260a,WORD_ALIGNED,"{""ADVR"": ""Adverbializer"", ""PST"": ""Past"", ""SG"": ""Singular"", ""NEG"": ""Negative; by itself: Negative auxiliary"", ""ADD"": ""Additive"", ""CVB"": ""Converb"", ""DAT"": ""Dative"", ""ESS"": ""Essive""}"
even1260a-B1-28,"ereger ereger, ɲan taʨin aβkariβu ereger oronit nulgedeji.",ereger	ereger	ɲan	taʨin	aβka-ri-βu	ereger	oroni-t	nulge-de-ji,always	always	and	DIST.QUAL	get.used.to-PST-1SG	always	reindeer(domestic)-INS	migrate-VS.PURP-PRFL.SG,"All the time, all the time, and so I got used to always migrating by reindeer.",B1,28,even1260,even1260a,WORD_ALIGNED,"{""DIST"": ""Distal demonstrative"", ""QUAL"": ""Qualitative"", ""PST"": ""Past"", ""SG"": ""Singular"", ""INS"": ""Instrumental"", ""VS"": ""Variable-subject converb"", ""PURP"": ""Purposive"", ""PRFL"": ""Reflexive possessive""}"
even1260a-B1-29,"inuʨelbude sem golov, i uːʨaku ɟapkiβu.",inuʨe-l-bu=de	sem	golov	i	uːʨak-u	ɟapk-i-βu,pack.reindeer-PL-PX.1SG=ADD	seven.R	head.GEN.PL.R	and.R	riding.reindeer-PX.1SG	eight-ORD-PX.1SG,"I had seven pack reindeer, and my riding reindeer was the eighth.",B1,29,even1260,even1260a,WORD_ALIGNED,"{""PL"": ""Plural"", ""PX"": ""Possessive suffix"", ""SG"": ""Singular"", ""ADD"": ""Additive"", ""GEN"": ""Genitive"", ""ORD"": ""Ordinal""}"
even1260a-B1-30,ajit nulgeddiβu.,aji-t	nulge-d-di-βu,good-ADVR	migrate-PROG-PST-1SG,I migrated well.,B1,30,even1260,even1260a,WORD_ALIGNED,"{""ADVR"": ""Adverbializer"", ""PROG"": ""Progressive"", ""PST"": ""Past"", ""SG"": ""Singular""}"
even1260a-B1-31,"ɲan tar ereger ereger ereger nuddu ʨaːski, nulgeɟilliβu.",ɲan	tar	ereger	ereger	ereger	nud-d-u	ʨaː-ski	nulge-ɟi-l-li-βu,and	DP	always	always	always	migrate-NFUT-1PL.EX	far-ADVB.ALL	migrate-PROG-INCH-PST-1SG,"And we always migrated further, I started to migrate.",B1,31,even1260,even1260a,WORD_ALIGNED,"{""DP"": ""Discourse particle"", ""NFUT"": ""Non-future"", ""PL"": ""Plural"", ""EX"": ""Exclusive"", ""ADVB"": ""Adverbial"", ""ALL"": ""Allative"", ""PROG"": ""Progressive"", ""INCH"": ""Inchoative"", ""PST"": ""Past"", ""SG"": ""Singular""}"
even1260a-B1-32,ɲan biː aβkariβu ordu biddeji.,ɲan	biː	aβka-ri-βu	or-du	bi-d-de-ji,and	1SG	get.used.to-PST-1SG	reindeer.herd-DAT.ESS	be-PROG-VS.PURP-PRFL.SG,And I got used to being in the reindeer herd.,B1,32,even1260,even1260a,WORD_ALIGNED,"{""SG"": ""Singular"", ""PST"": ""Past"", ""DAT"": ""Dative"", ""ESS"": ""Essive"", ""PROG"": ""Progressive"", ""VS"": ""Variable-subject converb"", ""PURP"": ""Purposive"", ""PRFL"": ""Reflexive possessive""}"
even1260a-B1-33,"ajeː ordu bisin, ajeː umekiʨ.",aj=eː	or-du	bi-si-n	aj=eː	umekiʨ,good=EMPH	reindeer.herd-DAT.ESS	be-PST-3SG	good=EMPH	very,"It was good in the herd, very good.",B1,33,even1260,even1260a,WORD_ALIGNED,"{""EMPH"": ""Emphatic"", ""DAT"": ""Dative"", ""ESS"": ""Essive"", ""PST"": ""Past"", ""SG"": ""Singular""}"
even1260a-B1-34,"elekes ordula oːdmi, tretij pastuška bisiβu.",elekes	or-dula	oː-d-mi	tretij	pastuška	bi-si-βu,at.first	reindeer.herd-LOC	become-PROG-SS.COND	third.R	herder.F.R	be-PST-1SG,"When I had just started living in the herd, I was the third herder.'\footnote{Her husband and Semёn Čerkanov were the other two herders.",B1,34,even1260,even1260a,WORD_ALIGNED,"{""LOC"": ""Locative"", ""PROG"": ""Progressive"", ""SS"": ""Same-subject converb"", ""COND"": ""Conditional-Temporal (converb)"", ""PST"": ""Past"", ""SG"": ""Singular""}"
even1260a-B1-35,"ortakida ereger ɲan, raz govorjat, ɲan orroːttemda ortaki.",or-taki=da	ereger	ɲan	raz	govorjat	ɲan	or-roːt-te-m=da	or-taki,reindeer.herd-ALL=ADD	always	and	once.R	say.R	and	go(UNIDIR)-HAB-NFUT-1SG=ADD	reindeer.herd-ALL,"Always to the herd, as soon as they say, I go to the herd.",B1,35,even1260,even1260a,WORD_ALIGNED,"{""ALL"": ""Allative"", ""ADD"": ""Additive"", ""UNIDIR"": ""Unidirectional"", ""HAB"": ""Habitual"", ""NFUT"": ""Non-future"", ""SG"": ""Singular""}"
even1260a-B1-36,"urekʨenduli ojʨikatʨoːttem, urekʨenduli.",urekʨen-duli	ojʨi-kat-ʨoːt-te-m	urekʨen-duli,hill-PROL	go.up-MULT-HAB-NFUT-1SG	hill-PROL,I go up along the hills.,B1,36,even1260,even1260a,WORD_ALIGNED,"{""PROL"": ""Prolative"", ""MULT"": ""Multiplicative"", ""HAB"": ""Habitual"", ""NFUT"": ""Non-future"", ""SG"": ""Singular""}"
even1260a-B1-37,"ortakida orroːttem, baɟikar, kojeːtneβeːttem.",or-taki=da	or-roːt-te-m	baɟikar	kojeː-t-ne-βeːt-te-m,reindeer.herd-ALL=ADD	go(UNIDIR)-HAB-NFUT-1SG	morning	to.watch-TAM2-AM-HAB-NFUT-1SG,"I used to go to the herd in the mornings, to watch.",B1,37,even1260,even1260a,WORD_ALIGNED,"{""ALL"": ""Allative"", ""ADD"": ""Additive"", ""UNIDIR"": ""Unidirectional"", ""HAB"": ""Habitual"", ""NFUT"": ""Non-future"", ""SG"": ""Singular"", ""TAM"": ""Polysemous TAM marker"", ""AM"": ""Associated Motion""}"
even1260a-B1-38,"eŋeneβeːttem, goːβeːtte, ortaki urli, ɲan orroːttem.",eŋe-ne-βeːt-te-m	goː-βeːt-te	or-taki	ur-li	ɲan	or-roːt-te-m,take.a.look-AM-HAB-NFUT-1SG	say-HAB-NFUT	reindeer.herd-ALL	go(UNIDIR)-IMP.SG	and	go(UNIDIR)-HAB-NFUT-1SG,"I went to look, they said ``Go to the herd'', and I went.",B1,38,even1260,even1260a,WORD_ALIGNED,"{""AM"": ""Associated Motion"", ""HAB"": ""Habitual"", ""NFUT"": ""Non-future"", ""SG"": ""Singular"", ""ALL"": ""Allative"", ""UNIDIR"": ""Unidirectional"", ""IMP"": ""Imperative""}"
even1260a-B1-39,"ɲan timingel ɟuːdi bidmi, eʨin aŋaːnisʨidɟoːttam, koːʨajidɟoːttam, koblilidɟoːttam.",ɲan	timin=gel	ɟuː-di	bi-d-mi	eʨin	aŋaːni-sʨi-d-ɟoːt-ta-m	koːʨaji-d-ɟoːt-ta-m	koblili-d-ɟoːt-ta-m,and	tomorrow=CONTR	house-DAT.PRFL.SG	be-PROG-SS.COND	PROX.QUAL	sew-ATTN-PROG-HAB-NFUT-1SG	scrape.hide-PROG-HAB-NFUT-1SG	scrape.PST.M.R-PROG-HAB-NFUT-1SG,"And then the next day I am at home, I sew a bit and scrape hides.'\footnote{A \textit{koːʨaj} is a scraper with round stone blade for removing fur and flesh (see \figref{fig:photoScrapers} in \sectref{sec:reindeerterms}).",B1,39,even1260,even1260a,WORD_ALIGNED,"{""CONTR"": ""Contrastive"", ""DAT"": ""Dative"", ""PRFL"": ""Reflexive possessive"", ""SG"": ""Singular"", ""PROG"": ""Progressive"", ""SS"": ""Same-subject converb"", ""COND"": ""Conditional-Temporal (converb)"", ""PROX"": ""Proximal (demonstrative)"", ""QUAL"": ""Qualitative"", ""ATTN"": ""Attenuative"", ""HAB"": ""Habitual"", ""NFUT"": ""Non-future"", ""PST"": ""Past""}"
even1260a-B1-40,"potom i aŋaːndiβu, biː tarakam uže meːnkeneːj aŋaːndiβu giakiβ.",potom	i	aŋaːn-di-βu	biː	tarakam	uže	meːn-ken=eːj	aŋaːn-di-βu	giaki-β,then.R	and.R	sew-PST-1SG	1SG	at.that.time	already.R	REFL-DIM=EMPH	sew-PST-1SG	various-ACC,"And then I sewed, in those days I already sewed everything myself.",B1,40,even1260,even1260a,WORD_ALIGNED,"{""PST"": ""Past"", ""SG"": ""Singular"", ""REFL"": ""Reflexive pronoun"", ""DIM"": ""Diminutive "", ""EMPH"": ""Emphatic"", ""ACC"": ""Accusative""}"
even1260a-B1-41,"untagajida eβrigejide aŋaːnnoːttam, vsё.",unta-ga-ji=da	eβri-ge-ji=de	aŋaːn-noːt-ta-m	vsё,fur.boots-DEST-PRFL.SG=ADD	fur.leggings-DEST-PRFL.SG=ADD	sew-HAB-NFUT-1SG	all.R,"I sew fur boots and fur leggings, everything.",B1,41,even1260,even1260a,WORD_ALIGNED,"{""DEST"": ""Destinative"", ""PRFL"": ""Reflexive possessive"", ""SG"": ""Singular"", ""ADD"": ""Additive"", ""HAB"": ""Habitual"", ""NFUT"": ""Non-future""}"
even1260a-B1-42,"ɲan aŋaːndiβu ʨeleβen, oleremde iekeβ.",ɲan	aŋaːn-di-βu	ʨele-βe-n	ole-re-m=de	ieke-β,and	sew-PST-1SG	all-ACC-PX.3SG	cook-NFUT-1SG=ADD	pot-ACC,"And I sewed everything, and cooked food.",B1,42,even1260,even1260a,WORD_ALIGNED,"{""PST"": ""Past"", ""SG"": ""Singular"", ""ACC"": ""Accusative"", ""PX"": ""Possessive suffix"", ""NFUT"": ""Non-future"", ""ADD"": ""Additive""}"
even1260a-B1-43,"potom urriten ɲan noŋartanasi, selotki.",potom	ur-ri-ten	ɲan	noŋartana=si	selo-tki,then.R	go(UNIDIR)-PST-3PL	and	3PL=CONTR	village.R-ALL,"And then they went to the village.'\footnote{It is unclear who ``they'' were, possibly her colleagues together with her husband.",B1,43,even1260,even1260a,WORD_ALIGNED,"{""UNIDIR"": ""Unidirectional"", ""PST"": ""Past"", ""PL"": ""Plural"", ""CONTR"": ""Contrastive"", ""ALL"": ""Allative""}"
even1260a-B1-44,minu umekkem emeːniten.,min-u	umekke-m	emeː-ni-ten,1SG.OBL-ACC	alone-ACC	leave-PST-3PL,They left me alone.,B1,44,even1260,even1260a,WORD_ALIGNED,"{""SG"": ""Singular"", ""OBL"": ""Oblique"", ""ACC"": ""Accusative"", ""PST"": ""Past"", ""PL"": ""Plural""}"
even1260a-B1-45,"umekkeken ɲan, vsё ravno uže aːmalkariβu, ʨeleβen ɲekteji.",umekke-ken	ɲan	{vsё\_ravno}	uže	aːmalka-ri-βu	ʨele-βe-n	ɲek-te-ji,alone-DIM	and	all.the.same.R	already.R	learn[COMPL]-PST-1SG	all-ACC-PX.3SG	do-VS.PURP-PRFL.SG,"All alone, but I had already learnt how to do everything.",B1,45,even1260,even1260a,WORD_ALIGNED,"{""DIM"": ""Diminutive "", ""COMPL"": ""Completive"", ""PST"": ""Past"", ""SG"": ""Singular"", ""ACC"": ""Accusative"", ""PX"": ""Possessive suffix"", ""VS"": ""Variable-subject converb"", ""PURP"": ""Purposive"", ""PRFL"": ""Reflexive possessive""}"
even1260a-B1-46,"aŋaːndijigelda, meːn ereger aŋaːnnoːttam.",aŋaːn-di-ji=gel=da	meːn	ereger	aŋaːn-noːt-ta-m,sew-PRS.PTCP-PRFL.SG=CONTR=ADD	REFL	always	sew-HAB-NFUT-1SG,"And sewing, I always used to sew.",B1,46,even1260,even1260a,WORD_ALIGNED,"{""PRS"": ""Present"", ""PTCP"": ""Participle"", ""PRFL"": ""Reflexive possessive"", ""SG"": ""Singular"", ""CONTR"": ""Contrastive"", ""ADD"": ""Additive"", ""REFL"": ""Reflexive pronoun"", ""HAB"": ""Habitual"", ""NFUT"": ""Non-future""}"
even1260a-B1-47,"umekken, ʨeleβen meːnkeneːj nekkoːttem.",umekken	ʨele-βe-n	meːn-ken=eːj	nek-koːt-te-m,alone	all-ACC-PX.3SG	REFL-DIM=EMPH	do-HAB-NFUT-1SG,"Alone, I do everything myself.",B1,47,even1260,even1260a,WORD_ALIGNED,"{""ACC"": ""Accusative"", ""PX"": ""Possessive suffix"", ""SG"": ""Singular"", ""REFL"": ""Reflexive pronoun"", ""DIM"": ""Diminutive "", ""EMPH"": ""Emphatic"", ""HAB"": ""Habitual"", ""NFUT"": ""Non-future""}"
even1260a-B1-48,ɟapkanɲulek anŋanaŋu bisin.,ɟapkan\_ɲulek	anŋana-ŋ-u	bi-si-n,eight_in.addition	year-POSS-PX.1SG	be-PST-3SG,I was 18 years old.,B1,48,even1260,even1260a,WORD_ALIGNED,"{""POSS"": ""Non-canonical possession"", ""PX"": ""Possessive suffix"", ""SG"": ""Singular"", ""PST"": ""Past""}"
even1260a-B1-49,sentjabrla meːn polnyj ɟapkanɲulek anŋanaŋu oːdin.,sentjabr-la	meːn	polnyj	ɟapkan\_ɲulek	anŋana-ŋ-u	oː-di-n,September.R-LOC	REFL	full.R	eight_in.addition	year-POSS-PX.1SG	become-PST-3SG,In September I turned 18.'\footnote{I.e. she was still 17 when she was left all on her own.,B1,49,even1260,even1260a,WORD_ALIGNED,"{""LOC"": ""Locative"", ""REFL"": ""Reflexive pronoun"", ""POSS"": ""Non-canonical possession"", ""PX"": ""Possessive suffix"", ""SG"": ""Singular"", ""PST"": ""Past""}"
even1260a-B1-50,"aŋaːnnoːttamda, isude ereger koːʨajramda.",aŋaːn-noːt-ta-m=da	is-u=de	ereger	koːʨaj-ra-m=da,sew-HAB-NFUT-1SG=ADD	hide-ACC=ADD	always	scrape.hide-NFUT-1SG=ADD,"I sew, and I always scrape hide.",B1,50,even1260,even1260a,WORD_ALIGNED,"{""HAB"": ""Habitual"", ""NFUT"": ""Non-future"", ""SG"": ""Singular"", ""ADD"": ""Additive"", ""ACC"": ""Accusative""}"
even1260a-B1-51,"ereger ordu oːdiβu, ereger nulgeβeːttem oroniʨ.",ereger	or-du	oː-di-βu	ereger	nulge-βeːt-te-m	oroni-ʨ,always	reindeer.herd-DAT.ESS	become-PST-1SG	always	migrate-HAB-NFUT-1SG	reindeer(domestic)-INS,"I started living in the reindeer herd all the time, always migrated by reindeer.",B1,51,even1260,even1260a,WORD_ALIGNED,"{""DAT"": ""Dative"", ""ESS"": ""Essive"", ""PST"": ""Past"", ""SG"": ""Singular"", ""HAB"": ""Habitual"", ""NFUT"": ""Non-future"", ""INS"": ""Instrumental""}"
even1260a-B1-52,"eʨiβu goru nu turkuʨidde orondu, elekes ordu bimi.",e-ʨi-βu	goru	nu	turku-ʨi-d-de	oron-du	elekes	or-du	bi-mi,NEG-PST-1SG	long	well.R	not.be.able-TAM2-PROG-NEG.CVB	reindeer(domestic)-DAT.ESS	at.first	reindeer.herd-DAT.ESS	live-SS.COND,"When I first started living in the herd, I quickly learnt how to (ride) a reindeer.' (lit. `I didn't not know (how to ride) on a reindeer for long'",B1,52,even1260,even1260a,WORD_ALIGNED,"{""NEG"": ""Negative; by itself: Negative auxiliary"", ""PST"": ""Past"", ""SG"": ""Singular"", ""TAM"": ""Polysemous TAM marker"", ""PROG"": ""Progressive"", ""CVB"": ""Converb"", ""DAT"": ""Dative"", ""ESS"": ""Essive"", ""SS"": ""Same-subject converb"", ""COND"": ""Conditional-Temporal (converb)""}"
even1260a-B1-53,"ɲan, ereger ajiʨ oːdiβu.",ɲan	ereger	aji-ʨ	oː-di-βu,and	always	good-ADVR	become-PST-1SG,And so I always became well (started to live well in the herd).,B1,53,even1260,even1260a,WORD_ALIGNED,"{""ADVR"": ""Adverbializer"", ""PST"": ""Past"", ""SG"": ""Singular""}"
even1260a-B1-54,potom eβgile ɲan eβeski ereger sovsem ereger čumrabotnicada oːdiβu.,potom	eβgile	ɲan	eβe-ski	ereger	sovsem	ereger	čumrabotnica=da	oː-di-βu,then.R	closer.in.time	and	PROX-ADVB.ALL	always	completely.R	always	yurt.worker.R=ADD	become-PST-1SG,Then closer to these times I became a yurt worker.,B1,54,even1260,even1260a,WORD_ALIGNED,"{""PROX"": ""Proximal (demonstrative)"", ""ADVB"": ""Adverbial"", ""ALL"": ""Allative"", ""ADD"": ""Additive"", ""PST"": ""Past"", ""SG"": ""Singular""}"
even1260a-B1-55,erek iekeβ ele kimdeji pastuxalda ɟebdeten.,erek	ieke-β	e-le	kim-de-ji	pastuxa-l=da	ɟeb-de-ten,DP	pot-ACC	PROX-LOC	prepare-VS.PURP-PRFL.SG	herder.R-PL=ADD	eat-VS.PURP-3PL,I prepared (lit. `in order to prepare') food for the herders.,B1,55,even1260,even1260a,WORD_ALIGNED,"{""DP"": ""Discourse particle"", ""ACC"": ""Accusative"", ""PROX"": ""Proximal (demonstrative)"", ""LOC"": ""Locative"", ""VS"": ""Variable-subject converb"", ""PURP"": ""Purposive"", ""PRFL"": ""Reflexive possessive"", ""SG"": ""Singular"", ""PL"": ""Plural"", ""ADD"": ""Additive""}"
even1260a-B1-56,"emmoːtte pastuxal, ɲan ejdu uliːʨimelʨirem.",em-moːt-te	pastuxa-l	ɲan	ejdu	uliː-ʨi-melʨi-re-m,come-HAB-NFUT	herder.R-PL	and	all	feed-TAM2-ACCEL-NFUT-1SG,The herders come and I feed them all quickly.,B1,56,even1260,even1260a,WORD_ALIGNED,"{""HAB"": ""Habitual"", ""NFUT"": ""Non-future"", ""PL"": ""Plural"", ""TAM"": ""Polysemous TAM marker"", ""ACCEL"": ""Accelerative"", ""SG"": ""Singular""}"
even1260a-B1-57,"alikalbida srazu aːβram, ʨeleβen, ʨeleβen, xlebignikemeken.",alika-l-bi=da	srazu	aːβ-ra-m	ʨele-βe-n	ʨele-βe-n	xlebig-nike=meken,dish-PL-PRFL.SG=ADD	at.once.R	wash-NFUT-1SG	all-ACC-PX.3SG	all-ACC-PX.3SG	make.bread-SS.SIM1=H.FOC,"And I immediately wash all the dishes, making bread at the same time.",B1,57,even1260,even1260a,WORD_ALIGNED,"{""PL"": ""Plural"", ""PRFL"": ""Reflexive possessive"", ""SG"": ""Singular"", ""ADD"": ""Additive"", ""NFUT"": ""Non-future"", ""ACC"": ""Accusative"", ""PX"": ""Possessive suffix"", ""SS"": ""Same-subject converb"", ""SIM"": ""Simultaneous (converb)"", ""FOC"": ""Focus""}"
even1260a-B1-58,"potom ilkan aːmalkariɟi, esemdetit, giakiβ nendekeːβde koːʨajram aŋaːndaji.",potom	ilkan	aːmalka-riɟi	e-se-m=de=tit	giaki-β	nendekeː-β=de	koːʨaj-ra-m	aŋaːn-da-ji,then.R	true	learn[COMPL]-SS.ANT.SG	NEG-NFUT-1SG=ADD=EMPH	various-ACC	jacket-ACC=ADD	scrape.hide-NFUT-1SG	sew-VS.PURP-PRFL.SG,"Then after I learnt how to do everything properly, I scrape hides in order to sew fur jackets.'\footnote{\textit{Esemdetit} here gives a meaning of `I am not afraid of doing anything, I do everything'.",B1,58,even1260,even1260a,WORD_ALIGNED,"{""COMPL"": ""Completive"", ""SS"": ""Same-subject converb"", ""ANT"": ""Anterior (converb)"", ""SG"": ""Singular"", ""NEG"": ""Negative; by itself: Negative auxiliary"", ""NFUT"": ""Non-future"", ""ADD"": ""Additive"", ""EMPH"": ""Emphatic"", ""ACC"": ""Accusative"", ""VS"": ""Variable-subject converb"", ""PURP"": ""Purposive"", ""PRFL"": ""Reflexive possessive""}"
even1260a-B1-59,"pastuxaŋalbida tetudeji untagatan koːʨajjoːttam, aŋaːnnoːttam.",pastuxa-ŋa-l-bi=da	tet-u-de-ji	unta-ga-tan	koːʨaj-joːt-ta-m	aŋaːn-noːt-ta-m,herder.R-POSS-PL-PRFL.SG=ADD	put.on-VAL-VS.PURP-PRFL.SG	fur.boots-DEST-PX.3PL	scrape.hide-HAB-NFUT-1SG	sew-HAB-NFUT-1SG,I scrape hides and sew fur boots for my herders to wear.' (lit. `to dress my herders',B1,59,even1260,even1260a,WORD_ALIGNED,"{""POSS"": ""Non-canonical possession"", ""PL"": ""Plural"", ""PRFL"": ""Reflexive possessive"", ""SG"": ""Singular"", ""ADD"": ""Additive"", ""VAL"": ""Valency-change"", ""VS"": ""Variable-subject converb"", ""PURP"": ""Purposive"", ""DEST"": ""Destinative"", ""PX"": ""Possessive suffix"", ""HAB"": ""Habitual"", ""NFUT"": ""Non-future""}"
even1260a-B1-60,ɲan tara.,ɲan	tara,and	DP,That's it.,B1,60,even1260,even1260a,WORD_ALIGNED,"{""DP"": ""Discourse particle""}"
even1260a-B10-1,"tiːtel tadutitta rybalkadu biddeku Egor Ivanič emnin, uŋduk tar Tβajaːnduk.",tiːtel	ta-du=tit=ta	rybalka-du	bi-d-dek-u	Egor	Ivanič	em-ni-n	uŋ-duk	tar	Tβajaːn-duk,long.ago	DIST-DAT.ESS=EMPH=ADD	fishing.camp.R-DAT.ESS	be-PROG-DS.COND-1SG	PN	PN	come-PST-3SG	FLR-ABL	DIST	TOPO-ABL,"A long time ago, when I was in that same fishing camp, Egor Ivanovič came from Tvajan.",B10,1,even1260,even1260a,WORD_ALIGNED,"{""DIST"": ""Distal demonstrative"", ""DAT"": ""Dative"", ""ESS"": ""Essive"", ""EMPH"": ""Emphatic"", ""ADD"": ""Additive"", ""PROG"": ""Progressive"", ""DS"": ""Different-subject converb"", ""COND"": ""Conditional-Temporal (converb)"", ""SG"": ""Singular"", ""PN"": ""Proper noun"", ""PST"": ""Past"", ""FLR"": ""Filler"", ""ABL"": ""Ablative"", ""TOPO"": ""Toponym""}"
even1260a-B10-2,"nan biː kuʨuken bimi noŋandun amardadun boddoʨiɟeːnniβu, noŋanasi elgeʨiddin.",nan	biː	kuʨuken	bi-mi	noŋandun	amar-da-du-n	bod-doʨi-ɟeːn-ni-βu	noŋana=si	elge-ʨi-d-di-n,and	1SG	small	be-SS.COND	3SG.DAT	behind-SIDE-DAT.ESS-PX.3SG	follow-HAB-CMPS-PST-1SG	3SG=CONTR	to.fish(pole)-TAM2-PROG-PST-3SG,"I, being small, followed after him; he, however, was fishing with a pole.",B10,2,even1260,even1260a,WORD_ALIGNED,"{""SG"": ""Singular"", ""SS"": ""Same-subject converb"", ""COND"": ""Conditional-Temporal (converb)"", ""DAT"": ""Dative"", ""ESS"": ""Essive"", ""PX"": ""Possessive suffix"", ""HAB"": ""Habitual"", ""CMPS"": ""Compassionate"", ""PST"": ""Past"", ""CONTR"": ""Contrastive"", ""TAM"": ""Polysemous TAM marker"", ""PROG"": ""Progressive""}"
even1260a-B10-3,elgeʨidden esemde ɟoːŋʨir iaβut maːringu iarinda epkeningu iaringu esemde aːr.,elge-ʨi-d-de-n	e-se-m=de	ɟoː-ŋʨi-r	ia-β=ut	maː-ri-n=gu	ia-ri-n=da	epke-ni-n=gu	ia-ri-n=gu	e-se-m=de	aː-r,to.fish(pole)-TAM2-PROG-NFUT-3SG	NEG-NFUT-1SG=ADD	remember-DUR-NEG.CVB	what-ACC=INDEF	kill-PST-3SG=DUB	do.what-PST-3SG=ADD	catch-PST-3SG=DUB	GEN.EXT-PST-3SG=DUB	NEG-NFUT-1SG=ADD	know-NEG.CVB,"He fished with a pole hook, and I don't remember, did he kill something, what did he do, I do not know whether he caught (something) or whatever.'\footnote{See \figref{fig:photoElge} (in \textref{text:B11}) for a photo of a pole hook.",B10,3,even1260,even1260a,WORD_ALIGNED,"{""TAM"": ""Polysemous TAM marker"", ""PROG"": ""Progressive"", ""NFUT"": ""Non-future"", ""SG"": ""Singular"", ""NEG"": ""Negative; by itself: Negative auxiliary"", ""ADD"": ""Additive"", ""DUR"": ""Durative"", ""CVB"": ""Converb"", ""ACC"": ""Accusative"", ""INDEF"": ""Indefinite"", ""PST"": ""Past"", ""DUB"": ""Dubitative"", ""GEN"": ""Genitive"", ""EXT"": ""Extender""}"
even1260a-B10-4,"Iːʨʨe egɟeneː okaːt umekiʨ, uːntada.",Iːʨʨe	egɟen=eː	okaːt	umekiʨ	uːnta=da,TOPO	big=EMPH	river	very	deep=ADD,The Icha is a very big and deep river.'\footnote{See \figref{fig:photoIcha}.,B10,4,even1260,even1260a,WORD_ALIGNED,"{""TOPO"": ""Toponym"", ""EMPH"": ""Emphatic"", ""ADD"": ""Additive""}"
even1260a-B10-5,itʨoːttemteken ollamkaral egɟemkerel eːβeːʨke eʨe.,it-ʨoːt-te-m=teken	olla-mkara-l	egɟe-mkere-l	eːβeːʨ=ke	e-ʨe,see-HAB-NFUT-1SG=RESTR	fish-AUG.INDEF-PL	big-AUG.INDEF-PL	Chinook.salmon=FOC	NEG-PST.PTCP,"I can only see (there are) big fish, probably Chinook salmon.",B10,5,even1260,even1260a,WORD_ALIGNED,"{""HAB"": ""Habitual"", ""NFUT"": ""Non-future"", ""SG"": ""Singular"", ""RESTR"": ""Restrictive"", ""AUG"": ""Augmentative"", ""INDEF"": ""Indefinite"", ""PL"": ""Plural"", ""FOC"": ""Focus"", ""NEG"": ""Negative; by itself: Negative auxiliary"", ""PST"": ""Past"", ""PTCP"": ""Participle""}"
even1260a-B10-6,"egɟel tadu uŋidɟoːtte, okaːtla biβeːtte.",egɟe-l	ta-du	uŋi-d-ɟoːt-te	okaːt-la	bi-βeːt-te,big-PL	DIST-DAT.ESS	FLR-PROG-HAB-NFUT	river-LOC	be-HAB-NFUT,"Big ones whatchamacallit there, are in the river.",B10,6,even1260,even1260a,WORD_ALIGNED,"{""PL"": ""Plural"", ""DIST"": ""Distal demonstrative"", ""DAT"": ""Dative"", ""ESS"": ""Essive"", ""FLR"": ""Filler"", ""PROG"": ""Progressive"", ""HAB"": ""Habitual"", ""NFUT"": ""Non-future"", ""LOC"": ""Locative""}"
even1260a-B10-7,nan eʨin elgeʨidmi minteki iʨisnin nan biːsi mianiβu iasalan iami nan ʨulbaɲa!,nan	eʨin	elge-ʨi-d-mi	min-teki	iʨi-s-ni-n	nan	biː=si	mia-ni-βu	iasala-n	iami	nan	ʨulbaɲa,and	PROX.QUAL	to.fish(pole)-TAM2-PROG-SS.COND	1SG.OBL-ALL	see-TAM1-PST-3SG	and	1SG=CONTR	be.surprised-PST-1SG	eyes-PX.3SG	why	and	grue,"And so, catching fish, he glanced at me and I was surprised, why, his eyes are blue!",B10,7,even1260,even1260a,WORD_ALIGNED,"{""PROX"": ""Proximal (demonstrative)"", ""QUAL"": ""Qualitative"", ""TAM"": ""Polysemous TAM marker"", ""PROG"": ""Progressive"", ""SS"": ""Same-subject converb"", ""COND"": ""Conditional-Temporal (converb)"", ""SG"": ""Singular"", ""OBL"": ""Oblique"", ""ALL"": ""Allative"", ""PST"": ""Past"", ""CONTR"": ""Contrastive"", ""PX"": ""Possessive suffix""}"
even1260a-B10-8,nan mianiɟi urriβu eʨiβu iaβda guːne.,nan	mia-niɟi	ur-ri-βu	e-ʨi-βu	ia-β=da	guː-ne,and	be.surprised-SS.ANT.SG	go(UNIDIR)-PST-1SG	NEG-PST-1SG	what-ACC=ADD	say-NEG.CVB,"And having gotten a surprise I left, I didn't say anything.",B10,8,even1260,even1260a,WORD_ALIGNED,"{""SS"": ""Same-subject converb"", ""ANT"": ""Anterior (converb)"", ""SG"": ""Singular"", ""UNIDIR"": ""Unidirectional"", ""PST"": ""Past"", ""NEG"": ""Negative; by itself: Negative auxiliary"", ""ACC"": ""Accusative"", ""ADD"": ""Additive"", ""CVB"": ""Converb""}"
even1260a-B10-9,iːseʨin nanda eniŋeːβu Konna biʨegli Istapta biʨegli taβur toremeʨidden oːna.,iːseʨin	nan=da	eniŋeː-βu	Konna	biʨe-gli	Istap=ta	biʨe-gli	taβur	tore-meʨi-d-de-n	oːna,evening	and=ADD	grandmother-PX.1SG	PN	NOMPST-COM2	PN=ADD	NOMPST-COM2	DEM.RECOGN	speak-REC-PROG-NFUT-3SG	DP,And then in the evening my grandmother was talking with late Konna and late Istap.,B10,9,even1260,even1260a,WORD_ALIGNED,"{""ADD"": ""Additive"", ""PX"": ""Possessive suffix"", ""SG"": ""Singular"", ""PN"": ""Proper noun"", ""NOMPST"": ""Nominal past"", ""COM"": ""Comitative"", ""DEM"": ""Demonstrative"", ""RECOGN"": ""Recognitional"", ""REC"": ""Reciprocal"", ""PROG"": ""Progressive"", ""NFUT"": ""Non-future"", ""DP"": ""Discourse particle""}"
even1260a-B10-10,"guːn tala Egor Ivanič olloːttin, taraβda teːleŋnin taʨinda bidde, tarbaʨinda kino biβeːtten, iak ŋiː emnin, ŋiː oːn biddede ibdiri tala selola.",guː-n	ta-la	Egor	Ivanič	olloːt-ti-n	tara-β=da	teːleŋ-ni-n	taʨin=da	bi-d-de	tarbaʨin=da	kino	bi-βeːt-te-n	iak	ŋiː	em-ni-n	ŋiː	oːn	bi-d-de=de	ibdiri	ta-la	selo-la,say-NFUT	DIST-LOC	PN	PN	go(MULTIDIR)-PST-3SG	DIST-ACC=ADD	tell-PST-3SG	DIST.QUAL=ADD	live-PROG-NFUT	DIST.QUAL=ADD	movies.R	be-HAB-NFUT-3SG	what	who	come-PST-3SG	who	how	live-PROG-NFUT=ADD	people	DIST-LOC	village.R-LOC,"They said, there Egor Ivanovič came (and left), and he told about that, they live like that, there are such movies, who and what came, who lives how, the people in that village.'\footnote{People who live in the fishing camps are quite remote from the wider world and are therefore very interested in all the little bits of news from the village, who is doing what, and even what movies were shown in the village clubhouse.",B10,10,even1260,even1260a,WORD_ALIGNED,"{""NFUT"": ""Non-future"", ""DIST"": ""Distal demonstrative"", ""LOC"": ""Locative"", ""PN"": ""Proper noun"", ""MULTIDIR"": ""Multidirectional"", ""PST"": ""Past"", ""SG"": ""Singular"", ""ACC"": ""Accusative"", ""ADD"": ""Additive"", ""QUAL"": ""Qualitative"", ""PROG"": ""Progressive"", ""HAB"": ""Habitual""}"
even1260a-B10-11,nan iaringu Egor Ivanič tarak olloŋgaji bakringu iaringu ulgimiβeːtte.,nan	ia-ri-n=gu	Egor	Ivanič	tarak	ollo-ŋ-ga-ji	bak-ri-n=gu	ia-ri-n=gu	ulgimi-βeːt-te,and	do.what-PST-3SG=DUB	PN	PN	DIST	fish-POSS-DEST-PRFL.SG	find-PST-3SG=DUB	GEN.EXT-PST-3SG=DUB	ask[IPFV]-HAB-NFUT,"And they asked, ``Did Egor Ivanovič find himself some fish or whatever?'''\footnote{These questions were solicitous, since the grandmother and her co-workers knew that Egor Ivanovič had a big family and hence would have needed the fish.",B10,11,even1260,even1260a,WORD_ALIGNED,"{""PST"": ""Past"", ""SG"": ""Singular"", ""DUB"": ""Dubitative"", ""PN"": ""Proper noun"", ""DIST"": ""Distal demonstrative"", ""POSS"": ""Non-canonical possession"", ""DEST"": ""Destinative"", ""PRFL"": ""Reflexive possessive"", ""GEN"": ""Genitive"", ""EXT"": ""Extender"", ""IPFV"": ""Imperfective"", ""HAB"": ""Habitual"", ""NFUT"": ""Non-future""}"
even1260a-B10-12,nan biːsi guːnem oːna:,nan	biː=si	guː-ne-m	oːna,and	1SG=CONTR	say-NFUT-1SG	DP,And I say:,B10,12,even1260,even1260a,WORD_ALIGNED,"{""SG"": ""Singular"", ""CONTR"": ""Contrastive"", ""NFUT"": ""Non-future"", ""DP"": ""Discourse particle""}"
even1260a-B10-13,unbeɟi Egor Ivaničisen oːn ʨuːrikaʨ iasaliʨ iaβda itʨin!,un=beɟi	Egor	Ivaniči-sen	oːn	ʨuːri-ka-ʨ	iasali-ʨ	ia-β=da	it-ʨi-n,2PL.OBL=EMPH	PN	PN-PX.2PL	how	beads-ADJR-INS	eyes-INS	what-ACC=ADD	see-FUT-3SG,"{``}But your Egor Ivanovič, how will he see anything with those beady eyes!''",B10,13,even1260,even1260a,WORD_ALIGNED,"{""PL"": ""Plural"", ""OBL"": ""Oblique"", ""EMPH"": ""Emphatic"", ""PN"": ""Proper noun"", ""PX"": ""Possessive suffix"", ""ADJR"": ""Adjectivizer"", ""INS"": ""Instrumental"", ""ACC"": ""Accusative"", ""ADD"": ""Additive"", ""FUT"": ""Future"", ""SG"": ""Singular""}"
even1260a-B10-14,nanda taraβ eʨil iaβda guːne inimesʨiβeːttede esten iaβda goːβeːtte.,nan=da	tara-β	e-ʨi-l	ia-β=da	guː-ne	inime-sʨi-βeːt-te=de	e-s-ten	ia-β=da	goː-βeːt-te,and=ADD	DIST-ACC	NEG-PST-PL	what-ACC=ADD	say-NEG.CVB	smile-ATTN-HAB-NFUT=ADD	NEG-NFUT-3PL	what-ACC=ADD	say-HAB-NEG.CVB,"They again didn't say anything about this, only smiled a bit, they don't say anything.",B10,14,even1260,even1260a,WORD_ALIGNED,"{""ADD"": ""Additive"", ""DIST"": ""Distal demonstrative"", ""ACC"": ""Accusative"", ""NEG"": ""Negative; by itself: Negative auxiliary"", ""PST"": ""Past"", ""PL"": ""Plural"", ""CVB"": ""Converb"", ""ATTN"": ""Attenuative"", ""HAB"": ""Habitual"", ""NFUT"": ""Non-future""}"
even1260a-B11-1,biː bihem Artёm.,biː	bi-he-m	Artёm,1SG	be-NFUT-1SG	PN,I am Artёm.,B11,1,even1260,even1260a,WORD_ALIGNED,"{""SG"": ""Singular"", ""NFUT"": ""Non-future"", ""PN"": ""Proper noun""}"
even1260a-B11-2,"tiːtel ordu gurgeːβʨiriβukene, ɟulle, semdesjat pjatyj goddukun nan vosemdesjat pervyjklen.",tiːtel	or-du	gurgeːβʨi-ri-βu=kene	ɟul-le	semdesjat	pjatyj	god-duku-n	nan	vosemdesjat	pervyj-kle-n,long.ago	reindeer.herd-DAT.ESS	work-PST-1SG=FOC	front-LOC	seventy.R	fifth.R	year.R-ABL-PX.3SG	and	eighty.R	first.R-LIM-PX.3SG,"Long ago I worked in a reindeer herd, from 1975 until 1981.'\footnote{The term \textit{oron} designates domesticated reindeer; in Kamchatka, this is also used for the reindeer herd. The two meanings are inflectionally distinguished: \textit{oron-du} `on a reindeer' vs. \textit{or-du} `in a reindeer herd'.",B11,2,even1260,even1260a,WORD_ALIGNED,"{""DAT"": ""Dative"", ""ESS"": ""Essive"", ""PST"": ""Past"", ""SG"": ""Singular"", ""FOC"": ""Focus"", ""LOC"": ""Locative"", ""ABL"": ""Ablative"", ""PX"": ""Possessive suffix"", ""LIM"": ""Limitative""}"
even1260a-B11-3,"kuŋa bimi ordukke semdesjat pjatyjlan ordu eli nulgeriβun, pastuxriβu er tundralduli, urekʨendulide.",kuŋa	bi-mi	or-du=kke	semdesjat	pjatyj-la-n	or-du	e-li	nulge-ri-βun	pastux-ri-βu	er	tundra-l-duli	urekʨen-duli=de,child	be-SS.COND	reindeer.herd-DAT.ESS=FOC	seventy.R	fifth.R-LOC-PX.3SG	reindeer.herd-DAT.ESS	PROX-PROL	migrate-PST-1PL.EX	herder.R-PST-1SG	DP	tundra.R-PL-PROL	mountain-PROL=ADD,"When I was a child, in the herd in 1975, we were migrating around here, I herded in the tundra and in the mountains.",B11,3,even1260,even1260a,WORD_ALIGNED,"{""SS"": ""Same-subject converb"", ""COND"": ""Conditional-Temporal (converb)"", ""DAT"": ""Dative"", ""ESS"": ""Essive"", ""FOC"": ""Focus"", ""LOC"": ""Locative"", ""PX"": ""Possessive suffix"", ""SG"": ""Singular"", ""PROX"": ""Proximal (demonstrative)"", ""PROL"": ""Prolative"", ""PST"": ""Past"", ""PL"": ""Plural"", ""EX"": ""Exclusive"", ""DP"": ""Discourse particle"", ""ADD"": ""Additive""}"
even1260a-B11-4,"Ublukeβ dereːndulin ʨaski, pastuxriβu eknumi, eɲtilnumi.",Ublukeβ	dereːn-duli-n	ʨa-ski	pastux-ri-βu	ek-num-i	eɲtil-num-i,TOPO	river.source-PROL-PX.3SG	far-ADVB.ALL	herder.R-PST-1SG	mother-COM1-PRFL.SG	parents-COM1-PRFL.SG,"I herded further along the upper reaches of the Oblukovina river with my mother, with my parents.'\footnote{The Oblukovina is a small river that flows west from the Central Mountain range of Kamchatka into the Sea of Okhotsk (see \figref{fig:mapBys2}).",B11,4,even1260,even1260a,WORD_ALIGNED,"{""TOPO"": ""Toponym"", ""PROL"": ""Prolative"", ""PX"": ""Possessive suffix"", ""SG"": ""Singular"", ""ADVB"": ""Adverbial"", ""ALL"": ""Allative"", ""PST"": ""Past"", ""COM"": ""Comitative"", ""PRFL"": ""Reflexive possessive""}"
even1260a-B11-5,vosemdesjat pervyjlan oxotnik oːdiβu.,vosemdesjat	pervyj-la-n	oxotnik	oː-di-βu,eighty.R	first.R-LOC-PX.3SG	hunter.R	become-PST-1SG,In 1981 I became a hunter.,B11,5,even1260,even1260a,WORD_ALIGNED,"{""LOC"": ""Locative"", ""PX"": ""Possessive suffix"", ""SG"": ""Singular"", ""PST"": ""Past""}"
even1260a-B11-6,taduk nan ereger eβeski oxotnikaddiβu.,ta-duk	nan	ereger	eβe-ski	oxotnika-d-di-βu,DIST-ABL	and	always	PROX-ADVB.ALL	hunter.R-PROG-PST-1SG,Since then I have been a hunter.,B11,6,even1260,even1260a,WORD_ALIGNED,"{""DIST"": ""Distal demonstrative"", ""ABL"": ""Ablative"", ""PROX"": ""Proximal (demonstrative)"", ""ADVB"": ""Adverbial"", ""ALL"": ""Allative"", ""PROG"": ""Progressive"", ""PST"": ""Past"", ""SG"": ""Singular""}"
even1260a-B11-7,"nan devjanosto četvёrtyjlan, oːkka sojuz raspalsja, meːrker oːdiβun.",nan	devjanosto	četvёrtyj-la-n	oːk=ka	sojuz	raspalsja	meː-r-ke-r	oː-di-βun,and	ninety.R	fourth.R-LOC-PX.3SG	when=FOC	Union.R	broke.up.R	REFL-PL-DIM-PL	become-PST-1PL.EX,"Then in 1994, when the Soviet Union broke up, we became independent.'\footnote{For a detailed discussion of the use of the reflexive pronoun \textit{meːn} in Even see \textcite{Matic:2020ja}.",B11,7,even1260,even1260a,WORD_ALIGNED,"{""LOC"": ""Locative"", ""PX"": ""Possessive suffix"", ""SG"": ""Singular"", ""FOC"": ""Focus"", ""REFL"": ""Reflexive pronoun"", ""PL"": ""Plural"", ""DIM"": ""Diminutive "", ""PST"": ""Past"", ""EX"": ""Exclusive""}"
even1260a-B11-8,"er tuːreŋu oxotničaju bisni, gobɟaku.",er	tuːre-ŋ-u	oxotničaj-u	bi-s-ni	gob-ɟak-u,DP	land-POSS-PX.1SG	hunting.R-PX.1SG	be-NFUT-3SG	hunt-NR-PX.1SG,Here I have hunting grounds.,B11,8,even1260,even1260a,WORD_ALIGNED,"{""DP"": ""Discourse particle"", ""POSS"": ""Non-canonical possession"", ""PX"": ""Possessive suffix"", ""SG"": ""Singular"", ""NFUT"": ""Non-future"", ""NR"": ""Nominalizer""}"
even1260a-B11-9,"tugenidu oxotnikedɟoːttem, ɟugani oːdakan rybekedɟoːttem.",tugeni-du	oxotnike-d-ɟoːt-te-m	ɟugani	oː-daka-n	rybeke-d-ɟoːt-te-m,winter-DAT.ESS	hunter.R-PROG-HAB-NFUT-1SG	summer	become-DS.COND-3SG	fisherman.R-PROG-HAB-NFUT-1SG,"In the winter I hunt, when the summer comes, I fish.",B11,9,even1260,even1260a,WORD_ALIGNED,"{""DAT"": ""Dative"", ""ESS"": ""Essive"", ""PROG"": ""Progressive"", ""HAB"": ""Habitual"", ""NFUT"": ""Non-future"", ""SG"": ""Singular"", ""DS"": ""Different-subject converb"", ""COND"": ""Conditional-Temporal (converb)""}"
even1260a-B11-10,tiːk nan pensioner oːdiβu.,tiːk	nan	pensioner	oː-di-βu,now	and	pensioner.R	become-PST-1SG,Now I have become a pensioner.,B11,10,even1260,even1260a,WORD_ALIGNED,"{""PST"": ""Past"", ""SG"": ""Singular""}"
even1260a-B11-11,"tugenidu egepu, uliʨam, gurnataβ, tar iaβ, kobalam, bisekende vesnoj osenju, bakadɟoːttam.",tugeni-du	egep-u	uliʨa-m	gurnata-β	tar	ia-β	kobalan-m	bi-seke-n=de	vesnoj	osenju	baka-d-ɟoːt-ta-m,winter-DAT.ESS	sable-ACC	fox-ACC	ermine.R-ACC	DP	what-ACC	noisy.one-ACC	be-DS.COND-3SG=ADD	in.spring.R	in.autumn.R	find-PROG-HAB-NFUT-1SG,"In the winter I find sables, foxes, ermines, what else, bears, if there are any in the spring or in the autumn.'\footnote{The term \textit{kobalan} `noisy one' is a euphemism for `bear' (see \sectref{sec:huntingfishing}).",B11,11,even1260,even1260a,WORD_ALIGNED,"{""DAT"": ""Dative"", ""ESS"": ""Essive"", ""ACC"": ""Accusative"", ""DP"": ""Discourse particle"", ""DS"": ""Different-subject converb"", ""COND"": ""Conditional-Temporal (converb)"", ""SG"": ""Singular"", ""ADD"": ""Additive"", ""PROG"": ""Progressive"", ""HAB"": ""Habitual"", ""NFUT"": ""Non-future""}"
even1260a-B11-12,"tar giakikakam eŋtiriβde, kabjaβu, tar niːkiʨeːm aːdunda biseken.",tar	giaki-kaka-m	eŋtiri-β=de	kabjaβ-u	tar	niːkiʨeː-m	aːdun=da	bi-seke-n,DP	various-DIM.INDEF-ACC	capercaillie-ACC=ADD	ptarmigan-ACC	DP	duck-ACC	sometimes=ADD	be-DS.COND-3SG,"All sorts of (fowl), capercaillies, ptarmigans, ducks sometimes, if there are any.",B11,12,even1260,even1260a,WORD_ALIGNED,"{""DP"": ""Discourse particle"", ""DIM"": ""Diminutive "", ""INDEF"": ""Indefinite"", ""ACC"": ""Accusative"", ""ADD"": ""Additive"", ""DS"": ""Different-subject converb"", ""COND"": ""Conditional-Temporal (converb)"", ""SG"": ""Singular""}"
even1260a-B11-13,"tar, unet iaβa?",tar	unet	ia-βa,DP	still	what-ACC,Then what else?,B11,13,even1260,even1260a,WORD_ALIGNED,"{""DP"": ""Discourse particle"", ""ACC"": ""Accusative""}"
even1260a-B11-14,oːnakiβda ereβ tugeniβ buranɟi bokniβu.,oːnaki-β=da	ere-β	tugeni-β	buran-ɟi	bok-ni-βu,wolverine-ACC=ADD	PROX-ACC	winter-ACC	snowmobile.R-INS.PRFL.SG	catch.up-PST-1SG,And I caught up with a wolverine by snowmobile this winter.,B11,14,even1260,even1260a,WORD_ALIGNED,"{""ACC"": ""Accusative"", ""ADD"": ""Additive"", ""PROX"": ""Proximal (demonstrative)"", ""INS"": ""Instrumental"", ""PRFL"": ""Reflexive possessive"", ""SG"": ""Singular"", ""PST"": ""Past""}"
even1260a-B11-15,"ereβ tugeniβ egepeŋgaji uŋniβu bakriβu, uliʨaŋgaji, oːnakiŋgaji.",ere-β	tugeni-β	egepe-ŋ-ga-ji	uŋ-ni-βu	bak-ri-βu	uliʨa-ŋ-ga-ji	oːnaki-ŋ-ga-ji,PROX-ACC	winter-ACC	sable-POSS-DEST-PRFL.SG	FLR-PST-1SG	find-PST-1SG	fox-POSS-DEST-PRFL.SG	wolverine-POSS-DEST-PRFL.SG,"This winter I found sables for myself, foxes, and a wolverine.",B11,15,even1260,even1260a,WORD_ALIGNED,"{""PROX"": ""Proximal (demonstrative)"", ""ACC"": ""Accusative"", ""POSS"": ""Non-canonical possession"", ""DEST"": ""Destinative"", ""PRFL"": ""Reflexive possessive"", ""SG"": ""Singular"", ""FLR"": ""Filler"", ""PST"": ""Past""}"
even1260a-B11-16,er aprella kobalaŋgajida maːriβu.,er	aprel-la	kobala-ŋ-ga-ji=da	maː-ri-βu,DP	April.R-LOC	noisy.one-POSS-DEST-PRFL.SG=ADD	kill-PST-1SG,In April I killed a bear.,B11,16,even1260,even1260a,WORD_ALIGNED,"{""DP"": ""Discourse particle"", ""LOC"": ""Locative"", ""POSS"": ""Non-canonical possession"", ""DEST"": ""Destinative"", ""PRFL"": ""Reflexive possessive"", ""SG"": ""Singular"", ""ADD"": ""Additive"", ""PST"": ""Past""}"
even1260a-B11-17,"tara, taʨin.",tara	taʨin,DP	DIST.QUAL,"Well, like that.",B11,17,even1260,even1260a,WORD_ALIGNED,"{""DP"": ""Discourse particle"", ""DIST"": ""Distal demonstrative"", ""QUAL"": ""Qualitative""}"
even1260a-B11-18,vosemdesjat pervyj goddukun oxotnik oːʨalaji tar Nikolaj Fomičkali umettu gobɟeriβun.,vosemdesjat	pervyj	god-duku-n	oxotnik	oː-ʨa-la-ji	tar	Nikolaj	Fomič-kali	umettu	gobɟe-ri-βun,eighty.R	first.R	year.R-ABL-PX.3SG	hunter.R	become-PST.PTCP-LOC-PRFL.SG	DP	PN	PN-COM2	together	hunt-PST-1PL.EX,"From 1981, when I became a hunter, I hunted together with Nikolaj Fomič.",B11,18,even1260,even1260a,WORD_ALIGNED,"{""ABL"": ""Ablative"", ""PX"": ""Possessive suffix"", ""SG"": ""Singular"", ""PST"": ""Past"", ""PTCP"": ""Participle"", ""LOC"": ""Locative"", ""PRFL"": ""Reflexive possessive"", ""DP"": ""Discourse particle"", ""PN"": ""Proper noun"", ""COM"": ""Comitative"", ""PL"": ""Plural"", ""EX"": ""Exclusive""}"
even1260a-B11-19,nan taduk biː umekken eβeski nulgeriβu Maːnagistaki.,nan	ta-duk	biː	umekken	eβe-ski	nulge-ri-βu	Maːnagis-taki,and	DIST-ABL	1SG	alone	PROX-ADVB.ALL	migrate-PST-1SG	TOPO-ALL,"And then I moved here alone to the Managič river.'\footnote{The Managič is a tributary of the Icha, a river that runs west into the Sea of Okhotsk (\figref{fig:mapBys2}).",B11,19,even1260,even1260a,WORD_ALIGNED,"{""DIST"": ""Distal demonstrative"", ""ABL"": ""Ablative"", ""SG"": ""Singular"", ""PROX"": ""Proximal (demonstrative)"", ""ADVB"": ""Adverbial"", ""ALL"": ""Allative"", ""PST"": ""Past"", ""TOPO"": ""Toponym""}"
even1260a-B11-20,tarapʨi nan edu bisem er Maːnagistu.,tara-pʨi	nan	e-du	bi-se-m	er	Maːnagis-tu,DIST-ADVR(TIME)	and	PROX-DAT.ESS	live-NFUT-1SG	PROX	TOPO-DAT.ESS,Since that time I have been living here on the Managič.,B11,20,even1260,even1260a,WORD_ALIGNED,"{""DIST"": ""Distal demonstrative"", ""ADVR"": ""Adverbializer"", ""PROX"": ""Proximal (demonstrative)"", ""DAT"": ""Dative"", ""ESS"": ""Essive"", ""NFUT"": ""Non-future"", ""SG"": ""Singular"", ""TOPO"": ""Toponym""}"
even1260a-B11-21,umekken ɟulle biː bisiβu.,umekken	ɟul-le	biː	bi-si-βu,alone	front-LOC	1SG	live-PST-1SG,I lived alone before.,B11,21,even1260,even1260a,WORD_ALIGNED,"{""LOC"": ""Locative"", ""SG"": ""Singular"", ""PST"": ""Past""}"
even1260a-B11-22,"ele ŋegdele okaːttula ɟuːβu bisin, umekken.",e-le	ŋegde-le	okaːt-tula	ɟuː-βu	bi-si-n	umekken,PROX-LOC	bottom-LOC	river-LOC	house-PX.1SG	be-PST-3SG	alone,"Here I had a house at the bottom by the river, by myself.",B11,22,even1260,even1260a,WORD_ALIGNED,"{""PROX"": ""Proximal (demonstrative)"", ""LOC"": ""Locative"", ""PX"": ""Possessive suffix"", ""SG"": ""Singular"", ""PST"": ""Past""}"
even1260a-B11-23,taduk eɲtilbu pensionerel oːdiɟur nan minteki nulgeriten.,ta-duk	eɲtil-bu	pensionere-l	oː-diɟur	nan	min-teki	nulge-ri-ten,DIST-ABL	parents-PX.1SG	pensioner.R-PL	become-SS.ANT.PL	and	1SG.OBL-ALL	migrate-PST-3PL,Then my parents became pensioners and moved to my place.,B11,23,even1260,even1260a,WORD_ALIGNED,"{""DIST"": ""Distal demonstrative"", ""ABL"": ""Ablative"", ""PX"": ""Possessive suffix"", ""SG"": ""Singular"", ""PL"": ""Plural"", ""SS"": ""Same-subject converb"", ""ANT"": ""Anterior (converb)"", ""OBL"": ""Oblique"", ""ALL"": ""Allative"", ""PST"": ""Past""}"
even1260a-B11-24,tar akmun vosemdesjat vtorojlan godla ɲoːmerin.,tar	akm-un	vosemdesjat	vtoroj-la-n	god-la	ɲoːme-ri-n,DIST	father-PX.1PL.EX	eighty.R	second.R-LOC-PX.3SG	year.R-LOC	die-PST-3SG,Our father died in 1982.,B11,24,even1260,even1260a,WORD_ALIGNED,"{""DIST"": ""Distal demonstrative"", ""PX"": ""Possessive suffix"", ""PL"": ""Plural"", ""EX"": ""Exclusive"", ""LOC"": ""Locative"", ""SG"": ""Singular"", ""PST"": ""Past""}"
even1260a-B11-25,nan tar Iliβon tar ekmun ilniɟur tar Maːnagistu oːdiβun.,nan	tar	Iliβon	tar	ekm-un	il-ni-ɟur	tar	Maːnagis-tu	oː-di-βun,and	DIST	PN	DIST	mother-PX.1PL.EX	three-COLL-INS.PRFL.PL	DP	TOPO-DAT.ESS	become-PST-1PL.EX,"So Leonid, our mother, we became three on the Managič.'\footnote{Leonid (Iliβon in Even) is his younger brother.",B11,25,even1260,even1260a,WORD_ALIGNED,"{""DIST"": ""Distal demonstrative"", ""PN"": ""Proper noun"", ""PX"": ""Possessive suffix"", ""PL"": ""Plural"", ""EX"": ""Exclusive"", ""COLL"": ""Collective"", ""INS"": ""Instrumental"", ""PRFL"": ""Reflexive possessive"", ""DP"": ""Discourse particle"", ""TOPO"": ""Toponym"", ""DAT"": ""Dative"", ""ESS"": ""Essive"", ""PST"": ""Past""}"
even1260a-B11-26,tarapʨi nan tar edu bisu.,tara-pʨi	nan	tar	e-du	bi-s-u,DIST-ADVR(TIME)	and	DP	PROX-DAT.ESS	live-NFUT-1PL.EX,Since that time we live here.,B11,26,even1260,even1260a,WORD_ALIGNED,"{""DIST"": ""Distal demonstrative"", ""ADVR"": ""Adverbializer"", ""DP"": ""Discourse particle"", ""PROX"": ""Proximal (demonstrative)"", ""DAT"": ""Dative"", ""ESS"": ""Essive"", ""NFUT"": ""Non-future"", ""PL"": ""Plural"", ""EX"": ""Exclusive""}"
even1260a-B11-27,ɟuganidu gospromxoztu gurgeːβʨidɟoːttem.,ɟugani-du	gospromxoz-tu	gurgeːβʨi-d-ɟoːt-te-m,summer-DAT.ESS	State.Commercial.Agency.R-DAT.ESS	work-PROG-HAB-NFUT-1SG,In the summer I work in the State Commercial Agency.,B11,27,even1260,even1260a,WORD_ALIGNED,"{""DAT"": ""Dative"", ""ESS"": ""Essive"", ""PROG"": ""Progressive"", ""HAB"": ""Habitual"", ""NFUT"": ""Non-future"", ""SG"": ""Singular""}"
even1260a-B11-28,"rybelkedu, tar ɟuːlbu oːʨidɟoːttu.",rybelke-du	tar	ɟuː-l-bu	oː-ʨi-d-ɟoːt-t-u,fishing.camp.R-DAT.ESS	DP	house-PL-ACC	make-TAM2-PROG-HAB-NFUT-1PL.EX,We build houses at the fishing camp.,B11,28,even1260,even1260a,WORD_ALIGNED,"{""DAT"": ""Dative"", ""ESS"": ""Essive"", ""DP"": ""Discourse particle"", ""PL"": ""Plural"", ""ACC"": ""Accusative"", ""TAM"": ""Polysemous TAM marker"", ""PROG"": ""Progressive"", ""HAB"": ""Habitual"", ""NFUT"": ""Non-future"", ""EX"": ""Exclusive""}"
even1260a-B11-29,tar osen oːdakan sentjabrla tar kimeɟilloːttu gobɟaktaki emesendeβur.,tar	osen	oː-daka-n	sentjabr-la	tar	kime-ɟi-l-loːt-t-u	gob-ɟak-taki	eme-sen-de-βur,DP	autumn.R	become-DS.COND-3SG	September.R-LOC	DP	prepare-PROG-INCH-HAB-NFUT-1PL.EX	hunt-NR-ALL	come-TAM1-VS.PURP-PRFL.PL,"Then when the autumn comes, in September, we begin to prepare to move to the hunting grounds.",B11,29,even1260,even1260a,WORD_ALIGNED,"{""DP"": ""Discourse particle"", ""DS"": ""Different-subject converb"", ""COND"": ""Conditional-Temporal (converb)"", ""SG"": ""Singular"", ""LOC"": ""Locative"", ""PROG"": ""Progressive"", ""INCH"": ""Inchoative"", ""HAB"": ""Habitual"", ""NFUT"": ""Non-future"", ""PL"": ""Plural"", ""EX"": ""Exclusive"", ""NR"": ""Nominalizer"", ""ALL"": ""Allative"", ""TAM"": ""Polysemous TAM marker"", ""VS"": ""Variable-subject converb"", ""PURP"": ""Purposive"", ""PRFL"": ""Reflexive possessive""}"
even1260a-B11-30,emniɟur nan oktjabrla poka giakiŋʨaŋgaβur kimedɟoːttu.,em-niɟur	nan	oktjabr-la	poka	giaki-ŋ-ʨaŋ-ga-βur	kime-d-ɟoːt-t-u,come-SS.ANT.PL	and	October.R-LOC	while.R	various-POSS-DIM.PSD-DEST-PRFL.PL	prepare-PROG-HAB-NFUT-1PL.EX,"Having come, in October we prepare various little things for ourselves.",B11,30,even1260,even1260a,WORD_ALIGNED,"{""SS"": ""Same-subject converb"", ""ANT"": ""Anterior (converb)"", ""PL"": ""Plural"", ""LOC"": ""Locative"", ""POSS"": ""Non-canonical possession"", ""DIM"": ""Diminutive "", ""PSD"": ""Possessed"", ""DEST"": ""Destinative"", ""PRFL"": ""Reflexive possessive"", ""PROG"": ""Progressive"", ""HAB"": ""Habitual"", ""NFUT"": ""Non-future"", ""EX"": ""Exclusive""}"
even1260a-B11-31,"tar nan nojabr oːdakan, boloni oːdakan, tar nan gobdiɟilloːttu, egepu bejʨiɟilloːttu.",tar	nan	nojabr	oː-daka-n	boloni	oː-daka-n	tar	nan	gobdi-ɟi-l-loːt-t-u	egep-u	bejʨi-ɟi-l-loːt-t-u,DP	and	November.R	become-DS.COND-3SG	late.autumn	become-DS.COND-3SG	DP	and	hunt-PROG-INCH-HAB-NFUT-1PL.EX	sable-ACC	catch-PROG-INCH-HAB-NFUT-1PL.EX,"When November comes, when the late autumn comes, we begin to hunt, to trap sables.",B11,31,even1260,even1260a,WORD_ALIGNED,"{""DP"": ""Discourse particle"", ""DS"": ""Different-subject converb"", ""COND"": ""Conditional-Temporal (converb)"", ""SG"": ""Singular"", ""PROG"": ""Progressive"", ""INCH"": ""Inchoative"", ""HAB"": ""Habitual"", ""NFUT"": ""Non-future"", ""PL"": ""Plural"", ""EX"": ""Exclusive"", ""ACC"": ""Accusative""}"
even1260a-B11-32,"tar giakiβ, iaβka buːrin.",tar	giaki-β	ia-β=ka	buː-ri-n,DP	various-ACC	what-ACC=FOC	give-PST-3SG,"Different animals, whatever they gave us.'\footnote{The number of different animals that can be hunted every year is regulated by the State Commercial Agency; ``whatever they gave us'' refers to the number and type of animals permitted for that year.",B11,32,even1260,even1260a,WORD_ALIGNED,"{""DP"": ""Discourse particle"", ""ACC"": ""Accusative"", ""FOC"": ""Focus"", ""PST"": ""Past"", ""SG"": ""Singular""}"
even1260a-B11-33,Novyj God oːdakan tar Essotki kimeɟilloːttu.,{novyj\_god}	oː-daka-n	tar	Esso-tki	kime-ɟi-l-loːt-t-u,New.Year.R	become-DS.COND-3SG	DP	TOPO-ALL	prepare-PROG-INCH-HAB-NFUT-1PL.EX,"When New Year comes, we begin to prepare (to go) to Esso.",B11,33,even1260,even1260a,WORD_ALIGNED,"{""DS"": ""Different-subject converb"", ""COND"": ""Conditional-Temporal (converb)"", ""SG"": ""Singular"", ""DP"": ""Discourse particle"", ""TOPO"": ""Toponym"", ""ALL"": ""Allative"", ""PROG"": ""Progressive"", ""INCH"": ""Inchoative"", ""HAB"": ""Habitual"", ""NFUT"": ""Non-future"", ""PL"": ""Plural"", ""EX"": ""Exclusive""}"
even1260a-B11-34,"uŋur, pušninaŋur uŋteki gospromxozteki ŋenuβeːttu.",uŋ-ur	pušnina-ŋ-ur	uŋ-teki	gospromxoz-teki	ŋen-u-βeːt-t-u,FLR-PRFL.PL	furs.R-POSS-PRFL.PL	FLR-ALL	State.Commercial.Agency.R-ALL	go(GNRC)-VAL-HAB-NFUT-1PL.EX,We deliver our furs to the State Commercial Agency.,B11,34,even1260,even1260a,WORD_ALIGNED,"{""FLR"": ""Filler"", ""PRFL"": ""Reflexive possessive"", ""PL"": ""Plural"", ""POSS"": ""Non-canonical possession"", ""ALL"": ""Allative"", ""GNRC"": ""Generic"", ""VAL"": ""Valency-change"", ""HAB"": ""Habitual"", ""NFUT"": ""Non-future"", ""EX"": ""Exclusive""}"
even1260a-B11-35,"tar posle novogo goda nanda tar emesnoːttu, tar uliʨam giakiβ tar bejʨideβur.",tar	posle	novogo	goda	nan=da	tar	eme-s-noːt-t-u	tar	uliʨa-m	giaki-β	tar	bejʨi-de-βur,DP	after.R	new.GEN.R	year.GEN.R	and=ADD	DP	come-TAM1-HAB-NFUT-1PL.EX	DP	fox-ACC	various-ACC	DP	catch-VS.PURP-PRFL.PL,Then after New Year we again come to trap foxes and such.,B11,35,even1260,even1260a,WORD_ALIGNED,"{""DP"": ""Discourse particle"", ""GEN"": ""Genitive"", ""ADD"": ""Additive"", ""TAM"": ""Polysemous TAM marker"", ""HAB"": ""Habitual"", ""NFUT"": ""Non-future"", ""PL"": ""Plural"", ""EX"": ""Exclusive"", ""ACC"": ""Accusative"", ""VS"": ""Variable-subject converb"", ""PURP"": ""Purposive"", ""PRFL"": ""Reflexive possessive""}"
even1260a-B11-36,taduk nan tar fevral mudakaptakan tar oddasi gobɟeriβur.,ta-duk	nan	tar	fevral	mudaka-p-taka-n	tar	od-da=si	gobɟe-ri-βur,DIST-ABL	and	DP	February.R	to.finish[TR]-MED-DS.COND-3SG	DP	stop-NFUT=CONTR	hunt-PRS.PTCP-PRFL.PL,"Then when February is over, (people) stop hunting.",B11,36,even1260,even1260a,WORD_ALIGNED,"{""DIST"": ""Distal demonstrative"", ""ABL"": ""Ablative"", ""DP"": ""Discourse particle"", ""TR"": ""Transitive"", ""MED"": ""Mediopassive"", ""DS"": ""Different-subject converb"", ""COND"": ""Conditional-Temporal (converb)"", ""SG"": ""Singular"", ""NFUT"": ""Non-future"", ""CONTR"": ""Contrastive"", ""PRS"": ""Present"", ""PTCP"": ""Participle"", ""PRFL"": ""Reflexive possessive"", ""PL"": ""Plural""}"
even1260a-B11-37,emniɟur nanda pušninaŋur sdavajeddu.,em-niɟur	nan=da	pušnina-ŋ-ur	sdavaje-d-d-u,come-SS.ANT.PL	and=ADD	furs.R-POSS-PRFL.PL	deliver.R-PROG-NFUT-1PL.EX,"When we come back, we again deliver our furs.",B11,37,even1260,even1260a,WORD_ALIGNED,"{""SS"": ""Same-subject converb"", ""ANT"": ""Anterior (converb)"", ""PL"": ""Plural"", ""ADD"": ""Additive"", ""POSS"": ""Non-canonical possession"", ""PRFL"": ""Reflexive possessive"", ""PROG"": ""Progressive"", ""NFUT"": ""Non-future"", ""EX"": ""Exclusive""}"
even1260a-B11-38,"nan ɟugani oːdakan nanda rybelketkida, ŋiːde ɟuːβ oːʨiɟillan.",nan	ɟugani	oː-daka-n	nan=da	rybelke-tki=da	ŋiː=de	ɟuː-β	oː-ʨi-ɟi-l-la-n,and	summer	become-DS.COND-3SG	and=ADD	fishing.camp.R-ALL=ADD	who=ADD	house-ACC	make-TAM2-PROG-INCH-NFUT-3SG,"When summer comes, again to the fishing camp, somebody begins to build a house.",B11,38,even1260,even1260a,WORD_ALIGNED,"{""DS"": ""Different-subject converb"", ""COND"": ""Conditional-Temporal (converb)"", ""SG"": ""Singular"", ""ADD"": ""Additive"", ""ALL"": ""Allative"", ""ACC"": ""Accusative"", ""TAM"": ""Polysemous TAM marker"", ""PROG"": ""Progressive"", ""INCH"": ""Inchoative"", ""NFUT"": ""Non-future""}"
even1260a-B11-39,"aːnda teβteβ, deβenŋitu giakiβ ʨakaʨiɟilla.",aːn=da	teβte-β	deβenŋit-u	giaki-β	ʨaka-ʨi-ɟi-l-la,some=ADD	berries-ACC	mushroom-ACC	various-ACC	gather[TR]-TAM2-PROG-INCH-NFUT,"Then some (people) begin to gather berries, various mushrooms.",B11,39,even1260,even1260a,WORD_ALIGNED,"{""ADD"": ""Additive"", ""ACC"": ""Accusative"", ""TR"": ""Transitive"", ""TAM"": ""Polysemous TAM marker"", ""PROG"": ""Progressive"", ""INCH"": ""Inchoative"", ""NFUT"": ""Non-future""}"
even1260a-B11-40,a biː ɟuːlbu oːʨidɟoːttam.,a	biː	ɟuː-l-bu	oː-ʨi-d-ɟoːt-ta-m,ADVRS.CONJ.R	1SG	house-PL-ACC	make-TAM2-PROG-HAB-NFUT-1SG,And I begin to build houses.,B11,40,even1260,even1260a,WORD_ALIGNED,"{""ADVRS"": ""Adversative"", ""CONJ"": ""Conjunction"", ""SG"": ""Singular"", ""PL"": ""Plural"", ""ACC"": ""Accusative"", ""TAM"": ""Polysemous TAM marker"", ""PROG"": ""Progressive"", ""HAB"": ""Habitual"", ""NFUT"": ""Non-future""}"
even1260a-B11-41,"tar nan, giaki tar noŋkikakam uliːŋeβur ŋinʨardur.",tar	nan	giaki	tar	noŋki-kaka-m	uliː-n-ge-βur	ŋin-ʨa-r-dur,DP	and	various	DP	silver.salmon-DIM.INDEF-ACC	feed-NR-DEST-PRFL.PL	dog-DIM.PSD-PL-DAT.PRFL.PL,"And then various (things), (we catch) silver salmon as food for our dogs.",B11,41,even1260,even1260a,WORD_ALIGNED,"{""DP"": ""Discourse particle"", ""DIM"": ""Diminutive "", ""INDEF"": ""Indefinite"", ""ACC"": ""Accusative"", ""NR"": ""Nominalizer"", ""DEST"": ""Destinative"", ""PRFL"": ""Reflexive possessive"", ""PL"": ""Plural"", ""PSD"": ""Possessed"", ""DAT"": ""Dative""}"
even1260a-B11-42,"tarakam ŋinʨarbun bisiten, turkiβun, nartovyj.",tarakam	ŋin-ʨa-r-bun	bi-si-ten	turki-βun	nartovyj,at.that.time	dog-DIM.PSD-PL-PX.1PL.EX	be-PST-3PL	sled-PX.1PL.EX	sled.R,"At that time we had dogs, sled dogs.",B11,42,even1260,even1260a,WORD_ALIGNED,"{""DIM"": ""Diminutive "", ""PSD"": ""Possessed"", ""PL"": ""Plural"", ""PX"": ""Possessive suffix"", ""EX"": ""Exclusive"", ""PST"": ""Past""}"
even1260a-B11-43,taralɟida ŋindasʨidɟoːttu.,tara-l-ɟi=da	ŋin-da-sʨi-d-ɟoːt-t-u,DIST-PL-INS.PRFL.SG=ADD	dog-VR(TRANSPORT)-ATTN-PROG-HAB-NFUT-1PL.EX,We traveled using them.,B11,43,even1260,even1260a,WORD_ALIGNED,"{""DIST"": ""Distal demonstrative"", ""PL"": ""Plural"", ""INS"": ""Instrumental"", ""PRFL"": ""Reflexive possessive"", ""SG"": ""Singular"", ""ADD"": ""Additive"", ""VR"": ""Verbalizer"", ""ATTN"": ""Attenuative"", ""PROG"": ""Progressive"", ""HAB"": ""Habitual"", ""NFUT"": ""Non-future"", ""EX"": ""Exclusive""}"
even1260a-B11-44,eβgilegel burangaji uniriβu.,eβgile=gel	buran-ga-ji	uni-ri-βu,closer.in.time=CONTR	snowmobile.R-DEST-PRFL.SG	to.trade-PST-1SG,A little bit later I bought myself a snowmobile.,B11,44,even1260,even1260a,WORD_ALIGNED,"{""CONTR"": ""Contrastive"", ""DEST"": ""Destinative"", ""PRFL"": ""Reflexive possessive"", ""SG"": ""Singular"", ""PST"": ""Past""}"
even1260a-B11-45,tarit nan turkidakaʨilliβu.,tari-t	nan	turki-da-kaʨi-l-li-βu,DIST-INS	and	sled-VR(TRANSPORT)-MULT-INCH-PST-1SG,So I began to travel using that.,B11,45,even1260,even1260a,WORD_ALIGNED,"{""DIST"": ""Distal demonstrative"", ""INS"": ""Instrumental"", ""VR"": ""Verbalizer"", ""MULT"": ""Multiplicative"", ""INCH"": ""Inchoative"", ""PST"": ""Past"", ""SG"": ""Singular""}"
even1260a-B11-46,tuːreŋutitte egɟeneː umekiʨeː.,tuːre-ŋ-u=tit=te	egɟen=eː	umekiʨ=eː,land-POSS-PX.1SG=EMPH=ADD	big=EMPH	very=EMPH,My land is very big.,B11,46,even1260,even1260a,WORD_ALIGNED,"{""POSS"": ""Non-canonical possession"", ""PX"": ""Possessive suffix"", ""SG"": ""Singular"", ""EMPH"": ""Emphatic"", ""ADD"": ""Additive""}"
even1260a-B11-47,aːdunda za den esem uŋŋoːtte uspelloːtte turkidadaj.,aːdun=da	za	den	e-se-m	uŋ-ŋoːt-te	uspel-loːt-te	turki-da-da-j,sometimes=ADD	for.R	day.R	NEG-NFUT-1SG	FLR-HAB-NEG.CVB	manage.PST.M.R-HAB-NEG.CVB	sled-VR(TRANSPORT)-VS.PURP-PRFL.SG,Sometimes I do not manage to go (all the way) in one day.,B11,47,even1260,even1260a,WORD_ALIGNED,"{""ADD"": ""Additive"", ""NEG"": ""Negative; by itself: Negative auxiliary"", ""NFUT"": ""Non-future"", ""SG"": ""Singular"", ""FLR"": ""Filler"", ""HAB"": ""Habitual"", ""CVB"": ""Converb"", ""PST"": ""Past"", ""VR"": ""Verbalizer"", ""VS"": ""Variable-subject converb"", ""PURP"": ""Purposive"", ""PRFL"": ""Reflexive possessive""}"
even1260a-B11-48,"prixoditsja umem ineŋu izbuškagidatki, tar urekʨen atlan ɟuːʨamu bisni.",prixoditsja	ume-m	ineŋ-u	izbuška-gida-tki	tar	urekʨen	at-la-n	ɟuː-ʨam-u	bi-s-ni,have.to.R	one-ACC	day-ACC	hut.R-SIDE-ALL	DP	hill	base-LOC-PX.3SG	house-DIM.PSD-PX.1SG	be-NFUT-3SG,"I need one day to go to my hut, I have a small house there at the bottom of the hill.",B11,48,even1260,even1260a,WORD_ALIGNED,"{""ACC"": ""Accusative"", ""ALL"": ""Allative"", ""DP"": ""Discourse particle"", ""LOC"": ""Locative"", ""PX"": ""Possessive suffix"", ""SG"": ""Singular"", ""DIM"": ""Diminutive "", ""PSD"": ""Possessed"", ""NFUT"": ""Non-future""}"
even1260a-B11-49,a giaβ ineŋu ejeki.,a	gia-β	ineŋ-u	ejeki,ADVRS.CONJ.R	other-ACC	day-ACC	downriver,And downriver the next day.,B11,49,even1260,even1260a,WORD_ALIGNED,"{""ADVRS"": ""Adversative"", ""CONJ"": ""Conjunction"", ""ACC"": ""Accusative""}"
even1260a-B11-50,kapkarbu oːja tuluttin.,kapka-r-bu	oːja	tul-u-t-ti-n,trap.R-PL-PX.1SG	many	set[TR]-VAL-TAM2-PST-3SG,I set many traps.' (lit. `A lot of my traps are set.',B11,50,even1260,even1260a,WORD_ALIGNED,"{""PL"": ""Plural"", ""PX"": ""Possessive suffix"", ""SG"": ""Singular"", ""TR"": ""Transitive"", ""VAL"": ""Valency-change"", ""TAM"": ""Polysemous TAM marker"", ""PST"": ""Past""}"
even1260a-B11-51,taʨintakan ereger.,taʨin=takan	ereger,DIST.QUAL=RESTR	always,Always like that.,B11,51,even1260,even1260a,WORD_ALIGNED,"{""DIST"": ""Distal demonstrative"", ""QUAL"": ""Qualitative"", ""RESTR"": ""Restrictive""}"
even1260a-B11-52,"ere tiːk ɟugani tiːk amnak Essotki urɟiru, nanda.",ere	tiːk	ɟugani	tiːk	amnak	Esso-tki	ur-ɟi-ru	nan=da,DP	now	summer	now	soon	TOPO-ALL	go(UNIDIR)-FUT-1PL.EX	and=ADD,"So, now in summer, now we will go to Esso soon, again.",B11,52,even1260,even1260a,WORD_ALIGNED,"{""DP"": ""Discourse particle"", ""TOPO"": ""Toponym"", ""ALL"": ""Allative"", ""UNIDIR"": ""Unidirectional"", ""FUT"": ""Future"", ""PL"": ""Plural"", ""EX"": ""Exclusive"", ""ADD"": ""Additive""}"
even1260a-B11-53,unet emniɟur nan rybekeɟilɟiru.,unet	em-niɟur	nan	rybeke-ɟi-l-ɟi-ru,still	come-SS.ANT.PL	and	fisherman.R-PROG-INCH-FUT-1PL.EX,"Then when we come back, we will begin fishing.",B11,53,even1260,even1260a,WORD_ALIGNED,"{""SS"": ""Same-subject converb"", ""ANT"": ""Anterior (converb)"", ""PL"": ""Plural"", ""PROG"": ""Progressive"", ""INCH"": ""Inchoative"", ""FUT"": ""Future"", ""EX"": ""Exclusive""}"
even1260a-B11-54,ollaŋgaβur bejʨiɟilɟiru.,olla-ŋ-ga-βur	bejʨi-ɟi-l-ɟi-ru,fish-POSS-DEST-PRFL.PL	catch-PROG-INCH-FUT-1PL.EX,We will start to catch fish for ourselves.,B11,54,even1260,even1260a,WORD_ALIGNED,"{""POSS"": ""Non-canonical possession"", ""DEST"": ""Destinative"", ""PRFL"": ""Reflexive possessive"", ""PL"": ""Plural"", ""PROG"": ""Progressive"", ""INCH"": ""Inchoative"", ""FUT"": ""Future"", ""EX"": ""Exclusive""}"
even1260a-B11-55,biː elgetkel taʨin onnimalliɟitkan elgeʨisnoːttem.,biː	elge-t=kel	taʨin	onni-mal-liɟi=tkan	elge-ʨi-s-noːt-te-m,1SG	pole.hook-INS=CONTR	DIST.QUAL	be.bored-EMPH.DES-SS.ANT.SG=RESTR	to.fish(pole)-TAM2-TAM1-HAB-NFUT-1SG,I fish a bit with a pole hook only when I'm bored.'\footnote{A pole hook is a big hook at the end of a long pole with which the salmonids are fished out of the water (see \figref{fig:photoElge}).,B11,55,even1260,even1260a,WORD_ALIGNED,"{""SG"": ""Singular"", ""INS"": ""Instrumental"", ""CONTR"": ""Contrastive"", ""DIST"": ""Distal demonstrative"", ""QUAL"": ""Qualitative"", ""EMPH"": ""Emphatic"", ""DES"": ""Desiderative"", ""SS"": ""Same-subject converb"", ""ANT"": ""Anterior (converb)"", ""RESTR"": ""Restrictive"", ""TAM"": ""Polysemous TAM marker"", ""HAB"": ""Habitual"", ""NFUT"": ""Non-future""}"
even1260a-B11-56,taduk taʨingelda biː katepkaji tulutʨoːttem.,ta-duk	taʨin=gel=da	biː	katep-ka-ji	tul-u-t-ʨoːt-te-m,DIST-ABL	DIST.QUAL=CONTR=ADD	1SG	fish.trap-DEST-PRFL.SG	set[TR]-VAL-TAM2-HAB-NFUT-1SG,Usually I keep my fish trap set.,B11,56,even1260,even1260a,WORD_ALIGNED,"{""DIST"": ""Distal demonstrative"", ""ABL"": ""Ablative"", ""QUAL"": ""Qualitative"", ""CONTR"": ""Contrastive"", ""ADD"": ""Additive"", ""SG"": ""Singular"", ""DEST"": ""Destinative"", ""PRFL"": ""Reflexive possessive"", ""TR"": ""Transitive"", ""VAL"": ""Valency-change"", ""TAM"": ""Polysemous TAM marker"", ""HAB"": ""Habitual"", ""NFUT"": ""Non-future""}"
even1260a-B11-57,katepu tulloːttem.,katep-u	tul-loːt-te-m,fish.trap-ACC	set[TR]-HAB-NFUT-1SG,I set a fish trap.,B11,57,even1260,even1260a,WORD_ALIGNED,"{""ACC"": ""Accusative"", ""TR"": ""Transitive"", ""HAB"": ""Habitual"", ""NFUT"": ""Non-future"", ""SG"": ""Singular""}"
even1260a-B11-58,"katepu ijunju, ijulu, avgustaβ tuluttem.",katep-u	ijunj-u	ijul-u	avgusta-β	tul-u-t-te-m,fish.trap-ACC	June.R-ACC	July.R-ACC	August.R-ACC	set[TR]-VAL-TAM2-NFUT-1SG,"I keep my fish trap set during June, July and August.",B11,58,even1260,even1260a,WORD_ALIGNED,"{""ACC"": ""Accusative"", ""TR"": ""Transitive"", ""VAL"": ""Valency-change"", ""TAM"": ""Polysemous TAM marker"", ""NFUT"": ""Non-future"", ""SG"": ""Singular""}"
even1260a-B11-59,ɟuːrbe uŋu atkikam tulutʨoːttem.,ɟuːr-be	uŋ-u	atkika-m	tul-u-t-ʨoːt-te-m,two-ACC	FLR-ACC	month-ACC	set[TR]-VAL-TAM2-HAB-NFUT-1SG,I keep them set for two months.,B11,59,even1260,even1260a,WORD_ALIGNED,"{""ACC"": ""Accusative"", ""FLR"": ""Filler"", ""TR"": ""Transitive"", ""VAL"": ""Valency-change"", ""TAM"": ""Polysemous TAM marker"", ""HAB"": ""Habitual"", ""NFUT"": ""Non-future"", ""SG"": ""Singular""}"
even1260a-B11-60,tadukkal nan atalloːttamasi.,ta-duk=kal	nan	atal-loːt-ta-ma=si,DIST-ABL=CONTR	and	take.off-HAB-NFUT-1SG=CONTR,And then I take it down.,B11,60,even1260,even1260a,WORD_ALIGNED,"{""DIST"": ""Distal demonstrative"", ""ABL"": ""Ablative"", ""CONTR"": ""Contrastive"", ""HAB"": ""Habitual"", ""NFUT"": ""Non-future"", ""SG"": ""Singular""}"
even1260a-B11-61,"nan tar sentjabrlagel, montelse oːdakan, okaːtu aːŋaβaːttam, uŋden, iːntelden, olla uŋtekijeː gaːdaɟaktakijeː",nan	tar	sentjabr-la=gel	montelse	oː-daka-n	okaːt-u	aːŋa-βaːt-ta-m	uŋ-de-n	iːntel-de-n	olla	uŋ-teki-j=eː	gaːda-ɟak-taki-j=eː,and	DP	September.R-LOC=CONTR	early.autumn	become-DS.COND-3SG	river-ACC	open-HAB-NFUT-1SG	FLR-VS.PURP-3SG	pass-VS.PURP-3SG	fish	FLR-ALL-PRFL.SG=EMPH	spawn-NR-ALL-PRFL.SG=EMPH,"Well then in September, in the early autumn, I open the river to let fish pass to the spawning area.",B11,61,even1260,even1260a,WORD_ALIGNED,"{""DP"": ""Discourse particle"", ""LOC"": ""Locative"", ""CONTR"": ""Contrastive"", ""DS"": ""Different-subject converb"", ""COND"": ""Conditional-Temporal (converb)"", ""SG"": ""Singular"", ""ACC"": ""Accusative"", ""HAB"": ""Habitual"", ""NFUT"": ""Non-future"", ""FLR"": ""Filler"", ""VS"": ""Variable-subject converb"", ""PURP"": ""Purposive"", ""ALL"": ""Allative"", ""PRFL"": ""Reflexive possessive"", ""EMPH"": ""Emphatic"", ""NR"": ""Nominalizer""}"
even1260a-B11-62,taduk adalitta adalʨiβaːttam.,ta-duk	adali-t=ta	adal-ʨi-βaːt-ta-m,DIST-ABL	fishnet-INS=ADD	fishnet-VR-HAB-NFUT-1SG,Then I fish with a fish net.,B11,62,even1260,even1260a,WORD_ALIGNED,"{""DIST"": ""Distal demonstrative"", ""ABL"": ""Ablative"", ""INS"": ""Instrumental"", ""ADD"": ""Additive"", ""VR"": ""Verbalizer"", ""HAB"": ""Habitual"", ""NFUT"": ""Non-future"", ""SG"": ""Singular""}"
even1260a-B11-63,"tadukkel nan atallusi oktjabr oːdakan, noŋkikakam tar bejʨisnem.",ta-duk=kel	nan	atal-l-u=si	oktjabr	oː-daka-n	noŋki-kaka-m	tar	bejʨi-s-ne-m,DIST-ABL=CONTR	and	take.off-NFUT-1PL.EX=CONTR	October.R	become-DS.COND-3SG	silver.salmon-DIM.INDEF-ACC	DP	catch-TAM1-NFUT-1SG,"Then we take (the net) off when October comes, I catch a bit of silver salmon.",B11,63,even1260,even1260a,WORD_ALIGNED,"{""DIST"": ""Distal demonstrative"", ""ABL"": ""Ablative"", ""CONTR"": ""Contrastive"", ""NFUT"": ""Non-future"", ""PL"": ""Plural"", ""EX"": ""Exclusive"", ""DS"": ""Different-subject converb"", ""COND"": ""Conditional-Temporal (converb)"", ""SG"": ""Singular"", ""DIM"": ""Diminutive "", ""INDEF"": ""Indefinite"", ""ACC"": ""Accusative"", ""DP"": ""Discourse particle"", ""TAM"": ""Polysemous TAM marker""}"
even1260a-B11-64,tadukkel nan er tugeni oːdnisi nan.,ta-duk=kel	nan	er	tugeni	oː-d-ni=si	nan,DIST-ABL=CONTR	and	DP	winter	become-NFUT-3SG=CONTR	and,And then winter begins again.,B11,64,even1260,even1260a,WORD_ALIGNED,"{""DIST"": ""Distal demonstrative"", ""ABL"": ""Ablative"", ""CONTR"": ""Contrastive"", ""DP"": ""Discourse particle"", ""NFUT"": ""Non-future"", ""SG"": ""Singular""}"
even1260a-B11-65,"ʨas, tika.",ʨas	tika,DP	enough,"Well, that's enough.",B11,65,even1260,even1260a,WORD_ALIGNED,"{""DP"": ""Discourse particle""}"
even1260a-B2-1,"min eɲtilbu bisiten oromŋal, ordula eregel gurgeːβʨir, eɲtilbu, ekmu akmu, tabiʨ, amaŋaβuda eɲiŋeβude, ʨeleɟur tala gurgeːβʨiriten.",min	eɲtil-bu	bi-si-ten	oro-mŋa-l	or-dula	eregel	gurgeːβʨi-r	eɲtil-bu	ekm-u	akm-u	tabiʨ	amaŋa-βu=da	eɲiŋe-βu=de	ʨele-ɟur	ta-la	gurgeːβʨi-ri-ten,1SG.OBL	parents-PX.1SG	be-PST-3PL	reindeer(domestic)-AGNR-PL	reindeer.herd-LOC	always	work-3PL	parents-PX.1SG	mother-PX.1SG	father-PX.1SG	and.then	grandfather-PX.1SG=ADD	grandmother-PX.1SG=ADD	all-INS.PRFL.PL	DIST-LOC	work-PST-3PL,"My parents were reindeer herders, they always worked in the herd, my parents, my mother, my father, also my grandfather and my grandmother, all worked there.'\footnote{Note that the Bystraja Even terms for grandfather and grandmother are polite vocative forms of the terms for father and mother in other Even dialects (\cite[104-105, 123]{Lavrillier:2024et}).",B2,1,even1260,even1260a,WORD_ALIGNED,"{""SG"": ""Singular"", ""OBL"": ""Oblique"", ""PX"": ""Possessive suffix"", ""PST"": ""Past"", ""PL"": ""Plural"", ""AGNR"": ""Agent nominalizer"", ""LOC"": ""Locative"", ""ADD"": ""Additive"", ""INS"": ""Instrumental"", ""PRFL"": ""Reflexive possessive"", ""DIST"": ""Distal demonstrative""}"
even1260a-B2-2,"nan biː tarakam unet eʨiβu taŋna školala, nan školaβ aːŋarakatan taŋnariβun.",nan	biː	tarakam	unet	e-ʨi-βu	taŋ-na	škola-la	nan	škola-β	aːŋa-raka-tan	taŋ-na-ri-βun,and	1SG	at.that.time	still	NEG-PST-1SG	read-NEG.CVB	school.R-LOC	and	school.R-ACC	open-DS.COND-3PL	read-AM-PST-1PL.EX,"At that time I didn't yet go to school (lit. `didn't read in school'), and when they opened the school we went to study.",B2,2,even1260,even1260a,WORD_ALIGNED,"{""SG"": ""Singular"", ""NEG"": ""Negative; by itself: Negative auxiliary"", ""PST"": ""Past"", ""CVB"": ""Converb"", ""LOC"": ""Locative"", ""ACC"": ""Accusative"", ""DS"": ""Different-subject converb"", ""COND"": ""Conditional-Temporal (converb)"", ""PL"": ""Plural"", ""AM"": ""Associated Motion"", ""EX"": ""Exclusive""}"
even1260a-B2-3,"ɟuːrɟulek anŋanu oːdakan gurgeːβʨilliβu kolxozla, eɲtilbi belliβu, eregelte gurgeːβʨiriβu.",ɟuːr\_ɟulek	anŋan-u	oː-daka-n	gurgeːβʨi-l-li-βu	kolxoz-la	eɲtil-bi	bel-li-βu	eregel=te	gurgeːβʨi-ri-βu,two_in.addition	year-PX.1SG	become-DS.COND-3SG	work-INCH-PST-1SG	collective.farm.R-LOC	parents-PRFL.SG	help-PST-1SG	always=PTL	work-PST-1SG,"When I turned twelve I started to work in the collective farm, I helped my parents, I always worked.",B2,3,even1260,even1260a,WORD_ALIGNED,"{""PX"": ""Possessive suffix"", ""SG"": ""Singular"", ""DS"": ""Different-subject converb"", ""COND"": ""Conditional-Temporal (converb)"", ""INCH"": ""Inchoative"", ""PST"": ""Past"", ""LOC"": ""Locative"", ""PRFL"": ""Reflexive possessive"", ""PTL"": ""Particle""}"
even1260a-B2-4,"teːmi aːmalkariβu gurgeːβʨideji, ʨeleβente gurgeːβ aːram.",teːmi	aːmalka-ri-βu	gurgeːβʨi-de-ji	ʨele-βe-n=te	gurgeː-β	aː-ra-m,therefore	learn[COMPL]-PST-1SG	work-VS.PURP-PRFL.SG	all-ACC-PX.3SG=PTL	work-ACC	know-NFUT-1SG,"Therefore I learned how to work, I know all (kinds of) work.",B2,4,even1260,even1260a,WORD_ALIGNED,"{""COMPL"": ""Completive"", ""PST"": ""Past"", ""SG"": ""Singular"", ""VS"": ""Variable-subject converb"", ""PURP"": ""Purposive"", ""PRFL"": ""Reflexive possessive"", ""ACC"": ""Accusative"", ""PX"": ""Possessive suffix"", ""PTL"": ""Particle"", ""NFUT"": ""Non-future""}"
even1260a-B2-5,"rybelkele eregel bisiβu eɲtilnumi, belliβu ʨelelente gurgele.",rybelke-le	eregel	bi-si-βu	eɲtil-num-i	bel-li-βu	ʨele-le-n=te	gurge-le,fishing.camp.R-LOC	always	be-PST-1SG	parents-COM1-PRFL.SG	help-PST-1SG	all-LOC-PX.3SG=PTL	work-LOC,"And I was always in the fishing camp with my parents, I helped in all the work.",B2,5,even1260,even1260a,WORD_ALIGNED,"{""LOC"": ""Locative"", ""PST"": ""Past"", ""SG"": ""Singular"", ""COM"": ""Comitative"", ""PRFL"": ""Reflexive possessive"", ""PX"": ""Possessive suffix"", ""PTL"": ""Particle""}"
even1260a-B2-6,tabaʨisi ordusi eregel aknumi kusʨiriβu orolbe.,tabaʨi=si	or-du=si	eregel	ak-num-i	kusʨi-ri-βu	oro-l-be,and.then=CONTR	reindeer.herd-DAT.ESS=CONTR	always	father-COM1-PRFL.SG	herd.reindeer(day)-PST-1SG	reindeer(domestic)-PL-ACC,And in the herd I always herded reindeer with my father.,B2,6,even1260,even1260a,WORD_ALIGNED,"{""CONTR"": ""Contrastive"", ""DAT"": ""Dative"", ""ESS"": ""Essive"", ""COM"": ""Comitative"", ""PRFL"": ""Reflexive possessive"", ""SG"": ""Singular"", ""PST"": ""Past"", ""PL"": ""Plural"", ""ACC"": ""Accusative""}"
even1260a-B2-7,"eregel kusʨiriβu, mindu aj bisin beldeku uŋe ordu.",eregel	kusʨi-ri-βu	min-du	aj	bi-si-n	bel-de-ku	uŋe	or-du,always	herd.reindeer(day)-PST-1SG	1SG.OBL-DAT.ESS	good	be-PST-3SG	help-VS.PURP-1SG	FLR	reindeer.herd-DAT.ESS,"I always herded, I liked (lit. `it was good to me') to help in the herd.",B2,7,even1260,even1260a,WORD_ALIGNED,"{""PST"": ""Past"", ""SG"": ""Singular"", ""OBL"": ""Oblique"", ""DAT"": ""Dative"", ""ESS"": ""Essive"", ""VS"": ""Variable-subject converb"", ""PURP"": ""Purposive"", ""FLR"": ""Filler""}"
even1260a-B2-8,ʨeleβen orolbe asukut aːmalkariβu.,ʨele-βe-n	oro-l-be	asukut	aːmalka-ri-βu,all-ACC-PX.3SG	reindeer(domestic)-PL-ACC	almost	learn[COMPL]-PST-1SG,I knew nearly all the reindeer.,B2,8,even1260,even1260a,WORD_ALIGNED,"{""ACC"": ""Accusative"", ""PX"": ""Possessive suffix"", ""SG"": ""Singular"", ""PL"": ""Plural"", ""COMPL"": ""Completive"", ""PST"": ""Past""}"
even1260a-B2-9,"nonon turkuttiβu nan aːmalkariβu, každyj orom, gerbeβutende.",nonon	turku-t-ti-βu	nan	aːmalka-ri-βu	každyj	oro-m	gerbe-βu-ten=de,beginning	not.be.able-TAM2-PST-1SG	and	learn[COMPL]-PST-1SG	every.R	reindeer(domestic)-ACC	name-ACC-PX.3PL=ADD,"At first I wasn't able to, but then I learned each reindeer and their names.",B2,9,even1260,even1260a,WORD_ALIGNED,"{""TAM"": ""Polysemous TAM marker"", ""PST"": ""Past"", ""SG"": ""Singular"", ""COMPL"": ""Completive"", ""ACC"": ""Accusative"", ""PX"": ""Possessive suffix"", ""PL"": ""Plural"", ""ADD"": ""Additive""}"
even1260a-B2-10,"i oroldi irroːʨimke oŋkaβaːtta, iak orotu ɲoːʨeβ irroːʨim, ʨeleβen aːmalkariβu.",i	oro-l-di	irroːʨi-m=ke	oŋka-βaːt-ta	iak	orot-u	ɲoːʨe-β	irroːʨi-m	ʨele-βe-n	aːmalka-ri-βu,and.R	reindeer(domestic)-PL-DAT.PRFL.SG	which.QUAL-ACC=FOC	graze-HAB-NFUT	what	herbs-ACC	flower-ACC	which.QUAL-ACC	all-ACC-PX.3SG	learn[COMPL]-PST-1SG,"And for my reindeer, which grass they eat, which flowers, all I learned.",B2,10,even1260,even1260a,WORD_ALIGNED,"{""PL"": ""Plural"", ""DAT"": ""Dative"", ""PRFL"": ""Reflexive possessive"", ""SG"": ""Singular"", ""QUAL"": ""Qualitative"", ""ACC"": ""Accusative"", ""FOC"": ""Focus"", ""HAB"": ""Habitual"", ""NFUT"": ""Non-future"", ""PX"": ""Possessive suffix"", ""COMPL"": ""Completive"", ""PST"": ""Past""}"
even1260a-B2-11,"kusʨideji ajmakan, tarma eʨiβu iaβʨir.",kusʨi-de-ji	aj=makan	tarma	e-ʨi-βu	iaβʨi-r,herd.reindeer(day)-VS.PURP-PRFL.SG	good=H.FOC	but	NEG-PST-1SG	herd.reindeer(night)-NEG.CVB,"Herding is good, but I didn't herd at night.",B2,11,even1260,even1260a,WORD_ALIGNED,"{""VS"": ""Variable-subject converb"", ""PURP"": ""Purposive"", ""PRFL"": ""Reflexive possessive"", ""SG"": ""Singular"", ""FOC"": ""Focus"", ""NEG"": ""Negative; by itself: Negative auxiliary"", ""PST"": ""Past"", ""CVB"": ""Converb""}"
even1260a-B2-12,agdiβutkan noːβu iaβʨirin aknumu.,agdiβ-u=tkan	noː-βu	iaβʨi-ri-n	ak-num-u,older.brother-PX.1SG=RESTR	younger.sib-PX.1SG	herd.reindeer(night)-PST-3SG	father-COM1-PX.1SG,My older and my younger brother herded at night with my father.,B2,12,even1260,even1260a,WORD_ALIGNED,"{""PX"": ""Possessive suffix"", ""SG"": ""Singular"", ""RESTR"": ""Restrictive"", ""PST"": ""Past"", ""COM"": ""Comitative""}"
even1260a-B2-13,tarakam abalta bisin.,tarakam	abal=ta	bi-si-n,at.that.time	few=PTL	be-PST-3SG,In those days there were very few (herders).,B2,13,even1260,even1260a,WORD_ALIGNED,"{""PTL"": ""Particle"", ""PST"": ""Past"", ""SG"": ""Singular""}"
even1260a-B2-14,"orbun oːja bisiten, a abalta...",or-bun	oːja	bi-si-ten	a	abal=ta,reindeer(domestic)-PX.1PL.EX	many	be-PST-3PL	ADVRS.CONJ.R	few=PTL,"We had a lot of reindeer, but there were very few (herders).",B2,14,even1260,even1260a,WORD_ALIGNED,"{""PX"": ""Possessive suffix"", ""PL"": ""Plural"", ""EX"": ""Exclusive"", ""PST"": ""Past"", ""ADVRS"": ""Adversative"", ""CONJ"": ""Conjunction"", ""PTL"": ""Particle""}"
even1260a-B2-15,"i akmu iaβʨirin, agdignumu dolba, a minnun ineŋŋon kusʨirin.",i	akm-u	iaβʨi-ri-n	agdig-num-u	dolba	a	min-nun	ineŋ-ŋo-n	kusʨi-ri-n,and.R	father-PX.1SG	herd.reindeer(night)-PST-3SG	older.brother-COM1-PX.1SG	night	ADVRS.CONJ.R	1SG.OBL-COM1	day-ACC-PX.3SG	herd.reindeer(day)-PST-3SG,"And my father herded at night with my oldest brother, and with me he herded all day.",B2,15,even1260,even1260a,WORD_ALIGNED,"{""PX"": ""Possessive suffix"", ""SG"": ""Singular"", ""PST"": ""Past"", ""COM"": ""Comitative"", ""ADVRS"": ""Adversative"", ""CONJ"": ""Conjunction"", ""OBL"": ""Oblique"", ""ACC"": ""Accusative""}"
even1260a-B2-16,ekmunesi ɟuːla bidɟoːtten.,ekm-une=si	ɟuː-la	bi-d-ɟoːt-te-n,mother-PX.1PL.EX=CONTR	house-LOC	be-PROG-HAB-NFUT-3SG,And our mother was in the house.,B2,16,even1260,even1260a,WORD_ALIGNED,"{""PX"": ""Possessive suffix"", ""PL"": ""Plural"", ""EX"": ""Exclusive"", ""CONTR"": ""Contrastive"", ""LOC"": ""Locative"", ""PROG"": ""Progressive"", ""HAB"": ""Habitual"", ""NFUT"": ""Non-future"", ""SG"": ""Singular""}"
even1260a-B2-17,"aŋaːnadɟoːttan oleːtedɟoːtten, ilkatadɟoːtten i umekken bidɟoːtten ɟuːla.",aŋaːna-d-ɟoːt-ta-n	oleː-te-d-ɟoːt-te-n	ilka-ta-d-ɟoːt-te-n	i	umekken	bi-d-ɟoːt-te-n	ɟuː-la,sew-PROG-HAB-NFUT-3SG	cook-TAM2-PROG-HAB-NFUT-3SG	wash(clothes)-TAM2-PROG-HAB-NFUT-3SG	and.R	alone	be-PROG-HAB-NFUT-3SG	house-LOC,"She sewed, cooked, washed (clothes), and was alone in the house.",B2,17,even1260,even1260a,WORD_ALIGNED,"{""PROG"": ""Progressive"", ""HAB"": ""Habitual"", ""NFUT"": ""Non-future"", ""SG"": ""Singular"", ""TAM"": ""Polysemous TAM marker"", ""LOC"": ""Locative""}"
even1260a-B2-18,ŋinʨarbun ɟuːr bisiten.,ŋin-ʨa-r-bun	ɟuːr	bi-si-ten,dog-DIM.PSD-PL-PX.1PL.EX	two	be-PST-3PL,We had two good dogs.,B2,18,even1260,even1260a,WORD_ALIGNED,"{""DIM"": ""Diminutive "", ""PSD"": ""Possessed"", ""PL"": ""Plural"", ""PX"": ""Possessive suffix"", ""EX"": ""Exclusive"", ""PST"": ""Past""}"
even1260a-B2-19,"ajil umekiʨ bisiten, iak uːʨakalbunda eʨilde ŋeːlle, ŋinalɟi.",aji-l	umekiʨ	bi-si-ten	iak	uːʨaka-l-bun=da	e-ʨi-l=de	ŋeːl-le	ŋina-l-ɟi,good-PL	very	be-PST-3PL	what	riding.reindeer-PL-PX.1PL.EX=ADD	NEG-PST-PL=ADD	be.afraid-NEG.CVB	dog-PL-INS,"They were very good, even our riding reindeer were not afraid of the dogs.",B2,19,even1260,even1260a,WORD_ALIGNED,"{""PL"": ""Plural"", ""PST"": ""Past"", ""PX"": ""Possessive suffix"", ""EX"": ""Exclusive"", ""ADD"": ""Additive"", ""NEG"": ""Negative; by itself: Negative auxiliary"", ""CVB"": ""Converb"", ""INS"": ""Instrumental""}"
even1260a-B2-20,"tarakamasi uːʨakalbun eʨildetitte ŋinatta ŋeːlle, tarma bujla tuttoːtten ŋeːluki, oːjeː ŋeːluki bisine.",tarakama=si	uːʨaka-l-bun	e-ʨi-l=de=tit=te	ŋina-t=ta	ŋeːl-le	tarma	buj-la	tut-toːt-te-n	ŋeːluki	oːj=eː	ŋeːluki	bi-si-ne,at.that.time=CONTR	riding.reindeer-PL-PX.1PL.EX	NEG-PST-PL=ADD=EMPH=ADD	dog-INS=ADD	be.afraid-NEG.CVB	but	forest-LOC	run-HAB-NFUT-3SG	wolf	many=EMPH	wolf	be-PST-3SG,"In those days our riding reindeer weren't afraid of the dogs at all, but wolves ran in the forest, there were a lot of wolves.",B2,20,even1260,even1260a,WORD_ALIGNED,"{""CONTR"": ""Contrastive"", ""PL"": ""Plural"", ""PX"": ""Possessive suffix"", ""EX"": ""Exclusive"", ""NEG"": ""Negative; by itself: Negative auxiliary"", ""PST"": ""Past"", ""ADD"": ""Additive"", ""EMPH"": ""Emphatic"", ""INS"": ""Instrumental"", ""CVB"": ""Converb"", ""LOC"": ""Locative"", ""HAB"": ""Habitual"", ""NFUT"": ""Non-future"", ""SG"": ""Singular""}"
even1260a-B2-21,"tabaʨisi, eregel eregel buː nulgeriβun.",tabaʨi=si	eregel	eregel	buː	nulge-ri-βun,and.then=CONTR	always	always	1PL.EX	migrate-PST-1PL.EX,"And then, we always always migrated.",B2,21,even1260,even1260a,WORD_ALIGNED,"{""CONTR"": ""Contrastive"", ""PL"": ""Plural"", ""EX"": ""Exclusive"", ""PST"": ""Past""}"
even1260a-B2-22,"oːtaβaːtkan, akmu muranit badurin, eregel, a buː amardadun eknumur nulgeriβun.",akm-u	murani-t	badu-ri-n	eregel	a	buː	amar-da-du-n	ek-num-ur	nulge-ri-βun,father-PX.1SG	horse-INS	ride-PST-3SG	always	ADVRS.CONJ.R	1PL.EX	behind-SIDE-DAT.ESS-PX.3SG	mother-COM1-PRFL.PL	migrate-PST-1PL.EX,"(?Clearing a path?) my father always went by horse, and we migrated behind him with our mother.'\footnote{Neither of two consultants knew the first word, which they interpreted as `getting lost' (\textit{oːta-}); however, it is likely that Pelageja Banakanova meant to say something like `clear a path' with the verb \textit{oːtarigʨi-} (especially since the father rode on a horse, and not a reindeer, during the migrations), and got mixed up with \textit{oːta-} `get lost'.",B2,22,even1260,even1260a,WORD_ALIGNED,"{""PX"": ""Possessive suffix"", ""SG"": ""Singular"", ""INS"": ""Instrumental"", ""PST"": ""Past"", ""ADVRS"": ""Adversative"", ""CONJ"": ""Conjunction"", ""PL"": ""Plural"", ""EX"": ""Exclusive"", ""DAT"": ""Dative"", ""ESS"": ""Essive"", ""COM"": ""Comitative"", ""PRFL"": ""Reflexive possessive""}"
even1260a-B2-23,inuʨelbunde bisin oːja.,inuʨe-l-bun=de	bi-si-n	oːja,pack.reindeer-PL-PX.1PL.EX=ADD	be-PST-3SG	many,And we had a lot of pack reindeer.,B2,23,even1260,even1260a,WORD_ALIGNED,"{""PL"": ""Plural"", ""PX"": ""Possessive suffix"", ""EX"": ""Exclusive"", ""ADD"": ""Additive"", ""PST"": ""Past"", ""SG"": ""Singular""}"
even1260a-B2-24,"eregeːl ʨelelin tuːru biː kojeːttiβu, ebɟeniʨ, ajeː bisine.",eregeːl	ʨele-li-n	tuːr-u	biː	kojeː-t-ti-βu	ebɟeni-ʨ	aj=eː	bi-si-ne,always	all-PROL-PX.3SG	land-ACC	1SG	to.watch-TAM2-PST-1SG	interesting-ADVR	good=EMPH	be-PST-3SG,"I always saw all the land, it was interesting, very good.",B2,24,even1260,even1260a,WORD_ALIGNED,"{""PROL"": ""Prolative"", ""PX"": ""Possessive suffix"", ""SG"": ""Singular"", ""ACC"": ""Accusative"", ""TAM"": ""Polysemous TAM marker"", ""PST"": ""Past"", ""ADVR"": ""Adverbializer"", ""EMPH"": ""Emphatic""}"
even1260a-B2-25,"orol oŋkariβutanda eregel kojeːttiβu, tiːk teːmi teːrenu ɟoːŋʨiram.",oro-l	oŋka-ri-βu-tan=da	eregel	kojeː-t-ti-βu	tiːk	teːmi	{tiːk\_teːrenu}	ɟoː-ŋʨi-ra-m,reindeer(domestic)-PL	graze-PRS.PTCP-ACC-3PL=ADD	always	to.watch-TAM2-PST-1SG	now	therefore	until.this.day	remember-DUR-NFUT-1SG,"And how the reindeer graze I always watched, that is why I remember it to this day.",B2,25,even1260,even1260a,WORD_ALIGNED,"{""PL"": ""Plural"", ""PRS"": ""Present"", ""PTCP"": ""Participle"", ""ACC"": ""Accusative"", ""ADD"": ""Additive"", ""TAM"": ""Polysemous TAM marker"", ""PST"": ""Past"", ""SG"": ""Singular"", ""DUR"": ""Durative"", ""NFUT"": ""Non-future""}"
even1260a-B2-26,"aŋaːndajida aːmalkariβu, iːsuda koːʨajdaji, iːdejide, dukturudaj, ʨeleβen aːmalkariβu.",aŋaːn-da-ji=da	aːmalka-ri-βu	iːs-u=da	koːʨaj-da-ji	iː-de-ji=de	duktu-ru-da-j	ʨele-βe-n	aːmalka-ri-βu,sew-VS.PURP-PRFL.SG=ADD	learn[COMPL]-PST-1SG	hide-ACC=ADD	scrape.hide-VS.PURP-PRFL.SG	prepare.leather-VS.PURP-PRFL.SG=ADD	alder-VR(USE)-VS.PURP-PRFL.SG	all-ACC-PX.3SG	learn[COMPL]-PST-1SG,"I learned how to sew, how to scrape hide, how to soften leather, how to die it with alder, I learned everything.",B2,26,even1260,even1260a,WORD_ALIGNED,"{""VS"": ""Variable-subject converb"", ""PURP"": ""Purposive"", ""PRFL"": ""Reflexive possessive"", ""SG"": ""Singular"", ""ADD"": ""Additive"", ""COMPL"": ""Completive"", ""PST"": ""Past"", ""ACC"": ""Accusative"", ""VR"": ""Verbalizer"", ""PX"": ""Possessive suffix""}"
even1260a-B2-27,umuda tomkadaji aːmalkariβu.,um-u=da	tomka-da-ji	aːmalka-ri-βu,tendon-ACC=ADD	twist.sinew-VS.PURP-PRFL.SG	learn[COMPL]-PST-1SG,And I learned how to twist thread out of sinew.,B2,27,even1260,even1260a,WORD_ALIGNED,"{""ACC"": ""Accusative"", ""ADD"": ""Additive"", ""VS"": ""Variable-subject converb"", ""PURP"": ""Purposive"", ""PRFL"": ""Reflexive possessive"", ""SG"": ""Singular"", ""COMPL"": ""Completive"", ""PST"": ""Past""}"
even1260a-B2-28,s dvenadzati let uže biː belliβ eɲtilbi.,s	dvenadzati	let	uže	biː	bel-li-β	eɲtil-bi,from.R	twelve.GEN.R	years.R	already.R	1SG	help-PST-1SG	parents-PRFL.SG,From twelve years of age I already helped my parents.,B2,28,even1260,even1260a,WORD_ALIGNED,"{""GEN"": ""Genitive"", ""SG"": ""Singular"", ""PST"": ""Past"", ""PRFL"": ""Reflexive possessive""}"
even1260a-B2-29,oleːttiβuda eregel.,oleː-t-ti-βu=da	eregel,cook-TAM2-PST-1SG=ADD	always,And I always cooked.,B2,29,even1260,even1260a,WORD_ALIGNED,"{""TAM"": ""Polysemous TAM marker"", ""PST"": ""Past"", ""SG"": ""Singular"", ""ADD"": ""Additive""}"
even1260a-B2-30,"tiːk ordula iːsuda miatuda giakiβ, osoluda uleβeːtte ɟuganidu ikutiʨ usiŋette.",tiːk	or-dula	iːs-u=da	miat-u=da	giaki-β	osol-u=da	ule-βeːt-te	ɟugani-du	ikutiʨ	usiŋe-t-te,now	reindeer.herd-LOC	hide-ACC=ADD	hide.from.head-ACC=ADD	various-ACC	hide.from.legs-ACC=ADD	throw-HAB-NFUT	summer-DAT.ESS	directly	throw-TAM2-NFUT,"Now they throw away the hide, the hide from the heads, from the reindeer legs in the herd, they throw it all away in summer.",B2,30,even1260,even1260a,WORD_ALIGNED,"{""LOC"": ""Locative"", ""ACC"": ""Accusative"", ""ADD"": ""Additive"", ""HAB"": ""Habitual"", ""NFUT"": ""Non-future"", ""DAT"": ""Dative"", ""ESS"": ""Essive"", ""TAM"": ""Polysemous TAM marker""}"
even1260a-B2-31,biː ʨeleβen aːram čto esten uleβeːtte.,biː	ʨele-βe-n	aː-ra-m	čto	e-s-ten	ule-βeːt-te,1SG	all-ACC-PX.3SG	know-NFUT-1SG	what.R	NEG-NFUT-3PL	throw-HAB-NEG.CVB,I know that one mustn't throw (hides) away.' (lit. `that they don't throw (hides) away',B2,31,even1260,even1260a,WORD_ALIGNED,"{""SG"": ""Singular"", ""ACC"": ""Accusative"", ""PX"": ""Possessive suffix"", ""NFUT"": ""Non-future"", ""NEG"": ""Negative; by itself: Negative auxiliary"", ""PL"": ""Plural"", ""HAB"": ""Habitual"", ""CVB"": ""Converb""}"
even1260a-B2-32,"možno olgitmi nan tugenidu koːʨajɟin, untaβ giakiβ aŋaːnɟin.",možno	olgi-t-mi	nan	tugeni-du	koːʨaj-ɟi-n	unta-β	giaki-β	aŋaːn-ɟi-n,can.R	to.dry[TR]-TAM2-SS.COND	and	winter-DAT.ESS	scrape.hide-FUT-3SG	fur.boots-ACC	various-ACC	sew-FUT-3SG,One can dry the hides and then in winter one can scrape them and sew various kinds of footwear.,B2,32,even1260,even1260a,WORD_ALIGNED,"{""TR"": ""Transitive"", ""TAM"": ""Polysemous TAM marker"", ""SS"": ""Same-subject converb"", ""COND"": ""Conditional-Temporal (converb)"", ""DAT"": ""Dative"", ""ESS"": ""Essive"", ""FUT"": ""Future"", ""SG"": ""Singular"", ""ACC"": ""Accusative""}"
even1260a-B2-33,sumkagajida eːrukede muŋgerede aŋaːnɟin.,sumka-ga-ji=da	eːruke=de	muŋgere=de	aŋaːn-ɟi-n,bag.R-DEST-PRFL.SG=ADD	saddle.bag=ADD	paired.saddle.bags=ADD	sew-FUT-3SG,"One can sew bags for oneself, saddle-bags, paired saddle-bags.",B2,33,even1260,even1260a,WORD_ALIGNED,"{""DEST"": ""Destinative"", ""PRFL"": ""Reflexive possessive"", ""SG"": ""Singular"", ""ADD"": ""Additive"", ""FUT"": ""Future""}"
even1260a-B2-34,ʨeleβen aːram biː.,ʨele-βe-n	aː-ra-m	biː,all-ACC-PX.3SG	know-NFUT-1SG	1SG,All that I know.,B2,34,even1260,even1260a,WORD_ALIGNED,"{""ACC"": ""Accusative"", ""PX"": ""Possessive suffix"", ""SG"": ""Singular"", ""NFUT"": ""Non-future""}"
even1260a-B2-35,tarakamasi ɟepleŋunda aʨʨa bisin.,tarakama=si	ɟep-le-ŋ-un=da	aʨʨa	bi-si-n,at.that.time=CONTR	eat-NR-POSS-PX.1PL.EX=ADD	NEG.EXIST	be-PST-3SG,At that time we also didn't have any food.'\footnote{This would have been in the late 1940s/early 1950s.,B2,35,even1260,even1260a,WORD_ALIGNED,"{""CONTR"": ""Contrastive"", ""NR"": ""Nominalizer"", ""POSS"": ""Non-canonical possession"", ""PX"": ""Possessive suffix"", ""PL"": ""Plural"", ""EX"": ""Exclusive"", ""ADD"": ""Additive"", ""NEG"": ""Negative; by itself: Negative auxiliary"", ""EXIST"": ""Existential"", ""PST"": ""Past"", ""SG"": ""Singular""}"
even1260a-B2-36,"oron ulleʨemen oleːsnoːttu, taraβ baɟikar ɟebesnoːttu i iːseʨin, uže aːtaralʨaβ emeɟeːnnu.",oron	ulle-ʨe-me-n	oleː-s-noːt-t-u	tara-β	baɟikar	ɟebe-s-noːt-t-u	i	iːseʨin	uže	aːtara-l-ʨa-β	eme-ɟeːn-n-u,reindeer(domestic)	meat-DIM.PSD-ACC-PX.3SG	cook-TAM1-HAB-NFUT-1PL.EX	DIST-ACC	morning	eat-TAM1-HAB-NFUT-1PL.EX	and.R	evening	already.R	be.dark-INCH-PST.PTCP-ACC	come-CMPS-NFUT-1PL.EX,"We would cook a little bit of reindeer meat, that we would eat in the morning, and in the evening when it was already getting dark we would come back home (poor us),'\footnote{The diminutive on `meat' gives an attenuative reading, `a bit of meat'.",B2,36,even1260,even1260a,WORD_ALIGNED,"{""DIM"": ""Diminutive "", ""PSD"": ""Possessed"", ""ACC"": ""Accusative"", ""PX"": ""Possessive suffix"", ""SG"": ""Singular"", ""TAM"": ""Polysemous TAM marker"", ""HAB"": ""Habitual"", ""NFUT"": ""Non-future"", ""PL"": ""Plural"", ""EX"": ""Exclusive"", ""DIST"": ""Distal demonstrative"", ""INCH"": ""Inchoative"", ""PST"": ""Past"", ""PTCP"": ""Participle"", ""CMPS"": ""Compassionate""}"
even1260a-B2-37,"ineŋŋon kusʨiriɟur, aknumu kusʨidɟoːttu.",ineŋ-ŋo-n	kusʨi-riɟur	ak-num-u	kusʨi-d-ɟoːt-t-u,day-ACC-PX.3SG	herd.reindeer(day)-SS.ANT.PL	father-COM1-PX.1SG	herd.reindeer(day)-PROG-HAB-NFUT-1PL.EX,"Having herded reindeer the whole day, we used to herd together with my father.",B2,37,even1260,even1260a,WORD_ALIGNED,"{""ACC"": ""Accusative"", ""PX"": ""Possessive suffix"", ""SG"": ""Singular"", ""SS"": ""Same-subject converb"", ""ANT"": ""Anterior (converb)"", ""PL"": ""Plural"", ""COM"": ""Comitative"", ""PROG"": ""Progressive"", ""HAB"": ""Habitual"", ""NFUT"": ""Non-future"", ""EX"": ""Exclusive""}"
even1260a-B2-38,"esuda goːβeːtte, ɟemsu.",e-s-u=da	goː-βeːt-te	ɟe-m-s-u,NEG-NFUT-1PL.EX=ADD	say-HAB-NEG.CVB	eat-DES-NFUT-1PL.EX,We never said ``we're hungry''.,B2,38,even1260,even1260a,WORD_ALIGNED,"{""NEG"": ""Negative; by itself: Negative auxiliary"", ""NFUT"": ""Non-future"", ""PL"": ""Plural"", ""EX"": ""Exclusive"", ""ADD"": ""Additive"", ""HAB"": ""Habitual"", ""CVB"": ""Converb"", ""DES"": ""Desiderative""}"
even1260a-B2-39,"ʨajiŋunda aʨʨa, ʨakar, kiliebeŋunda aʨʨa, esu taraβ goːβeːtte, mundu aj bisin.",ʨaji-ŋ-un=da	aʨʨa	ʨakar	kiliebe-ŋ-un=da	aʨʨa	e-s-u	tara-β	goː-βeːt-te	mun-du	aj	bi-si-n,tea.R-POSS-PX.1PL.EX=ADD	NEG.EXIST	sugar.R	bread.R-POSS-PX.1PL.EX=ADD	NEG.EXIST	NEG-NFUT-1PL.EX	DIST-ACC	say-HAB-NEG.CVB	1PL.EX.OBL-DAT.ESS	good	be-PST-3SG,"We had no tea, sugar, we had no bread, we didn't say that, we were content.' (lit. `it was good for us'",B2,39,even1260,even1260a,WORD_ALIGNED,"{""POSS"": ""Non-canonical possession"", ""PX"": ""Possessive suffix"", ""PL"": ""Plural"", ""EX"": ""Exclusive"", ""ADD"": ""Additive"", ""NEG"": ""Negative; by itself: Negative auxiliary"", ""EXIST"": ""Existential"", ""NFUT"": ""Non-future"", ""DIST"": ""Distal demonstrative"", ""ACC"": ""Accusative"", ""HAB"": ""Habitual"", ""CVB"": ""Converb"", ""OBL"": ""Oblique"", ""DAT"": ""Dative"", ""ESS"": ""Essive"", ""PST"": ""Past"", ""SG"": ""Singular""}"
even1260a-B2-40,"kuʨeːlekekem ullekekem ɟebesnu nan ineŋŋon aʨ ɟepʨeleʨ girkaβaːtʨoːttu, esu ɟemmoːtte.",kuʨeːle-keke-m	ulle-keke-m	ɟebe-s-n-u	nan	ineŋ-ŋo-n	aʨ	ɟep-ʨe-le-ʨ	girka-βaːt-ʨoːt-t-u	e-s-u	ɟe-m-moːt-te,small-DIM.INDEF-ACC	meat-DIM.INDEF-ACC	eat-TAM1-NFUT-1PL.EX	and	day-ACC-PX.3SG	PRV	eat-PST.PTCP-PRV-ADVR	walk-HAB-HAB-NFUT-1PL.EX	NEG-NFUT-1PL.EX	eat-DES-HAB-NEG.CVB,"We would eat a very little bit of meat and wander about all day without having eaten, we weren't hungry.",B2,40,even1260,even1260a,WORD_ALIGNED,"{""DIM"": ""Diminutive "", ""INDEF"": ""Indefinite"", ""ACC"": ""Accusative"", ""TAM"": ""Polysemous TAM marker"", ""NFUT"": ""Non-future"", ""PL"": ""Plural"", ""EX"": ""Exclusive"", ""PX"": ""Possessive suffix"", ""SG"": ""Singular"", ""PRV"": ""Privative"", ""PST"": ""Past"", ""PTCP"": ""Participle"", ""ADVR"": ""Adverbializer"", ""HAB"": ""Habitual"", ""NEG"": ""Negative; by itself: Negative auxiliary"", ""DES"": ""Desiderative"", ""CVB"": ""Converb""}"
even1260a-B2-41,"tabiʨ ordusi bimi eregeːl ʨeleβen orolbe kojeːttiβun buː, ajiʨ.",tabiʨ	or-du=si	bi-mi	eregeːl	ʨele-βe-n	oro-l-be	kojeː-t-ti-βun	buː	aji-ʨ,and.then	reindeer.herd-DAT.ESS=CONTR	be-SS.COND	always	all-ACC-PX.3SG	reindeer(domestic)-PL-ACC	to.watch-TAM2-PST-1PL.EX	1PL.EX	good-ADVR,"And when we were in the herd, we always looked after all the reindeer well.",B2,41,even1260,even1260a,WORD_ALIGNED,"{""DAT"": ""Dative"", ""ESS"": ""Essive"", ""CONTR"": ""Contrastive"", ""SS"": ""Same-subject converb"", ""COND"": ""Conditional-Temporal (converb)"", ""ACC"": ""Accusative"", ""PX"": ""Possessive suffix"", ""SG"": ""Singular"", ""PL"": ""Plural"", ""TAM"": ""Polysemous TAM marker"", ""PST"": ""Past"", ""EX"": ""Exclusive"", ""ADVR"": ""Adverbializer""}"
even1260a-B2-42,"aːmalkariβun, tarakamta kuŋal bimi, agdignumi.",aːmalka-ri-βun	tarakam=ta	kuŋa-l	bi-mi	agdig-num-i,learn[COMPL]-PST-1PL.EX	at.that.time=PTL	child-PL	be-SS.COND	older.brother-COM1-PRFL.SG,"And we learned at that time, when we were children, with our older brother.",B2,42,even1260,even1260a,WORD_ALIGNED,"{""COMPL"": ""Completive"", ""PST"": ""Past"", ""PL"": ""Plural"", ""EX"": ""Exclusive"", ""PTL"": ""Particle"", ""SS"": ""Same-subject converb"", ""COND"": ""Conditional-Temporal (converb)"", ""COM"": ""Comitative"", ""PRFL"": ""Reflexive possessive"", ""SG"": ""Singular""}"
even1260a-B2-43,tiːk teːrenu biː ɟoːŋʨiβaːttam.,{tiːk\_teːrenu}	biː	ɟoː-ŋʨi-βaːt-ta-m,until.this.day	1SG	remember-DUR-HAB-NFUT-1SG,Until today I remember.,B2,43,even1260,even1260a,WORD_ALIGNED,"{""SG"": ""Singular"", ""DUR"": ""Durative"", ""HAB"": ""Habitual"", ""NFUT"": ""Non-future""}"
even1260a-B2-44,tiːk nosegʨen bimi ortaki uremʨu ɟuganiduda ʨeleβen kusʨimʨuda iaβʨimʨuda.,tiːk	nosegʨen	bi-mi	or-taki	ure-mʨ-u	ɟugani-du=da	ʨele-βe-n	kusʨi-mʨ-u=da	iaβʨi-mʨ-u=da,now	young	be-SS.COND	reindeer.herd-ALL	go(UNIDIR)-SBJV-1SG	summer-DAT.ESS=ADD	all-ACC-PX.3SG	herd.reindeer(day)-SBJV-1SG=ADD	herd.reindeer(night)-SBJV-1SG=ADD,"If I were young now I would go to the herd in summer, I would herd all (the reindeer) by day and by night.",B2,44,even1260,even1260a,WORD_ALIGNED,"{""SS"": ""Same-subject converb"", ""COND"": ""Conditional-Temporal (converb)"", ""ALL"": ""Allative"", ""UNIDIR"": ""Unidirectional"", ""SBJV"": ""Subjunctive"", ""SG"": ""Singular"", ""DAT"": ""Dative"", ""ESS"": ""Essive"", ""ADD"": ""Additive"", ""ACC"": ""Accusative"", ""PX"": ""Possessive suffix""}"
even1260a-B2-45,temujomida oron ulleβen allaɟin oleːttoːttu.,temujo-mi=da	oron	ulle-βe-n	allaɟin	oleː-t-toːt-t-u,slaughter-SS.COND=ADD	reindeer(domestic)	meat-ACC-PX.3SG	properly	cook-TAM2-HAB-NFUT-1PL.EX,"Slaughtering, (we) cooked the reindeer meat properly.",B2,45,even1260,even1260a,WORD_ALIGNED,"{""SS"": ""Same-subject converb"", ""COND"": ""Conditional-Temporal (converb)"", ""ADD"": ""Additive"", ""ACC"": ""Accusative"", ""PX"": ""Possessive suffix"", ""SG"": ""Singular"", ""TAM"": ""Polysemous TAM marker"", ""HAB"": ""Habitual"", ""NFUT"": ""Non-future"", ""PL"": ""Plural"", ""EX"": ""Exclusive""}"
even1260a-B2-46,"iaβanda esu uleβeːtte, ikiriβende, ʨeleβen ujuttoːttu i giakiʨ ʨeleβen uŋŋoːttu.",ia-βa-n=da	e-s-u	ule-βeːt-te	ikiri-βe-n=de	ʨele-βe-n	uj-u-t-toːt-t-u	i	giaki-ʨ	ʨele-βe-n	uŋ-ŋoːt-t-u,what-ACC-PX.3SG=ADD	NEG-NFUT-1PL.EX	throw-HAB-NEG.CVB	bone-ACC-PX.3SG=ADD	all-ACC-PX.3SG	boil[INTR]-VAL-TAM2-HAB-NFUT-1PL.EX	and.R	various-ADVR	all-ACC-PX.3SG	FLR-HAB-NFUT-1PL.EX,"We didn't throw anything away, its bones, everything we boiled and everything (we used) in various ways.",B2,46,even1260,even1260a,WORD_ALIGNED,"{""ACC"": ""Accusative"", ""PX"": ""Possessive suffix"", ""SG"": ""Singular"", ""ADD"": ""Additive"", ""NEG"": ""Negative; by itself: Negative auxiliary"", ""NFUT"": ""Non-future"", ""PL"": ""Plural"", ""EX"": ""Exclusive"", ""HAB"": ""Habitual"", ""CVB"": ""Converb"", ""INTR"": ""Intransitive"", ""VAL"": ""Valency-change"", ""TAM"": ""Polysemous TAM marker"", ""ADVR"": ""Adverbializer"", ""FLR"": ""Filler""}"
even1260a-B2-47,iaβandat esu usiŋeʨʨoːtte.,ia-βa-n=da=tit	e-s-u	usiŋe-ʨ-ʨoːt-te,what-ACC-PX.3SG=ADD=EMPH	NEG-NFUT-1PL.EX	throw-TAM2-HAB-NEG.CVB,We didn't throw anything away.,B2,47,even1260,even1260a,WORD_ALIGNED,"{""ACC"": ""Accusative"", ""PX"": ""Possessive suffix"", ""SG"": ""Singular"", ""ADD"": ""Additive"", ""EMPH"": ""Emphatic"", ""NEG"": ""Negative; by itself: Negative auxiliary"", ""NFUT"": ""Non-future"", ""PL"": ""Plural"", ""EX"": ""Exclusive"", ""TAM"": ""Polysemous TAM marker"", ""HAB"": ""Habitual"", ""CVB"": ""Converb""}"
even1260a-B2-48,"ikiriβende giakiʨ niːmettonde, buː ʨeleβente uŋniβun, eʨiβun usiŋŋoːtte.",ikiri-βe-n=de	giaki-ʨ	niːmet-to-n=de	buː	ʨele-βe-n=te	uŋ-ni-βun	e-ʨi-βun	usiŋ-ŋoːt-te,bone-ACC-PX.3SG=ADD	various-ADVR	velvet.antlers-ACC-PX.3SG=ADD	1PL.EX	all-ACC-PX.3SG=PTL	FLR-PST-1PL.EX	NEG-PST-1PL.EX	throw-HAB-NEG.CVB,"It bones and its velvet antlers, we thingummied (used) everything, we threw nothing away.",B2,48,even1260,even1260a,WORD_ALIGNED,"{""ACC"": ""Accusative"", ""PX"": ""Possessive suffix"", ""SG"": ""Singular"", ""ADD"": ""Additive"", ""ADVR"": ""Adverbializer"", ""PL"": ""Plural"", ""EX"": ""Exclusive"", ""PTL"": ""Particle"", ""FLR"": ""Filler"", ""PST"": ""Past"", ""NEG"": ""Negative; by itself: Negative auxiliary"", ""HAB"": ""Habitual"", ""CVB"": ""Converb""}"
even1260a-B3-1,iaβ teːleŋɟimbeɟi oːn?,ia-β	teːleŋ-ɟi-m=beɟi	oːn,what-ACC	tell-FUT-1SG=EMPH	DP,What will I tell?,B3,1,even1260,even1260a,WORD_ALIGNED,"{""ACC"": ""Accusative"", ""FUT"": ""Future"", ""SG"": ""Singular"", ""EMPH"": ""Emphatic"", ""DP"": ""Discourse particle""}"
even1260a-B3-2,"baɟikar mialloːttu tunŋilan, unet ɲuːlten aʨʨa biseken.",baɟikar	mial-loːt-t-u	tunŋ-i-la-n	unet	ɲuːlten	aʨʨa	bi-seke-n,morning	wake.up-HAB-NFUT-1PL.EX	five-ORD-LOC-PX.3SG	yet	sun	NEG.EXIST	be-DS.COND-3SG,"We get up before five (lit. `in the fifth (hour)') in the morning, when the sun hasn't risen yet.",B3,2,even1260,even1260a,WORD_ALIGNED,"{""HAB"": ""Habitual"", ""NFUT"": ""Non-future"", ""PL"": ""Plural"", ""EX"": ""Exclusive"", ""ORD"": ""Ordinal"", ""LOC"": ""Locative"", ""PX"": ""Possessive suffix"", ""SG"": ""Singular"", ""NEG"": ""Negative; by itself: Negative auxiliary"", ""EXIST"": ""Existential"", ""DS"": ""Different-subject converb"", ""COND"": ""Conditional-Temporal (converb)""}"
even1260a-B3-3,"iluddiɟur nan ortaki nan iamikke ajil, ajiʨ biddə orol.",ilu-d-diɟur	nan	or-taki	nan	iami=kke	aji-l	aji-ʨ	bi-d-də	oro-l,drink(hot)-PROG-SS.ANT.PL	and	reindeer.herd-ALL	and	why=FOC	good-PL	good-ADVR	be-PROG-NFUT	reindeer(domestic)-PL,"Having drunk tea we go to the herd, and well, the reindeer are good, are doing well.",B3,3,even1260,even1260a,WORD_ALIGNED,"{""PROG"": ""Progressive"", ""SS"": ""Same-subject converb"", ""ANT"": ""Anterior (converb)"", ""PL"": ""Plural"", ""ALL"": ""Allative"", ""FOC"": ""Focus"", ""ADVR"": ""Adverbializer"", ""NFUT"": ""Non-future""}"
even1260a-B3-4,nan girkasnoːttu.,nan	girka-s-noːt-t-u,and	walk-TAM1-HAB-NFUT-1PL.EX,And we walk.,B3,4,even1260,even1260a,WORD_ALIGNED,"{""TAM"": ""Polysemous TAM marker"", ""HAB"": ""Habitual"", ""NFUT"": ""Non-future"", ""PL"": ""Plural"", ""EX"": ""Exclusive""}"
even1260a-B3-5,ŋennu ʨakru ʨeleβen,ŋen-n-u	ʨak-r-u	ʨele-βe-n,go(GNRC)-NFUT-1PL.EX	gather[TR]-NFUT-1PL.EX	all-ACC-PX.3SG,"We go, we gather all.",B3,5,even1260,even1260a,WORD_ALIGNED,"{""GNRC"": ""Generic"", ""NFUT"": ""Non-future"", ""PL"": ""Plural"", ""EX"": ""Exclusive"", ""TR"": ""Transitive"", ""ACC"": ""Accusative"", ""PX"": ""Possessive suffix"", ""SG"": ""Singular""}"
even1260a-B3-6,ʨaktiɟur nan tadu biβeːʨidɟoːttu iludɟoːttudə,ʨak-tiɟur	nan	ta-du	bi-βeːʨi-d-ɟoːt-t-u	ilu-d-ɟoːt-t-u=də,gather[TR]-SS.ANT.PL	and	DIST-DAT.ESS	be-HAB-PROG-HAB-NFUT-1PL.EX	drink(hot)-PROG-HAB-NFUT-1PL.EX=ADD,"Having gathered (the reindeer) we remain there, and drink tea there, too.",B3,6,even1260,even1260a,WORD_ALIGNED,"{""TR"": ""Transitive"", ""SS"": ""Same-subject converb"", ""ANT"": ""Anterior (converb)"", ""PL"": ""Plural"", ""DIST"": ""Distal demonstrative"", ""DAT"": ""Dative"", ""ESS"": ""Essive"", ""HAB"": ""Habitual"", ""PROG"": ""Progressive"", ""NFUT"": ""Non-future"", ""EX"": ""Exclusive"", ""ADD"": ""Additive""}"
even1260a-B3-7,"ajiʨgəl biddəkətən niːkke tar bujusidɟoːttən niːkiʨerbe, giakidɟoːttənkə.",aji-ʨ=gəl	bi-d-dəkə-tən	niː=kke	tar	buju-si-d-ɟoːt-tə-n	niːkiʨe-r-be	giaki-d-ɟoːt-tə-n=kə,good-ADVR=CONTR	be-PROG-DS.COND-3PL	who=FOC	DIST	hunt-MULT-PROG-HAB-NFUT-3SG	duck-PL-ACC	various-PROG-HAB-NFUT-3SG=FOC,"If (the reindeer) are well, some (herders) hunt ducks there, they do various things.",B3,7,even1260,even1260a,WORD_ALIGNED,"{""ADVR"": ""Adverbializer"", ""CONTR"": ""Contrastive"", ""PROG"": ""Progressive"", ""DS"": ""Different-subject converb"", ""COND"": ""Conditional-Temporal (converb)"", ""PL"": ""Plural"", ""FOC"": ""Focus"", ""DIST"": ""Distal demonstrative"", ""MULT"": ""Multiplicative"", ""HAB"": ""Habitual"", ""NFUT"": ""Non-future"", ""SG"": ""Singular"", ""ACC"": ""Accusative""}"
even1260a-B3-8,"nan i oŋkəlləkətən, oŋkədətən, a buː anʨindulatən bidɟoːttu, kojeːʨidɟoːttu oːnka biddəkkə.",nan	i	oŋkə-l-ləkə-tən	oŋkə-də-tən	a	buː	anʨin-dula-tən	bi-d-ɟoːt-t-u	kojeː-ʨi-d-ɟoːt-t-u	oːn=ka	bi-d-də=kkə,and	and.R	graze-INCH-DS.COND-3PL	graze-JUSS-3PL	ADVRS.CONJ.R	1PL.EX	space.beside-LOC-PX.3PL	be-PROG-HAB-NFUT-1PL.EX	to.watch-TAM2-PROG-HAB-NFUT-1PL.EX	how=FOC	be-PROG-NFUT=FOC,"And when they start to graze, well, let them graze, and we are next to them, we watch how they are.",B3,8,even1260,even1260a,WORD_ALIGNED,"{""INCH"": ""Inchoative"", ""DS"": ""Different-subject converb"", ""COND"": ""Conditional-Temporal (converb)"", ""PL"": ""Plural"", ""JUSS"": ""Jussive"", ""ADVRS"": ""Adversative"", ""CONJ"": ""Conjunction"", ""EX"": ""Exclusive"", ""LOC"": ""Locative"", ""PX"": ""Possessive suffix"", ""PROG"": ""Progressive"", ""HAB"": ""Habitual"", ""NFUT"": ""Non-future"", ""TAM"": ""Polysemous TAM marker"", ""FOC"": ""Focus""}"
even1260a-B3-9,ajiʨ nan ʨelelin muːlidə girkaβaːtʨoːttə.,aji-ʨ	nan	ʨele-li-n	muː-li=də	girka-βaːt-ʨoːt-tə,good-ADVR	and	all-PROL-PX.3SG	water-PROL=ADD	walk-HAB-HAB-NFUT,"And they also walk well everywhere, through water.",B3,9,even1260,even1260a,WORD_ALIGNED,"{""ADVR"": ""Adverbializer"", ""PROL"": ""Prolative"", ""PX"": ""Possessive suffix"", ""SG"": ""Singular"", ""ADD"": ""Additive"", ""HAB"": ""Habitual"", ""NFUT"": ""Non-future""}"
even1260a-B3-10,"nan taduk kojeːttu ineŋ oːdən, ɲuːlteneː.",nan	ta-duk	kojeː-t-t-u	ineŋ	oː-də-n	ɲuːlten=eː,and	DIST-ABL	to.watch-TAM2-NFUT-1PL.EX	day	become-NFUT-3SG	sun=EMPH,"And then we watch from there, and it becomes day, the sun.",B3,10,even1260,even1260a,WORD_ALIGNED,"{""DIST"": ""Distal demonstrative"", ""ABL"": ""Ablative"", ""TAM"": ""Polysemous TAM marker"", ""NFUT"": ""Non-future"", ""PL"": ""Plural"", ""EX"": ""Exclusive"", ""SG"": ""Singular"", ""EMPH"": ""Emphatic""}"
even1260a-B3-11,"orolkə nan gisimalloːttə, nan kamug ɟuːtkikke entukuken ilbesnoːttu.",oro-l=kə	nan	gisima-l-loːt-tə	nan	kamug	ɟuː-tki=kke	entukuken	ilbe-s-noːt-t-u,reindeer(domestic)-PL=FOC	and	walk.fast-INCH-HAB-NFUT	and	well.OK	house-ALL=FOC	softly	chase-TAM1-HAB-NFUT-1PL.EX,"The reindeer start walking fast, oh well, we start gently chasing them towards the house.",B3,11,even1260,even1260a,WORD_ALIGNED,"{""PL"": ""Plural"", ""FOC"": ""Focus"", ""INCH"": ""Inchoative"", ""HAB"": ""Habitual"", ""NFUT"": ""Non-future"", ""ALL"": ""Allative"", ""TAM"": ""Polysemous TAM marker"", ""EX"": ""Exclusive""}"
even1260a-B3-12,nan orol ŋenədɟoːttə ɟuːtki oŋkənikan.,nan	oro-l	ŋenə-d-ɟoːt-tə	ɟuː-tki	oŋkə-nikan,and	reindeer(domestic)-PL	go(GNRC)-PROG-HAB-NFUT	house-ALL	graze-SS.SIM1,And the reindeer go to the house grazing.,B3,12,even1260,even1260a,WORD_ALIGNED,"{""PL"": ""Plural"", ""GNRC"": ""Generic"", ""PROG"": ""Progressive"", ""HAB"": ""Habitual"", ""NFUT"": ""Non-future"", ""ALL"": ""Allative"", ""SS"": ""Same-subject converb"", ""SIM"": ""Simultaneous (converb)""}"
even1260a-B3-13,"niːkke muːβ koladdan, niːkkede ɲoːmaʨiddən dagritta.",niː=kke	muː-β	kola-d-da-n	niː=kke=de	ɲoːmaʨi-d-də-n	dagrit=ta,who=FOC	water-ACC	drink(cold)-PROG-NFUT-3SG	who=FOC=ADD	run-PROG-NFUT-3SG	simply=ADD,"Some drink water, some simply run.",B3,13,even1260,even1260a,WORD_ALIGNED,"{""FOC"": ""Focus"", ""ACC"": ""Accusative"", ""PROG"": ""Progressive"", ""NFUT"": ""Non-future"", ""SG"": ""Singular"", ""ADD"": ""Additive""}"
even1260a-B3-14,"nan ɟuːtki dagəmniɟi nan ɟaβasakla emmoːtte, nan kurukeneɟilloːtte.",nan	ɟuː-tki	dagəm-niɟi	nan	ɟaβa-sak-la	em-moːt-te	nan	kurukene-ɟi-l-loːt-te,and	house-ALL	bring.closer-SS.ANT.SG	and	catch.hold-NR-LOC	come-HAB-NFUT	and	to.circle-PROG-INCH-HAB-NFUT,"And having chased them close to the house they come to the place where one catches reindeer, and they start to circle.'\footnote{See \figref{fig:photoCircling}.",B3,14,even1260,even1260a,WORD_ALIGNED,"{""ALL"": ""Allative"", ""SS"": ""Same-subject converb"", ""ANT"": ""Anterior (converb)"", ""SG"": ""Singular"", ""NR"": ""Nominalizer"", ""LOC"": ""Locative"", ""HAB"": ""Habitual"", ""NFUT"": ""Non-future"", ""PROG"": ""Progressive"", ""INCH"": ""Inchoative""}"
even1260a-B3-15,"a buː tar iluneβeːttu i tadu buː iludɟoːttu, obedidɟoːttu.",a	buː	tar	ilu-ne-βeːt-t-u	i	ta-du	buː	ilu-d-ɟoːt-t-u	obedi-d-ɟoːt-t-u,ADVRS.CONJ.R	1PL.EX	DIST	drink(hot)-AM-HAB-NFUT-1PL.EX	and.R	DIST-DAT.ESS	1PL.EX	drink(hot)-PROG-HAB-NFUT-1PL.EX	lunch.R-PROG-HAB-NFUT-1PL.EX,"And we go to drink tea, and we drink tea, have lunch.",B3,15,even1260,even1260a,WORD_ALIGNED,"{""ADVRS"": ""Adversative"", ""CONJ"": ""Conjunction"", ""PL"": ""Plural"", ""EX"": ""Exclusive"", ""DIST"": ""Distal demonstrative"", ""AM"": ""Associated Motion"", ""HAB"": ""Habitual"", ""NFUT"": ""Non-future"", ""DAT"": ""Dative"", ""ESS"": ""Essive"", ""PROG"": ""Progressive""}"
even1260a-B3-16,nan i tegeʨidmi nan kojeːʨʨoːttu oːkka oŋkəlɟir.,nan	i	tege-ʨi-d-mi	nan	kojeː-ʨ-ʨoːt-t-u	oːk=ka	oŋkə-l-ɟi-r,and	and.R	sit.down-TAM2-PROG-SS.COND	and	to.watch-TAM2-HAB-NFUT-1PL.EX	when=FOC	graze-INCH-FUT-3PL,And sitting we watch when they will start to graze.,B3,16,even1260,even1260a,WORD_ALIGNED,"{""TAM"": ""Polysemous TAM marker"", ""PROG"": ""Progressive"", ""SS"": ""Same-subject converb"", ""COND"": ""Conditional-Temporal (converb)"", ""HAB"": ""Habitual"", ""NFUT"": ""Non-future"", ""PL"": ""Plural"", ""EX"": ""Exclusive"", ""FOC"": ""Focus"", ""INCH"": ""Inchoative"", ""FUT"": ""Future""}"
even1260a-B3-17,"ilaʨidda, ilaʨiddatən.",ila-ʨi-d-da	ila-ʨi-d-da-tən,stand.up-TAM2-PROG-NFUT	stand.up-TAM2-PROG-JUSS-3PL,"They stand, well, let them stand.",B3,17,even1260,even1260a,WORD_ALIGNED,"{""TAM"": ""Polysemous TAM marker"", ""PROG"": ""Progressive"", ""NFUT"": ""Non-future"", ""JUSS"": ""Jussive"", ""PL"": ""Plural""}"
even1260a-B3-18,"a ineŋgəl aːdunda niː ilekke binnikke oːɲir, tala oːɲirla.",a	ineŋ=gəl	aːdun=da	niː	i-le=kke	bi-n-ni=kke	oːɲir	ta-la	oːɲir-la,ADVRS.CONJ.R	day=CONTR	sometimes=ADD	who	INTERR-LOC=FOC	be-NFUT-3SG=FOC	non-melting.snow	DIST-LOC	non-melting.snow-LOC,"And sometimes, where there is non-melting snow, on that oːɲir --",B3,18,even1260,even1260a,WORD_ALIGNED,"{""ADVRS"": ""Adversative"", ""CONJ"": ""Conjunction"", ""CONTR"": ""Contrastive"", ""ADD"": ""Additive"", ""INTERR"": ""Interrogative root"", ""LOC"": ""Locative"", ""FOC"": ""Focus"", ""NFUT"": ""Non-future"", ""SG"": ""Singular"", ""DIST"": ""Distal demonstrative""}"
even1260a-B3-19,a oːɲirbeɟi imannakka aʨ ɲeːnʨele.,a	oːɲir=beɟi	imanna=kka	aʨ	ɲeːn-ʨe-le,ADVRS.CONJ.R	non-melting.snow=EMPH	snow=FOC	PRV	melt-PST.PTCP-PRV,-- and ``oːɲir'' is snow that hasn't melted --,B3,19,even1260,even1260a,WORD_ALIGNED,"{""ADVRS"": ""Adversative"", ""CONJ"": ""Conjunction"", ""EMPH"": ""Emphatic"", ""FOC"": ""Focus"", ""PRV"": ""Privative"", ""PST"": ""Past"", ""PTCP"": ""Participle""}"
even1260a-B3-20,nan tala kurukeneden oŋkələkən.,nan	ta-la	kurukene-de-n	oŋkə-lə-kən,and	DIST-LOC	to.circle-JUSS-3SG	graze-INCH-VS.TRM,-- there let them circle until they start to graze.,B3,20,even1260,even1260a,WORD_ALIGNED,"{""DIST"": ""Distal demonstrative"", ""LOC"": ""Locative"", ""JUSS"": ""Jussive"", ""SG"": ""Singular"", ""INCH"": ""Inchoative"", ""VS"": ""Variable-subject converb"", ""TRM"": ""Terminative (converb)""}"
even1260a-B3-21,"kurukenidde, nan elke kojeːʨidli edeːrde aβuski girkar.",kurukeni-d-de	nan	elke	kojeː-ʨi-d-li	e-deː-r=de	aβu-ski	girka-r,to.circle-PROG-NFUT	and	in.the.meantime	to.watch-TAM2-PROG-IMP.SG	NEG-VS.PURP-PRFL.PL=ADD	where-ADVB.ALL	walk-NEG.CVB,"They circle, and in the meantime watch so that they don't (go) anywhere.",B3,21,even1260,even1260a,WORD_ALIGNED,"{""PROG"": ""Progressive"", ""NFUT"": ""Non-future"", ""TAM"": ""Polysemous TAM marker"", ""IMP"": ""Imperative"", ""SG"": ""Singular"", ""NEG"": ""Negative; by itself: Negative auxiliary"", ""VS"": ""Variable-subject converb"", ""PURP"": ""Purposive"", ""PRFL"": ""Reflexive possessive"", ""PL"": ""Plural"", ""ADD"": ""Additive"", ""ADVB"": ""Adverbial"", ""ALL"": ""Allative"", ""CVB"": ""Converb""}"
even1260a-B3-22,"nan niːkke binni doklanəl giakilke tar, begdeʨiɟinnide.",nan	niː=kke	bi-n-ni	doklanə-l	giaki-l=ke	tar	beg-de-ʨi-ɟi-nni=de,and	who=FOC	be-NFUT-3SG	lame-PL	various-PL=FOC	DIST	medicine-VR-TAM2-FUT-2SG=ADD,"And if there are lame (reindeer), you heal them.",B3,22,even1260,even1260a,WORD_ALIGNED,"{""FOC"": ""Focus"", ""NFUT"": ""Non-future"", ""SG"": ""Singular"", ""PL"": ""Plural"", ""DIST"": ""Distal demonstrative"", ""VR"": ""Verbalizer"", ""TAM"": ""Polysemous TAM marker"", ""FUT"": ""Future"", ""ADD"": ""Additive""}"
even1260a-B3-23,muːdu ajiʨ ɟaβatkaralla edes kalukan i kolukanni.,muː-du	aji-ʨ	ɟaβa-t-kara-lla	e-de-s	kal-ukan	i	kol-uka-nni,water-DAT.ESS	good-ADVR	catch.hold-TAM2-HAB.IMP-IMP.PL	NEG-VS.PURP-2SG	be.thirsty-CAUS	and.R	drink(cold)-CAUS-2SG,"Keep them well by the water, so that you don't let them go thirsty, and you water them.",B3,23,even1260,even1260a,WORD_ALIGNED,"{""DAT"": ""Dative"", ""ESS"": ""Essive"", ""ADVR"": ""Adverbializer"", ""TAM"": ""Polysemous TAM marker"", ""HAB"": ""Habitual"", ""IMP"": ""Imperative"", ""PL"": ""Plural"", ""NEG"": ""Negative; by itself: Negative auxiliary"", ""VS"": ""Variable-subject converb"", ""PURP"": ""Purposive"", ""SG"": ""Singular"", ""CAUS"": ""Causative""}"
even1260a-B3-24,"ɟuganidugəl ajiʨ, nan i ukʨi oːdakan nan borgisanɟir orʨarsi.",ɟugani-du=gəl	aji-ʨ	nan	i	ukʨi	oː-daka-n	nan	borgisan-ɟi-r	or-ʨa-r-si,summer-DAT.ESS=CONTR	good-ADVR	and	and.R	hot	become-DS.COND-3SG	and	wander.off-FUT-3PL	reindeer(domestic)-DIM.PSD-PL-PX.2SG,"In early summer it is good, but when it becomes hot your reindeer wander off.",B3,24,even1260,even1260a,WORD_ALIGNED,"{""DAT"": ""Dative"", ""ESS"": ""Essive"", ""CONTR"": ""Contrastive"", ""ADVR"": ""Adverbializer"", ""DS"": ""Different-subject converb"", ""COND"": ""Conditional-Temporal (converb)"", ""SG"": ""Singular"", ""FUT"": ""Future"", ""PL"": ""Plural"", ""DIM"": ""Diminutive "", ""PSD"": ""Possessed"", ""PX"": ""Possessive suffix""}"
even1260a-B3-25,a taʨingəl ajiʨ,a	taʨin=gəl	aji-ʨ,ADVRS.CONJ.R	DIST.QUAL=CONTR	good-ADVR,But in general it's good.,B3,25,even1260,even1260a,WORD_ALIGNED,"{""ADVRS"": ""Adversative"", ""CONJ"": ""Conjunction"", ""DIST"": ""Distal demonstrative"", ""QUAL"": ""Qualitative"", ""CONTR"": ""Contrastive"", ""ADVR"": ""Adverbializer""}"
even1260a-B3-26,a unet iaβ guːnɟim?,a	unet	ia-β	guːn-ɟi-m,ADVRS.CONJ.R	still	what-ACC	say-FUT-1SG,And what else should I say?,B3,26,even1260,even1260a,WORD_ALIGNED,"{""ADVRS"": ""Adversative"", ""CONJ"": ""Conjunction"", ""ACC"": ""Accusative"", ""FUT"": ""Future"", ""SG"": ""Singular""}"
even1260a-B3-27,"a orolgəl ʨeleɟi biβeːtte, niː ɟulle ɲoːmaʨʨoːttan, niː tar aːngiʨ, niː ɟegengiʨ, ʨeleβen aβʨiβaːtta.",a	oro-l=gəl	ʨele-ɟi	bi-βeːt-te	ŋiː	ɟul-le	ɲoːmaʨ-ʨoːt-ta-n	ŋiː	tar	aːn-giʨ	ŋiː	ɟegen-giʨ	ʨele-βe-n	aβ-ʨi-βaːt-ta,ADVRS.CONJ.R	reindeer(domestic)-PL=CONTR	all-INS.PRFL.SG	be-HAB-NFUT	who	front-LOC	run-HAB-NFUT-3SG	who	DIST	right-ELAT	who	left-ELAT	all-ACC-PX.3SG	where-VR-HAB-NFUT,"Reindeer are all (different), some run ahead, some come from the right, some from the left, they go everywhere.",B3,27,even1260,even1260a,WORD_ALIGNED,"{""ADVRS"": ""Adversative"", ""CONJ"": ""Conjunction"", ""PL"": ""Plural"", ""CONTR"": ""Contrastive"", ""INS"": ""Instrumental"", ""PRFL"": ""Reflexive possessive"", ""SG"": ""Singular"", ""HAB"": ""Habitual"", ""NFUT"": ""Non-future"", ""LOC"": ""Locative"", ""DIST"": ""Distal demonstrative"", ""ELAT"": ""Elative"", ""ACC"": ""Accusative"", ""PX"": ""Possessive suffix"", ""VR"": ""Verbalizer""}"
even1260a-B3-28,"aːn amərgəl biβeːtte, aːn ɟulepki aβʨiβaːtta.",aːn	amər=gəl	bi-βeːt-te	aːn	ɟulepki	aβ-ʨi-βaːt-ta,some	behind=CONTR	be-HAB-NFUT	some	ahead	where-VR-HAB-NFUT,"Some are at the back, some run ahead.",B3,28,even1260,even1260a,WORD_ALIGNED,"{""CONTR"": ""Contrastive"", ""HAB"": ""Habitual"", ""NFUT"": ""Non-future"", ""VR"": ""Verbalizer""}"
even1260a-B3-29,vot amərla biddin nan doːlitən ŋenɟin i ukal ɟulle.,vot	amər-la	bi-d-di-n	nan	doː-li-tən	ŋen-ɟi-n	i	ukal	ɟul-le,presentational.R	behind-LOC	be-PROG-PST-3SG	and	inside-PROL-PX.3PL	go(GNRC)-FUT-3SG	and.R	already	front-LOC,"Here it was at the back, and it will go through (the mass of the herd) and is already at the front.",B3,29,even1260,even1260a,WORD_ALIGNED,"{""LOC"": ""Locative"", ""PROG"": ""Progressive"", ""PST"": ""Past"", ""SG"": ""Singular"", ""PROL"": ""Prolative"", ""PX"": ""Possessive suffix"", ""PL"": ""Plural"", ""GNRC"": ""Generic"", ""FUT"": ""Future""}"
even1260a-B3-30,"nan kojeːtnikeneː ireβke orotu ɟebɟim, oŋatur uŋniɟur ɲoːŋʨiβaːtta, ereβteken iaruβaːttan nan taraβ iaruɟin.",nan	kojeː-t-niken=eː	ire-β=ke	orot-u	ɟeb-ɟi-m	oŋat-ur	uŋ-niɟur	ɲoːŋʨi-βaːt-ta	ere-β=teken	iaru-βaːt-ta-n	nan	tara-β	iaru-ɟi-n,and	to.watch-TAM2-SS.SIM1=EMPH	which-ACC=FOC	herbs-ACC	eat-FUT-1SG	nose-PRFL.PL	FLR-SS.ANT.PL	run-HAB-NFUT	PROX-ACC=RESTR	check-HAB-NFUT-3SG	and	DIST-ACC	check-FUT-3SG,"And looking which grass to eat, doing whatchamacallit (twitching) their noses they run, it tries this, and it will try that.",B3,30,even1260,even1260a,WORD_ALIGNED,"{""TAM"": ""Polysemous TAM marker"", ""SS"": ""Same-subject converb"", ""SIM"": ""Simultaneous (converb)"", ""EMPH"": ""Emphatic"", ""ACC"": ""Accusative"", ""FOC"": ""Focus"", ""FUT"": ""Future"", ""SG"": ""Singular"", ""PRFL"": ""Reflexive possessive"", ""PL"": ""Plural"", ""FLR"": ""Filler"", ""ANT"": ""Anterior (converb)"", ""HAB"": ""Habitual"", ""NFUT"": ""Non-future"", ""PROX"": ""Proximal (demonstrative)"", ""RESTR"": ""Restrictive"", ""DIST"": ""Distal demonstrative""}"
even1260a-B3-31,unet ɲoːŋʨidɟin ereger.,unet	ɲoːŋʨi-d-ɟi-n	ereger,still	run-PROG-FUT-3SG	always,It always runs.,B3,31,even1260,even1260a,WORD_ALIGNED,"{""PROG"": ""Progressive"", ""FUT"": ""Future"", ""SG"": ""Singular""}"
even1260a-B3-32,"irkasənɟinni ili keːkesenɟinni, tarakam illoːttən.",irka-sən-ɟi-nni	ili	keːke-sen-ɟi-nni	tarakam	il-loːt-tə-n,scream-TAM1-FUT-2SG	or.R	whistle-TAM1-FUT-2SG	at.that.time	stop-HAB-NFUT-3SG,"Only when you scream or whistle will it stop.' (lit: `You will scream or whistle, then it stops.'",B3,32,even1260,even1260a,WORD_ALIGNED,"{""TAM"": ""Polysemous TAM marker"", ""FUT"": ""Future"", ""SG"": ""Singular"", ""HAB"": ""Habitual"", ""NFUT"": ""Non-future""}"
even1260a-B3-33,"ooj, iakaβulut biβeːtte oːn!",ooj	iak=aβu=lu=t	bi-βeːt-te	oːn,oh	what=EMPH=?=PTL	be-HAB-NFUT	DP,That's what (reindeer) there are!,B3,33,even1260,even1260a,WORD_ALIGNED,"{""EMPH"": ""Emphatic"", ""PTL"": ""Particle"", ""HAB"": ""Habitual"", ""NFUT"": ""Non-future"", ""DP"": ""Discourse particle""}"
even1260a-B3-34,ireptu tikulloːttu.,ireptu	tikul-loːt-t-u,even	get.angry-HAB-NFUT-1PL.EX,We even get angry.,B3,34,even1260,even1260a,WORD_ALIGNED,"{""HAB"": ""Habitual"", ""NFUT"": ""Non-future"", ""PL"": ""Plural"", ""EX"": ""Exclusive""}"
even1260a-B3-35,"nan moːʨeː ɟulgidit girkami oːn nusmalatən ikutiʨ ili oŋatlatən, tar iasallatən.",nan	moː-ʨ=eː	ɟul-gidi-t	girka-mi	oːn	nusma-la-tən	ikutiʨ	ili	oŋat-la-tən	tar	iasal-la-tən,and	wood-INS=EMPH	front-SIDE-ADVR	walk-SS.COND	DP	snout-LOC-PX.3PL	directly	or.R	nose-LOC-PX.3PL	DIST	eyes-LOC-PX.3PL,And then you walk with a stick in front and (wave at/hit) their snouts or their noses or  their eyes.,B3,35,even1260,even1260a,WORD_ALIGNED,"{""INS"": ""Instrumental"", ""EMPH"": ""Emphatic"", ""ADVR"": ""Adverbializer"", ""SS"": ""Same-subject converb"", ""COND"": ""Conditional-Temporal (converb)"", ""DP"": ""Discourse particle"", ""LOC"": ""Locative"", ""PX"": ""Possessive suffix"", ""PL"": ""Plural"", ""DIST"": ""Distal demonstrative""}"
even1260a-B3-36,"irkasanɟinni, tarakammaːk turɟir.",irka-san-ɟi-nni	tarakam=maːk	tur-ɟi-r,scream-TAM1-FUT-2SG	at.that.time=RESTR	restrain-FUT-3PL,"You will shout, only then will they restrain themselves.",B3,36,even1260,even1260a,WORD_ALIGNED,"{""TAM"": ""Polysemous TAM marker"", ""FUT"": ""Future"", ""SG"": ""Singular"", ""RESTR"": ""Restrictive"", ""PL"": ""Plural""}"
even1260a-B3-37,nan turriɟur tar oŋkəɟilla.,nan	tur-riɟur	tar	oŋkə-ɟi-l-la,and	restrain-SS.ANT.PL	DIST	graze-PROG-INCH-NFUT,"And having restrained themselves, they start to graze.",B3,37,even1260,even1260a,WORD_ALIGNED,"{""SS"": ""Same-subject converb"", ""ANT"": ""Anterior (converb)"", ""PL"": ""Plural"", ""DIST"": ""Distal demonstrative"", ""PROG"": ""Progressive"", ""INCH"": ""Inchoative"", ""NFUT"": ""Non-future""}"
even1260a-B3-38,orol orolgəʨin.,oro-l	oro-l-gəʨin,reindeer(domestic)-PL	reindeer(domestic)-PL-SML,Reindeer like reindeer.,B3,38,even1260,even1260a,WORD_ALIGNED,"{""PL"": ""Plural"", ""SML"": ""Similative""}"
even1260a-B3-39,nan i taduk ɟulle tegetniken oːn ili turubaludinni ili təbəkəŋgeji koladinni.,nan	i	ta-duk	ɟul-le	tege-t-niken	oːn	ili	turuba-lu-di-nni	ili	təbəkə-ŋ-ge-ji	kola-di-nni,and	and.R	DIST-ABL	front-LOC	sit.down-TAM2-SS.SIM1	DP	or.R	binoculars.R-VR-PROG-2SG	or.R	tobacco.R-POSS-DEST-PRFL.SG	drink(cold)-PROG-2SG,And then sitting you look with your binoculars or you smoke your tobacco.,B3,39,even1260,even1260a,WORD_ALIGNED,"{""DIST"": ""Distal demonstrative"", ""ABL"": ""Ablative"", ""LOC"": ""Locative"", ""TAM"": ""Polysemous TAM marker"", ""SS"": ""Same-subject converb"", ""SIM"": ""Simultaneous (converb)"", ""DP"": ""Discourse particle"", ""VR"": ""Verbalizer"", ""PROG"": ""Progressive"", ""SG"": ""Singular"", ""POSS"": ""Non-canonical possession"", ""DEST"": ""Destinative"", ""PRFL"": ""Reflexive possessive""}"
even1260a-B3-40,nan aːdunda oːn doklanil biβeːtte.,nan	aːdun=da	oːn	doklani-l	bi-βeːt-te,and	sometimes=ADD	DP	lame-PL	be-HAB-NFUT,And then sometimes there are lame ones.,B3,40,even1260,even1260a,WORD_ALIGNED,"{""ADD"": ""Additive"", ""DP"": ""Discourse particle"", ""PL"": ""Plural"", ""HAB"": ""Habitual"", ""NFUT"": ""Non-future""}"
even1260a-B3-41,doklanilbə tar ɟuːtki ŋenuɟinni orolbə tadu begdetniken.,doklani-l-bə	tar	ɟuː-tki	ŋen-u-ɟi-nni	oro-l-bə	ta-du	beg-de-t-niken,lame-PL-ACC	DIST	house-ALL	go(GNRC)-VAL-FUT-2SG	reindeer(domestic)-PL-ACC	DIST-DAT.ESS	medicine-VR-TAM2-SS.SIM1,"The lame ones you bring home, healing the reindeer there.",B3,41,even1260,even1260a,WORD_ALIGNED,"{""PL"": ""Plural"", ""ACC"": ""Accusative"", ""DIST"": ""Distal demonstrative"", ""ALL"": ""Allative"", ""GNRC"": ""Generic"", ""VAL"": ""Valency-change"", ""FUT"": ""Future"", ""SG"": ""Singular"", ""DAT"": ""Dative"", ""ESS"": ""Essive"", ""VR"": ""Verbalizer"", ""TAM"": ""Polysemous TAM marker"", ""SS"": ""Same-subject converb"", ""SIM"": ""Simultaneous (converb)""}"
even1260a-B3-42,"a uŋəlbə uːntəlbə, irekke estən ajiʨ uŋne, doklan taralbə kusʨinikende ɟaβnikan.",a	uŋə-l-bə	uːntə-l-bə	irek=ke	e-s-tən	aji-ʨ	uŋ-ne	doklan	tara-l-bə	kusʨi-niken=de	ɟaβ-nikan,ADVRS.CONJ.R	FLR-PL-ACC	other-PL-ACC	which=FOC	NEG-NFUT-3PL	good-ADVR	FLR-NEG.CVB	lame	DIST-PL-ACC	herd.reindeer(day)-SS.SIM1=ADD	catch.hold-SS.SIM1,"But others, those which don't do something, those you catch while herding.",B3,42,even1260,even1260a,WORD_ALIGNED,"{""ADVRS"": ""Adversative"", ""CONJ"": ""Conjunction"", ""FLR"": ""Filler"", ""PL"": ""Plural"", ""ACC"": ""Accusative"", ""FOC"": ""Focus"", ""NEG"": ""Negative; by itself: Negative auxiliary"", ""NFUT"": ""Non-future"", ""ADVR"": ""Adverbializer"", ""CVB"": ""Converb"", ""DIST"": ""Distal demonstrative"", ""SS"": ""Same-subject converb"", ""SIM"": ""Simultaneous (converb)"", ""ADD"": ""Additive""}"
even1260a-B3-43,tarmə tiːkbeɟi iak medikamenten biɟin?,tarmə	tiːk=beɟi	iak	medikamente-n	bi-ɟi-n,but	now=EMPH	what	medicine.R-PX.3SG	be-FUT-3SG,"But now, what medicine would there be?",B3,43,even1260,even1260a,WORD_ALIGNED,"{""EMPH"": ""Emphatic"", ""PX"": ""Possessive suffix"", ""SG"": ""Singular"", ""FUT"": ""Future""}"
even1260a-B3-44,aʨʨa iakta.,aʨʨa	iak=ta,NEG.EXIST	what=ADD,There is nothing.,B3,44,even1260,even1260a,WORD_ALIGNED,"{""NEG"": ""Negative; by itself: Negative auxiliary"", ""EXIST"": ""Existential"", ""ADD"": ""Additive""}"
even1260a-B4-1,tugenidu goru ilatʨoːttu umendu tuːrdu.,tugeni-du	goru	ila-t-ʨoːt-t-u	umen-du	tuːr-du,winter-DAT.ESS	long	stand.up-TAM2-HAB-NFUT-1PL.EX	one-DAT.ESS	place-DAT.ESS,In winter we stand in one place for a long time.,B4,1,even1260,even1260a,WORD_ALIGNED,"{""DAT"": ""Dative"", ""ESS"": ""Essive"", ""TAM"": ""Polysemous TAM marker"", ""HAB"": ""Habitual"", ""NFUT"": ""Non-future"", ""PL"": ""Plural"", ""EX"": ""Exclusive""}"
even1260a-B4-2,imannakkasi tiːke.,imanna=kka=si	tiːke,snow=FOC=CONTR	now,Because there's snow.,B4,2,even1260,even1260a,WORD_ALIGNED,"{""FOC"": ""Focus"", ""CONTR"": ""Contrastive""}"
even1260a-B4-3,"liš by tuːr egɟen biden, specialno tugeni pastbiščen, kusʨimŋe binni tuːr.",liš	by	tuːr	egɟen	bi-de-n	specialno	tugeni	pastbišče-n	kusʨi-mŋe	bi-n-ni	tuːr,only.R	PTL.R	place	big	be-VS.PURP-3SG	special.R	winter	pasture.R-PX.3SG	herd.reindeer(day)-AGNR	be-NFUT-3SG	place,"As long as the place is large, a special winter pasture.'\footnote{In winter the reindeer herds camp on plateaus, where there is a lot of reindeer moss. In summer they move to the mountains, where the bushes are small. This is important because in summer the fur between the hooves hasn't grown out yet, and big hard bushes can damage the skin between the hooves. This in turn makes them susceptible to a bacterial infection called \textit{kopytica} or \textit{kopytka} in Russian (`hoof rot' in English).",B4,3,even1260,even1260a,WORD_ALIGNED,"{""PTL"": ""Particle"", ""VS"": ""Variable-subject converb"", ""PURP"": ""Purposive"", ""SG"": ""Singular"", ""PX"": ""Possessive suffix"", ""AGNR"": ""Agent nominalizer"", ""NFUT"": ""Non-future""}"
even1260a-B4-4,ilkanta egɟen tuːr.,ilkan=ta	egɟen	tuːr,true=PTL	big	place,A truly large place.,B4,4,even1260,even1260a,WORD_ALIGNED,"{""PTL"": ""Particle""}"
even1260a-B4-5,tadu ilamda atkikam ilatʨoːtta.,ta-du	ila-m=da	atkika-m	ila-t-ʨoːt-ta,DIST-DAT.ESS	three-ACC=ADD	month-ACC	stand.up-TAM2-HAB-NFUT,And there they stand three months.,B4,5,even1260,even1260a,WORD_ALIGNED,"{""DIST"": ""Distal demonstrative"", ""DAT"": ""Dative"", ""ESS"": ""Essive"", ""ACC"": ""Accusative"", ""ADD"": ""Additive"", ""TAM"": ""Polysemous TAM marker"", ""HAB"": ""Habitual"", ""NFUT"": ""Non-future""}"
even1260a-B4-6,jurtaβesi teːββoːtte egɟeːmkeru.,jurta-βe=si	teːβ-βoːt-te	egɟeː-mker-u,yurt.R-ACC=CONTR	put.down-HAB-NFUT	big-AUG.INDEF-ACC,They put up a huge yurt.,B4,6,even1260,even1260a,WORD_ALIGNED,"{""ACC"": ""Accusative"", ""CONTR"": ""Contrastive"", ""HAB"": ""Habitual"", ""NFUT"": ""Non-future"", ""AUG"": ""Augmentative"", ""INDEF"": ""Indefinite""}"
even1260a-B4-7,tabiʨ ɲamuda.,tabiʨ	ɲamu=da,and.then	warm=ADD,It's warm.,B4,7,even1260,even1260a,WORD_ALIGNED,"{""ADD"": ""Additive""}"
even1260a-B4-8,tala doːlan ilatʨoːttan kamin.,ta-la	doː-la-n	ila-t-ʨoːt-ta-n	kamin,DIST-LOC	inside-LOC-PX.3SG	stand.up-TAM2-HAB-NFUT-3SG	fireplace.R,Inside stands a stove.,B4,8,even1260,even1260a,WORD_ALIGNED,"{""DIST"": ""Distal demonstrative"", ""LOC"": ""Locative"", ""PX"": ""Possessive suffix"", ""SG"": ""Singular"", ""TAM"": ""Polysemous TAM marker"", ""HAB"": ""Habitual"", ""NFUT"": ""Non-future""}"
even1260a-B4-9,"pastuxal orroːtte, umenda pastux ili ɟuːrde moːβ moːlidɟoːtta, a ɟuːrde orroːtte ortaki orbe eŋeneβeːtte.",pastuxa-l	or-roːt-te	umen=da	pastux	ili	ɟuːr=de	moː-β	moː-li-d-ɟoːt-ta	a	ɟuːr=de	or-roːt-te	or-taki	or-be	eŋe-ne-βeːt-te,herder.R-PL	go(UNIDIR)-HAB-NFUT	one=ADD	herder.R	or.R	two=ADD	wood-ACC	wood-VR(FETCH)-PROG-HAB-NFUT	ADVRS.CONJ.R	two=ADD	go(UNIDIR)-HAB-NFUT	reindeer.herd-ALL	reindeer.herd-ACC	take.a.look-AM-HAB-NFUT,"The herders go, one or two herders prepare firewood, and two go to the herd to look after the reindeer.",B4,9,even1260,even1260a,WORD_ALIGNED,"{""PL"": ""Plural"", ""UNIDIR"": ""Unidirectional"", ""HAB"": ""Habitual"", ""NFUT"": ""Non-future"", ""ADD"": ""Additive"", ""ACC"": ""Accusative"", ""VR"": ""Verbalizer"", ""PROG"": ""Progressive"", ""ADVRS"": ""Adversative"", ""CONJ"": ""Conjunction"", ""ALL"": ""Allative"", ""AM"": ""Associated Motion""}"
even1260a-B4-10,nan tar.,nan	tar,and	DP,Like that.,B4,10,even1260,even1260a,WORD_ALIGNED,"{""DP"": ""Discourse particle""}"
even1260a-B4-11,a biː oleːtiɟilloːttem.,a	biː	oleː-ti-ɟi-l-loːt-te-m,ADVRS.CONJ.R	1SG	cook-TAM2-PROG-INCH-HAB-NFUT-1SG,"And I start to cook.'\footnote{There used to be two \textit{čumrabotniсy} (`yurt workers') per reindeer herding brigade, and each worked every second day. On her day off, Valentina Axmetova used to take the time to prepare hides (at least in winter) and to cut out the leather and to sew clothes.",B4,11,even1260,even1260a,WORD_ALIGNED,"{""ADVRS"": ""Adversative"", ""CONJ"": ""Conjunction"", ""SG"": ""Singular"", ""TAM"": ""Polysemous TAM marker"", ""PROG"": ""Progressive"", ""INCH"": ""Inchoative"", ""HAB"": ""Habitual"", ""NFUT"": ""Non-future""}"
even1260a-B4-12,"koteliɲɟeji kamindula teːβrem, moː ereger oːja biβeːtten, ɲamiː biβeːtten, jurtadu.",koteli-ɲɟe-ji	kamin-dula	teːβ-re-m	moː	ereger	oːja	bi-βeːt-te-n	ɲam=iː	bi-βeːt-te-n	jurta-du,big.pot.R-AUG.PSD-PRFL.SG	fireplace.R-LOC	put.down-NFUT-1SG	wood	always	many	be-HAB-NFUT-3SG	warm=EMPH	be-HAB-NFUT-3SG	yurt.R-DAT.ESS,"I put my big pot on the fireplace, there's always a lot of wood, it's warm in the yurt.",B4,12,even1260,even1260a,WORD_ALIGNED,"{""AUG"": ""Augmentative"", ""PSD"": ""Possessed"", ""PRFL"": ""Reflexive possessive"", ""SG"": ""Singular"", ""LOC"": ""Locative"", ""NFUT"": ""Non-future"", ""HAB"": ""Habitual"", ""EMPH"": ""Emphatic"", ""DAT"": ""Dative"", ""ESS"": ""Essive""}"
even1260a-B4-13,"nan tar oleːtiɟilloːttem ulleŋi, tobakʨaːnɟi onnoːttam timnikkoːttem.",nan	tar	oleː-ti-ɟi-l-loːt-te-m	ulle-ŋ-i	tobak-ʨaːn-ɟi	on-noːt-ta-m	timnik-koːt-te-m,and	DP	cook-TAM2-PROG-INCH-HAB-NFUT-1SG	meat-POSS-PRFL.SG	axe.R-DIM.PSD-INS.PRFL.SG	chop-HAB-NFUT-1SG	chop.up-HAB-NFUT-1SG,"And I start to cook meat, I chop up (the meat) into small pieces with my small axe.",B4,13,even1260,even1260a,WORD_ALIGNED,"{""DP"": ""Discourse particle"", ""TAM"": ""Polysemous TAM marker"", ""PROG"": ""Progressive"", ""INCH"": ""Inchoative"", ""HAB"": ""Habitual"", ""NFUT"": ""Non-future"", ""SG"": ""Singular"", ""POSS"": ""Non-canonical possession"", ""PRFL"": ""Reflexive possessive"", ""DIM"": ""Diminutive "", ""PSD"": ""Possessed"", ""INS"": ""Instrumental""}"
even1260a-B4-14,"giakiβ oleːβeːttem, supuda, kapusta biseken boršč.",giaki-β	oleː-βeːt-te-m	sup-u=da	kapusta	bi-seke-n	boršč,various-ACC	cook-HAB-NFUT-1SG	soup.R-ACC=ADD	cabbage.R	be-DS.COND-3SG	borsht.R,"I cook various things, soup, and when there's cabbage, borsht.",B4,14,even1260,even1260a,WORD_ALIGNED,"{""ACC"": ""Accusative"", ""HAB"": ""Habitual"", ""NFUT"": ""Non-future"", ""SG"": ""Singular"", ""ADD"": ""Additive"", ""DS"": ""Different-subject converb"", ""COND"": ""Conditional-Temporal (converb)""}"
even1260a-B4-15,"kašaβda plov, pelmemde nekidɟoːttu.",kaša-β=da	plov	pelme-m=de	neki-d-ɟoːt-t-u,porridge.R-ACC=ADD	plov.R	pelmeni.R-ACC=ADD	do-PROG-HAB-NFUT-1PL.EX,"Porridge and plov, and we make pelmeni.",B4,15,even1260,even1260a,WORD_ALIGNED,"{""ACC"": ""Accusative"", ""ADD"": ""Additive"", ""PROG"": ""Progressive"", ""HAB"": ""Habitual"", ""NFUT"": ""Non-future"", ""PL"": ""Plural"", ""EX"": ""Exclusive""}"
even1260a-B4-16,"tabaʨisi kiliebiβmisi- ɟulle lepёškiβ nekkoːtte, tiːtel, potomu čto eʨil aːr oːn kiliebu nekkoːtten, ilkan kiliebu.",tabaʨi=si	kiliebiβ-mi=si	ɟul-le	lepёški-β	nek-koːt-te	tiːtel	{potomu\_čto}	e-ʨi-l	aː-r	oːn	kilieb-u	nek-koːt-te-n	ilkan	kilieb-u,and.then=CONTR	make.bread-SS.COND=CONTR	front-LOC	flatbread.R-ACC	do-HAB-NFUT	long.ago	because.R	NEG-PST-PL	know-NEG.CVB	how	bread.R-ACC	do-HAB-NFUT-3SG	true	bread.R-ACC,"And when we make bread -- previously they made flatbread, long ago, because they didn't know how one makes bread, real bread.",B4,16,even1260,even1260a,WORD_ALIGNED,"{""CONTR"": ""Contrastive"", ""SS"": ""Same-subject converb"", ""COND"": ""Conditional-Temporal (converb)"", ""LOC"": ""Locative"", ""ACC"": ""Accusative"", ""HAB"": ""Habitual"", ""NFUT"": ""Non-future"", ""NEG"": ""Negative; by itself: Negative auxiliary"", ""PST"": ""Past"", ""PL"": ""Plural"", ""CVB"": ""Converb"", ""SG"": ""Singular""}"
even1260a-B4-17,"tabaʨisi, testoβ nekkoːtte egɟendu kastrjuljadu ʨeledun oːja biden, kiliep.",tabaʨi=si	testo-β	nek-koːt-te	egɟen-du	kastrjulja-du	ʨele-du-n	oːja	bi-de-n	kiliep,and.then=CONTR	dough.R-ACC	do-HAB-NFUT	big-DAT.ESS	pot.R-DAT.ESS	all-DAT.ESS-PX.3SG	many	be-VS.PURP-3SG	bread.R,"And then, the dough they make in a big pot, so that there will be a lot of bread for everyone.",B4,17,even1260,even1260a,WORD_ALIGNED,"{""CONTR"": ""Contrastive"", ""ACC"": ""Accusative"", ""HAB"": ""Habitual"", ""NFUT"": ""Non-future"", ""DAT"": ""Dative"", ""ESS"": ""Essive"", ""PX"": ""Possessive suffix"", ""SG"": ""Singular"", ""VS"": ""Variable-subject converb"", ""PURP"": ""Purposive""}"
even1260a-B4-18,"a potom, vot v devjanosto pjatye gody uže aːmalkaritan kiliebu nekteβur.",a	potom	vot	v	devjanosto	pjatye	gody	uže	aːmalka-ri-tan	kilieb-u	nek-te-βur,ADVRS.CONJ.R	then.R	presentational.R	in.R	ninety.R	fifth.PL.R	years.R	already.R	learn[COMPL]-PST-3PL	bread.R-ACC	do-VS.PURP-PRFL.PL,"And then, in the year 1995 (lit. `in the years') they learned how to bake bread.",B4,18,even1260,even1260a,WORD_ALIGNED,"{""ADVRS"": ""Adversative"", ""CONJ"": ""Conjunction"", ""PL"": ""Plural"", ""COMPL"": ""Completive"", ""PST"": ""Past"", ""ACC"": ""Accusative"", ""VS"": ""Variable-subject converb"", ""PURP"": ""Purposive"", ""PRFL"": ""Reflexive possessive""}"
even1260a-B4-19,biː nekkoːttem giakidu uŋdu kastrjuljaldu.,biː	nek-koːt-te-m	giaki-du	uŋ-du	kastrjulja-l-du,1SG	do-HAB-NFUT-1SG	various-DAT.ESS	FLR-DAT.ESS	pot.R-PL-DAT.ESS,I make (bread) in various pots.,B4,19,even1260,even1260a,WORD_ALIGNED,"{""SG"": ""Singular"", ""HAB"": ""Habitual"", ""NFUT"": ""Non-future"", ""DAT"": ""Dative"", ""ESS"": ""Essive"", ""FLR"": ""Filler"", ""PL"": ""Plural""}"
even1260a-B4-20,irelke kastrjulja erroːʨinda erroːʨinda teːββoːttem.,ire-l=ke	kastrjulja	erroːʨin=da	erroːʨin=da	teːβ-βoːt-te-m,which-PL=FOC	pot.R	PROX.QUAL=ADD	PROX.QUAL=ADD	put.down-HAB-NFUT-1SG,"Which pots, and like this and like this, I put (the dough).",B4,20,even1260,even1260a,WORD_ALIGNED,"{""PL"": ""Plural"", ""FOC"": ""Focus"", ""PROX"": ""Proximal (demonstrative)"", ""QUAL"": ""Qualitative"", ""ADD"": ""Additive"", ""HAB"": ""Habitual"", ""NFUT"": ""Non-future"", ""SG"": ""Singular""}"
even1260a-B4-21,eʨin podnimetsja.,eʨin	podnimetsja,PROX.QUAL	rise.FUT.3SG.R,Like this it rises.,B4,21,even1260,even1260a,WORD_ALIGNED,"{""PROX"": ""Proximal (demonstrative)"", ""QUAL"": ""Qualitative"", ""FUT"": ""Future"", ""SG"": ""Singular""}"
even1260a-B4-22,podnjallakan prjamo na pečke ilatʨoːttan kastrjulja.,podnjal-laka-n	prjamo	na	pečke	ila-t-ʨoːt-ta-n	kastrjulja,rise.PST.M.R-DS.COND-3SG	straight.R	on.R	stove.PREP.R	stand.up-TAM2-HAB-NFUT-3SG	pot.R,"When (the dough) has risen, it stands right on top of the stove, the pot.'\footnote{So when the dough has risen the pot is put onto the stove to bake the bread.",B4,22,even1260,even1260a,WORD_ALIGNED,"{""PST"": ""Past"", ""DS"": ""Different-subject converb"", ""COND"": ""Conditional-Temporal (converb)"", ""SG"": ""Singular"", ""PREP"": ""Prepositional case (in Russian nouns)"", ""TAM"": ""Polysemous TAM marker"", ""HAB"": ""Habitual"", ""NFUT"": ""Non-future""}"
even1260a-B4-23,"iʨinni kraja uže rumjannye, nan taβgidaβan.",iʨ-i-nni	kraja	uže	rumjannye	nan	taβgida-βa-n,see-NFUT-2SG	sides.R	already.R	rosy.R	and	opposite.side-ACC-PX.3SG,"You see, the sides are already dark, and the other side.'\footnote{All this was accompanied by gestures showing the process of making bread in a yurt.",B4,23,even1260,even1260a,WORD_ALIGNED,"{""NFUT"": ""Non-future"", ""SG"": ""Singular"", ""ACC"": ""Accusative"", ""PX"": ""Possessive suffix""}"
even1260a-B4-24,umekit dalla biβeːtten i noːd biβeːtten kiliebe.,umekit	dalla	bi-βeːt-te-n	i	noːd	bi-βeːt-te-n	kiliebe,very	tasty	be-HAB-NFUT-3SG	and.R	pretty	be-HAB-NFUT-3SG	bread.R,"It is very tasty and it is pretty, the bread.",B4,24,even1260,even1260a,WORD_ALIGNED,"{""HAB"": ""Habitual"", ""NFUT"": ""Non-future"", ""SG"": ""Singular""}"
even1260a-B4-25,"risunokilken, potomu čto erenke bityj biβeːtten oːnda tali ikutiʨ bitye.",risunoki-lken	{potomu\_čto}	ere-n=ke	bityj	bi-βeːt-te-n	oːn=da	ta-li	ikutiʨ	bitye,pattern.R-PROP	because.R	bottom-PX.3SG=FOC	beaten.R	be-HAB-NFUT-3SG	how=ADD	DIST-PROL	directly	beaten.R,"With a pattern, because the bottom (of the pot) is usually beaten (with bumps), so (the bread) also has bumps.",B4,25,even1260,even1260a,WORD_ALIGNED,"{""PROP"": ""Proprietive"", ""PX"": ""Possessive suffix"", ""SG"": ""Singular"", ""FOC"": ""Focus"", ""HAB"": ""Habitual"", ""NFUT"": ""Non-future"", ""ADD"": ""Additive"", ""DIST"": ""Distal demonstrative"", ""PROL"": ""Prolative""}"
even1260a-B4-26,noːd umekiʨ kiliep.,noːd	umekiʨ	kiliep,pretty	very	bread.R,Very pretty bread.,B4,26,even1260,even1260a,WORD_ALIGNED,{}
even1260a-B4-27,ɟuganidusi ereger ilam ineŋu bisnoːttu ɟuːrbe ilam ineŋu nanda ʨaːski nudɟoːttu.,ɟugani-du=si	ereger	ila-m	ineŋ-u	bi-s-noːt-t-u	ɟuːr-be	ila-m	ineŋ-u	nan=da	ʨaː-ski	nud-ɟoːt-t-u,summer-DAT.ESS=CONTR	always	three-ACC	day-ACC	be-TAM1-HAB-NFUT-1PL.EX	two-ACC	three-ACC	day-ACC	and=ADD	far-ADVB.ALL	migrate-HAB-NFUT-1PL.EX,"But in summer we always stay (in one place) for a bit, two or three days, and then we migrate further.",B4,27,even1260,even1260a,WORD_ALIGNED,"{""DAT"": ""Dative"", ""ESS"": ""Essive"", ""CONTR"": ""Contrastive"", ""ACC"": ""Accusative"", ""TAM"": ""Polysemous TAM marker"", ""HAB"": ""Habitual"", ""NFUT"": ""Non-future"", ""PL"": ""Plural"", ""EX"": ""Exclusive"", ""ADD"": ""Additive"", ""ADVB"": ""Adverbial"", ""ALL"": ""Allative""}"
even1260a-B4-28,tiːkesi orol oraːtu ɟebniken ereger girkar i ɲoːʨe desʨisnen.,tiːke=si	oro-l	oraːt-u	ɟeb-niken	ereger	girka-r	i	ɲoːʨe	desʨi-s-ne-n,now=CONTR	reindeer(domestic)-PL	grass-ACC	eat-SS.SIM1	always	walk-3PL	and.R	plant	lie-TAM1-NFUT-3SG,Because the reindeer walk while they eat and the grass is flattened.' (lit. `lies down',B4,28,even1260,even1260a,WORD_ALIGNED,"{""CONTR"": ""Contrastive"", ""PL"": ""Plural"", ""ACC"": ""Accusative"", ""SS"": ""Same-subject converb"", ""SIM"": ""Simultaneous (converb)"", ""TAM"": ""Polysemous TAM marker"", ""NFUT"": ""Non-future"", ""SG"": ""Singular""}"
even1260a-B4-29,goru esten ilatʨoːtta.,goru	e-s-ten	ila-t-ʨoːt-ta,long	NEG-NFUT-3PL	stand.up-TAM2-HAB-NEG.CVB,And (that is why) they don't stand (stay in one place) for a long time.,B4,29,even1260,even1260a,WORD_ALIGNED,"{""NEG"": ""Negative; by itself: Negative auxiliary"", ""NFUT"": ""Non-future"", ""PL"": ""Plural"", ""TAM"": ""Polysemous TAM marker"", ""HAB"": ""Habitual"", ""CVB"": ""Converb""}"
even1260a-B4-30,buː eʨin nekkoːttu.,buː	eʨin	nek-koːt-t-u,1PL.EX	PROX.QUAL	do-HAB-NFUT-1PL.EX,We do like this.,B4,30,even1260,even1260a,WORD_ALIGNED,"{""PL"": ""Plural"", ""EX"": ""Exclusive"", ""PROX"": ""Proximal (demonstrative)"", ""QUAL"": ""Qualitative"", ""HAB"": ""Habitual"", ""NFUT"": ""Non-future""}"
even1260a-B4-31,"iːseʨin ojilbe ejdu neːkettu ʨeleɟur, etikeːmude, biːde i pastuxi biddil umiβra ejdu.",iːseʨin	oji-l-be	ejdu	neː-ket-t-u	ʨele-ɟur	etikeːm-u=de	biː=de	i	pastuxi	bi-d-di-l	umiβ-ra	ejdu,evening	clothes-PL-ACC	all	put-MULT-NFUT-1PL.EX	all-INS.PRFL.PL	old.man-PX.1SG=ADD	1SG=ADD	and.R	herder.R	be-PROG-PRS.PTCP-PL	pack-NFUT	all,"In the evening we pack all our things, my husband, the herders and I, they pack everything.",B4,31,even1260,even1260a,WORD_ALIGNED,"{""PL"": ""Plural"", ""ACC"": ""Accusative"", ""MULT"": ""Multiplicative"", ""NFUT"": ""Non-future"", ""EX"": ""Exclusive"", ""INS"": ""Instrumental"", ""PRFL"": ""Reflexive possessive"", ""PX"": ""Possessive suffix"", ""SG"": ""Singular"", ""ADD"": ""Additive"", ""PROG"": ""Progressive"", ""PRS"": ""Present"", ""PTCP"": ""Participle""}"
even1260a-B4-32,palatkada doːβan ejdu muŋgerele innoːttu.,palatka=da	doː-βa-n	ejdu	muŋgere-le	in-noːt-t-u,tent.R=ADD	inside-ACC-PX.3SG	all	paired.saddle.bags-LOC	shove.into-HAB-NFUT-1PL.EX,We pack everything inside the tent into paired saddle-bags.,B4,32,even1260,even1260a,WORD_ALIGNED,"{""ADD"": ""Additive"", ""ACC"": ""Accusative"", ""PX"": ""Possessive suffix"", ""SG"": ""Singular"", ""LOC"": ""Locative"", ""HAB"": ""Habitual"", ""NFUT"": ""Non-future"", ""PL"": ""Plural"", ""EX"": ""Exclusive""}"
even1260a-B4-33,jurtaʨemun pustoj ilattan.,jurta-ʨe-mun	pustoj	ila-t-ta-n,yurt.R-DIM.PSD-PX.1PL.EX	empty.R	stand.up-TAM2-NFUT-3SG,Only the empty yurt (remains) standing.,B4,33,even1260,even1260a,WORD_ALIGNED,"{""DIM"": ""Diminutive "", ""PSD"": ""Possessed"", ""PX"": ""Possessive suffix"", ""PL"": ""Plural"", ""EX"": ""Exclusive"", ""TAM"": ""Polysemous TAM marker"", ""NFUT"": ""Non-future"", ""SG"": ""Singular""}"
even1260a-B4-34,"tala ejdu neːʨe, iakta aʨʨa.",ta-la	ejdu	neː-ʨe	iak=ta	aʨʨa,DIST-LOC	all	put-RES.PST	what=ADD	NEG.EXIST,"There, everything is packed, there's nothing.",B4,34,even1260,even1260a,WORD_ALIGNED,"{""DIST"": ""Distal demonstrative"", ""LOC"": ""Locative"", ""RES"": ""Resultative"", ""PST"": ""Past"", ""ADD"": ""Additive"", ""NEG"": ""Negative; by itself: Negative auxiliary"", ""EXIST"": ""Existential""}"
even1260a-B4-35,ʨeleɟisi neːketʨe muŋgerele.,ʨele-ɟi=si	neː-ket-ʨe	muŋgere-le,all-INS.PRFL.SG=CONTR	put-MULT-RES.PST	paired.saddle.bags-LOC,Everything is packed in the paired saddle-bags.,B4,35,even1260,even1260a,WORD_ALIGNED,"{""INS"": ""Instrumental"", ""PRFL"": ""Reflexive possessive"", ""SG"": ""Singular"", ""CONTR"": ""Contrastive"", ""MULT"": ""Multiplicative"", ""RES"": ""Resultative"", ""PST"": ""Past"", ""LOC"": ""Locative""}"
even1260a-B4-36,tolko ulaːβaːttu čaškalbi.,tolko	ulaː-βaːt-t-u	čaška-l-bi,only.R	leave-HAB-NFUT-1PL.EX	cup.R-PL-PRFL.SG,We leave only our cups.,B4,36,even1260,even1260a,WORD_ALIGNED,"{""HAB"": ""Habitual"", ""NFUT"": ""Non-future"", ""PL"": ""Plural"", ""EX"": ""Exclusive"", ""PRFL"": ""Reflexive possessive"", ""SG"": ""Singular""}"
even1260a-B4-37,"iːseʨin biː oleːβeːttem ulleβu, kotёlu, kiliebeŋude oːja.",iːseʨin	biː	oleː-βeːt-te-m	ulle-βu	kotёl-u	kiliebe-ŋ-u=de	oːja,evening	1SG	cook-HAB-NFUT-1SG	meat-ACC	big.pot.R-ACC	bread.R-POSS-PX.1SG=ADD	many,"In the evening I cook meat, a pot (full), I have a lot of bread.",B4,37,even1260,even1260a,WORD_ALIGNED,"{""SG"": ""Singular"", ""HAB"": ""Habitual"", ""NFUT"": ""Non-future"", ""ACC"": ""Accusative"", ""POSS"": ""Non-canonical possession"", ""PX"": ""Possessive suffix"", ""ADD"": ""Additive""}"
even1260a-B4-38,"taraβusi ulleβu oleːʨeβ, ikut taʨin oleːʨeβ neːdem elekle.",tara-βu=si	ulle-βu	oleː-ʨe-β	ikutiʨ	taʨin	oleː-ʨe-β	neː-de-m	elek-le,DIST-ACC=CONTR	meat-ACC	cook-PST.PTCP-ACC	directly	DIST.QUAL	cook-PST.PTCP-ACC	put-NFUT-1SG	bag-LOC,This meat which I cooked I put straight into a bag just cooked.,B4,38,even1260,even1260a,WORD_ALIGNED,"{""DIST"": ""Distal demonstrative"", ""ACC"": ""Accusative"", ""CONTR"": ""Contrastive"", ""PST"": ""Past"", ""PTCP"": ""Participle"", ""QUAL"": ""Qualitative"", ""NFUT"": ""Non-future"", ""SG"": ""Singular"", ""LOC"": ""Locative""}"
even1260a-B4-39,nan neːdu.,nan	neː-d-u,and	put-NFUT-1PL.EX,And we put (it).,B4,39,even1260,even1260a,WORD_ALIGNED,"{""NFUT"": ""Non-future"", ""PL"": ""Plural"", ""EX"": ""Exclusive""}"
even1260a-B4-40,"taraβ baɟikar iluddutken, iluru ɟebisnu.",tara-β	baɟikar	ilu-d-d-u=tken	ilu-r-u	ɟebi-s-n-u,DIST-ACC	morning	drink(hot)-PROG-NFUT-1PL.EX=RESTR	drink(hot)-NFUT-1PL.EX	eat-TAM1-NFUT-1PL.EX,And in the morning we just drink (tea) and eat a bit.,B4,40,even1260,even1260a,WORD_ALIGNED,"{""DIST"": ""Distal demonstrative"", ""ACC"": ""Accusative"", ""PROG"": ""Progressive"", ""NFUT"": ""Non-future"", ""PL"": ""Plural"", ""EX"": ""Exclusive"", ""RESTR"": ""Restrictive"", ""TAM"": ""Polysemous TAM marker""}"
even1260a-B4-41,"taraβ ʨeleβen muŋgerele, pustoj ele bidɟoːtten.",tara-β	ʨele-βe-n	muŋgere-le	pustoj	e-le	bi-d-ɟoːt-te-n,DIST-ACC	all-ACC-PX.3SG	paired.saddle.bags-LOC	empty.R	PROX-LOC	be-PROG-HAB-NFUT-3SG,"And then (I put) everything into a saddle-bag, an empty one is right here.",B4,41,even1260,even1260a,WORD_ALIGNED,"{""DIST"": ""Distal demonstrative"", ""ACC"": ""Accusative"", ""PX"": ""Possessive suffix"", ""SG"": ""Singular"", ""LOC"": ""Locative"", ""PROX"": ""Proximal (demonstrative)"", ""PROG"": ""Progressive"", ""HAB"": ""Habitual"", ""NFUT"": ""Non-future""}"
even1260a-B4-42,"tala biː kuxnjaji neːdem ejdu ʨeleβen aliːkalbi, irkaːrbi, kruškaβ, ʨeleβen.",ta-la	biː	kuxnja-ji	neː-de-m	ejdu	ʨele-βe-n	aliːka-l-bi	irkaː-r-bi	kruška-β	ʨele-βe-n,DIST-LOC	1SG	kitchen.R-PRFL.SG	put-NFUT-1SG	all	all-ACC-PX.3SG	dish-PL-PRFL.SG	knife-PL-PRFL.SG	mug.R-ACC	all-ACC-PX.3SG,"There I pack my kitchen, everything, dishes, knives, cups, everything.",B4,42,even1260,even1260a,WORD_ALIGNED,"{""DIST"": ""Distal demonstrative"", ""LOC"": ""Locative"", ""SG"": ""Singular"", ""PRFL"": ""Reflexive possessive"", ""NFUT"": ""Non-future"", ""ACC"": ""Accusative"", ""PX"": ""Possessive suffix"", ""PL"": ""Plural""}"
even1260a-B4-43,"nanta tala neːmelʨirem, aːnasi palatkaʨarbur atalla.",nan=ta	ta-la	neː-melʨi-re-m	aːna=si	palatka-ʨa-r-bur	atal-la,and=PTL	DIST-LOC	put-ACCEL-NFUT-1SG	other=CONTR	tent.R-DIM.PSD-PL-PRFL.PL	take.off-NFUT,"I pack everything there quickly, and the others take down the tents.",B4,43,even1260,even1260a,WORD_ALIGNED,"{""PTL"": ""Particle"", ""DIST"": ""Distal demonstrative"", ""LOC"": ""Locative"", ""ACCEL"": ""Accelerative"", ""NFUT"": ""Non-future"", ""SG"": ""Singular"", ""CONTR"": ""Contrastive"", ""DIM"": ""Diminutive "", ""PSD"": ""Possessed"", ""PL"": ""Plural"", ""PRFL"": ""Reflexive possessive""}"
even1260a-B4-44,vobščem oblegčenno utrom.,vobščem	oblegčenno	utrom,in.general.R	simplified.R	in.the.morning.R,In general (we do things) simply in the morning.,B4,44,even1260,even1260a,WORD_ALIGNED,{}
even1260a-B4-45,a mialloːttu tunŋan ʨasla baɟikar.,a	mial-loːt-t-u	tunŋan	ʨas-la	baɟikar,ADVRS.CONJ.R	wake.up-HAB-NFUT-1PL.EX	five	hour-LOC	morning,And we get up at five in the morning.,B4,45,even1260,even1260a,WORD_ALIGNED,"{""ADVRS"": ""Adversative"", ""CONJ"": ""Conjunction"", ""HAB"": ""Habitual"", ""NFUT"": ""Non-future"", ""PL"": ""Plural"", ""EX"": ""Exclusive"", ""LOC"": ""Locative""}"
even1260a-B4-46,"tabaʨisi muralba oːɲattilba gaɟimalʨiβaːtta i namamalʨar nan badusnoːttuju, ʨaːski.",tabaʨi=si	mura-l-ba	oːɲa-t-ti-l-ba	gaɟi-malʨi-βaːt-ta	i	nama-malʨa-r	nan	badu-s-noːt-t-u=ju	ʨaː-ski,and.then=CONTR	horse-PL-ACC	tie.up-TAM2-PRS.PTCP-PL-ACC	fetch-ACCEL-HAB-NFUT	and.R	saddle-ACCEL-3PL	and	ride-TAM1-HAB-NFUT-1PL.EX=EXPRESSIVE	far-ADVB.ALL,"Then they quickly go fetch the horses that are tied up, saddle them quickly, and we ride on further.",B4,46,even1260,even1260a,WORD_ALIGNED,"{""CONTR"": ""Contrastive"", ""PL"": ""Plural"", ""ACC"": ""Accusative"", ""TAM"": ""Polysemous TAM marker"", ""PRS"": ""Present"", ""PTCP"": ""Participle"", ""ACCEL"": ""Accelerative"", ""HAB"": ""Habitual"", ""NFUT"": ""Non-future"", ""EX"": ""Exclusive"", ""ADVB"": ""Adverbial"", ""ALL"": ""Allative""}"
even1260a-B4-47,nan tar uže svjaz biβeːtten s centrom polodinadcatogo.,nan	tar	uže	svjaz	bi-βeːt-te-n	s	centrom	polodinadcatogo,and	DIST	already.R	connection.R	be-HAB-NFUT-3SG	with.R	centre.INS.R	half.past.ten.R,And then there's the (radio) connection with the centre at half past ten.'\footnote{The ``centre'' is the administration of the collective farm in Anavgaj.,B4,47,even1260,even1260a,WORD_ALIGNED,"{""DIST"": ""Distal demonstrative"", ""HAB"": ""Habitual"", ""NFUT"": ""Non-future"", ""SG"": ""Singular"", ""INS"": ""Instrumental""}"
even1260a-B4-48,buː tarakam uže uriβeːttu.,buː	tarakam	uže	uri-βeːt-t-u,1PL.EX	at.that.time	already.R	set.up.camp-HAB-NFUT-1PL.EX,At that time we have already set up the next camp.,B4,48,even1260,even1260a,WORD_ALIGNED,"{""PL"": ""Plural"", ""EX"": ""Exclusive"", ""HAB"": ""Habitual"", ""NFUT"": ""Non-future""}"
even1260a-B4-49,nulgeβeːttu ereger iŋenisʨiriβ.,nulge-βeːt-t-u	ereger	iŋeni-sʨi-ri-β,migrate-HAB-NFUT-1PL.EX	always	be.cold-ATTN-PRS.PTCP-ACC,We always migrate when it's cool.,B4,49,even1260,even1260a,WORD_ALIGNED,"{""HAB"": ""Habitual"", ""NFUT"": ""Non-future"", ""PL"": ""Plural"", ""EX"": ""Exclusive"", ""ATTN"": ""Attenuative"", ""PRS"": ""Present"", ""PTCP"": ""Participle"", ""ACC"": ""Accusative""}"
even1260a-B4-50,baɟiʨisi buː illiɟur nuddoːttu.,baɟiʨi=si	buː	il-liɟur	nud-doːt-t-u,early=CONTR	1PL.EX	stand.up-SS.ANT.PL	migrate-HAB-NFUT-1PL.EX,We get up early and leave.,B4,50,even1260,even1260a,WORD_ALIGNED,"{""CONTR"": ""Contrastive"", ""PL"": ""Plural"", ""EX"": ""Exclusive"", ""SS"": ""Same-subject converb"", ""ANT"": ""Anterior (converb)"", ""HAB"": ""Habitual"", ""NFUT"": ""Non-future""}"
even1260a-B4-51,"potomu čto ineŋ ovod giaki kuliʨanda, a buː edeβur ukʨidu badur baɟitmakan mialloːttu.",{potomu\_čto}	ineŋ	ovod	giaki	kuliʨan=da	a	buː	e-de-βur	ukʨi-du	badu-r	baɟit=makan	mial-loːt-t-u,because.R	day	horsefly.R	various	mosquito=ADD	ADVRS.CONJ.R	1PL.EX	NEG-VS.PURP-PRFL.PL	hot-DAT.ESS	ride-NEG.CVB	early=H.FOC	wake.up-HAB-NFUT-1PL.EX,"Because when it becomes day there are horseflies and mosquitoes, and we get up very early so as not to ride in the heat.",B4,51,even1260,even1260a,WORD_ALIGNED,"{""ADD"": ""Additive"", ""ADVRS"": ""Adversative"", ""CONJ"": ""Conjunction"", ""PL"": ""Plural"", ""EX"": ""Exclusive"", ""NEG"": ""Negative; by itself: Negative auxiliary"", ""VS"": ""Variable-subject converb"", ""PURP"": ""Purposive"", ""PRFL"": ""Reflexive possessive"", ""DAT"": ""Dative"", ""ESS"": ""Essive"", ""CVB"": ""Converb"", ""FOC"": ""Focus"", ""HAB"": ""Habitual"", ""NFUT"": ""Non-future""}"
even1260a-B4-52,"biːbəɟi tarakam temujodmi kokʨirbe umnunten tixarja etikeːndukij elekle neːβeːttem, muŋgerele neːβeːttem.",biː=bəɟi	tarakam	temujo-d-mi	kokʨi-r-be	um-nun-ten	tixarja	etikeːn-duki-j	elek-le	neː-βeːt-te-m	muŋgere-le	neː-βeːt-te-m,1SG=EMPH	at.that.time	slaughter-PROG-SS.COND	hoof-PL-ACC	tendon-COM1-PX.3PL	secretly.R	old.man-ABL-PRFL.SG	bag-LOC	put-HAB-NFUT-1SG	paired.saddle.bags-LOC	put-HAB-NFUT-1SG,"In those days I secretly packed the hooves and tendons in a bag in the paired saddle-bags when we slaughtered (reindeer).'\footnote{The episode Valentina Axmetova narrates here happened only once while they were migrating on horseback - reindeer hooves are very heavy, and the horses have to carry a very heavy load as it is, so she couldn't always take hooves along with her. It was different when they used snowmobiles to migrate, since one can take more things (and the snowmobiles can do the trip several times), and then she used to openly take along `spare' hooves for meat jelly.",B4,52,even1260,even1260a,WORD_ALIGNED,"{""SG"": ""Singular"", ""EMPH"": ""Emphatic"", ""PROG"": ""Progressive"", ""SS"": ""Same-subject converb"", ""COND"": ""Conditional-Temporal (converb)"", ""PL"": ""Plural"", ""ACC"": ""Accusative"", ""COM"": ""Comitative"", ""PX"": ""Possessive suffix"", ""ABL"": ""Ablative"", ""PRFL"": ""Reflexive possessive"", ""LOC"": ""Locative"", ""HAB"": ""Habitual"", ""NFUT"": ""Non-future""}"
even1260a-B4-53,kogda namaɟilloːttu etikeːmu goːβeːtten:,kogda	nama-ɟi-l-loːt-t-u	etikeːm-u	goː-βeːt-te-n,when.R_	saddle-PROG-INCH-HAB-NFUT-1PL.EX	old.man-PX.1SG	say-HAB-NFUT-3SG,When we started to saddle up my husband said:,B4,53,even1260,even1260a,WORD_ALIGNED,"{""PROG"": ""Progressive"", ""INCH"": ""Inchoative"", ""HAB"": ""Habitual"", ""NFUT"": ""Non-future"", ""PL"": ""Plural"", ""EX"": ""Exclusive"", ""PX"": ""Possessive suffix"", ""SG"": ""Singular""}"
even1260a-B4-54,iamibəɟi erek urgen eʨinbəɟi?,iami=bəɟi	erek	urge-n	eʨin=bəɟi,why=EMPH	PROX	heavy-PX.3SG	PROX.QUAL=EMPH,{``}Why is this so heavy?'',B4,54,even1260,even1260a,WORD_ALIGNED,"{""EMPH"": ""Emphatic"", ""PROX"": ""Proximal (demonstrative)"", ""PX"": ""Possessive suffix"", ""SG"": ""Singular"", ""QUAL"": ""Qualitative""}"
even1260a-B4-55,"goːβeːttem, nan ʨeleɟi iːnke taβur patroŋalsi talaβur bise, tarak urge biβeːtten.",goː-βeːt-te-m	nan	ʨele-ɟi	iːn=ke	taβur	patro-ŋa-l-si	ta-la-βur	bi-se	tarak	urge	bi-βeːt-te-n,say-HAB-NFUT-1SG	and	all-INS.PRFL.SG	2SG.OBL=FOC	DEM.RECOGN	bullet.R-POSS-PL-PX.2SG	DIST-LOC-PRFL.PL	be-NFUT	DP	heavy	be-HAB-NFUT-3SG,"I say ``Well, that's where all your bullets are, that's why it's so heavy''.",B4,55,even1260,even1260a,WORD_ALIGNED,"{""HAB"": ""Habitual"", ""NFUT"": ""Non-future"", ""SG"": ""Singular"", ""INS"": ""Instrumental"", ""PRFL"": ""Reflexive possessive"", ""OBL"": ""Oblique"", ""FOC"": ""Focus"", ""DEM"": ""Demonstrative"", ""RECOGN"": ""Recognitional"", ""POSS"": ""Non-canonical possession"", ""PL"": ""Plural"", ""PX"": ""Possessive suffix"", ""DIST"": ""Distal demonstrative"", ""LOC"": ""Locative"", ""DP"": ""Discourse particle""}"
even1260a-B4-56,"tabiʨ, uriniɟur temujodɟoːttu, minŋi uže kokʨiŋalbu oːja oːβaːtta.",tabiʨ	uri-niɟur	temujo-d-ɟoːt-t-u	min-ŋi	uže	kokʨi-ŋa-l-bu	oːja	oː-βaːt-ta,and.then	set.up.camp-SS.ANT.PL	slaughter-PROG-HAB-NFUT-1PL.EX	1SG.OBL-PSR	already.R	hoof-POSS-PL-PX.1SG	many	become-HAB-NFUT,"And then when we slaughter again after setting up the new camp, I already have a lot of hooves.'\footnote{They only slaughter a reindeer when they have arrived at a new camp (not every time, though), so that they don't have to carry so much on the pack horses when they move. Since Valentina Axmetova took along the hooves from the previous slaughter, she now had enough hooves (plus the head and a few leg muscles) to make meat jelly; the hooves of just one reindeer are not enough.",B4,56,even1260,even1260a,WORD_ALIGNED,"{""SS"": ""Same-subject converb"", ""ANT"": ""Anterior (converb)"", ""PL"": ""Plural"", ""PROG"": ""Progressive"", ""HAB"": ""Habitual"", ""NFUT"": ""Non-future"", ""EX"": ""Exclusive"", ""SG"": ""Singular"", ""OBL"": ""Oblique"", ""PSR"": ""Possessor"", ""POSS"": ""Non-canonical possession"", ""PX"": ""Possessive suffix""}"
even1260a-B4-57,nan biː oleβeːttem xolodecaŋgaji.,nan	biː	ole-βeːt-te-m	xolodeca-ŋ-ga-ji,and	1SG	cook-HAB-NFUT-1SG	meat.jelly.R-POSS-DEST-PRFL.SG,And I cook meat jelly.,B4,57,even1260,even1260a,WORD_ALIGNED,"{""SG"": ""Singular"", ""HAB"": ""Habitual"", ""NFUT"": ""Non-future"", ""POSS"": ""Non-canonical possession"", ""DEST"": ""Destinative"", ""PRFL"": ""Reflexive possessive""}"
even1260a-B4-58,"taralba kokʨirbe dostalloːttem, nan tar oleːβeːttem i timin baɟikar xolodecit zavtrakajdɟoːtta.",tara-l-ba	kokʨi-r-be	dostal-loːt-te-m	nan	tar	oleː-βeːt-te-m	i	timin	baɟikar	xolodeci-t	zavtrakaj-d-ɟoːt-ta,DIST-PL-ACC	hoof-PL-ACC	get.PST.M.R-HAB-NFUT-1SG	and	DP	cook-HAB-NFUT-1SG	and.R	tomorrow	morning	meat.jelly.R-INS	have.breakfast.R-PROG-HAB-NFUT,I got out those hooves and I cooked them and the next morning they had meat jelly for breakfast.,B4,58,even1260,even1260a,WORD_ALIGNED,"{""DIST"": ""Distal demonstrative"", ""PL"": ""Plural"", ""ACC"": ""Accusative"", ""PST"": ""Past"", ""HAB"": ""Habitual"", ""NFUT"": ""Non-future"", ""SG"": ""Singular"", ""DP"": ""Discourse particle"", ""INS"": ""Instrumental"", ""PROG"": ""Progressive""}"
even1260a-B4-59,"pastuxal okaŋʨiβaːtta, etikeːmu goːβeːtten, aβgiʨ er diːn kokʨiŋalsi?",pastuxa-l	okaŋʨi-βaːt-ta	etikeːm-u	goː-βeːt-te-n	aβ-giʨ	er	diːn	kokʨi-ŋa-l-si,herder.R-PL	be.happy-HAB-NFUT	old.man-PX.1SG	say-HAB-NFUT-3SG	where-ELAT	PROX	EQU	hoof-POSS-PL-PX.2SG,"The herders were happy, and my husband says ``Where did you get so many hooves from?''",B4,59,even1260,even1260a,WORD_ALIGNED,"{""PL"": ""Plural"", ""HAB"": ""Habitual"", ""NFUT"": ""Non-future"", ""PX"": ""Possessive suffix"", ""SG"": ""Singular"", ""ELAT"": ""Elative"", ""PROX"": ""Proximal (demonstrative)"", ""EQU"": ""Equative of measurable extent"", ""POSS"": ""Non-canonical possession""}"
even1260a-B4-60,"biː goːβeːttem, talakka muŋgerele neːkʨiriβu.",biː	goː-βeːt-te-m	ta-la=kka	muŋgere-le	neː-kʨi-ri-βu,1SG	say-HAB-NFUT-1SG	DIST-LOC=FOC	paired.saddle.bags-LOC	put-DUR-PST-1SG,I say ``I kept (them) in that bag.'',B4,60,even1260,even1260a,WORD_ALIGNED,"{""SG"": ""Singular"", ""HAB"": ""Habitual"", ""NFUT"": ""Non-future"", ""DIST"": ""Distal demonstrative"", ""LOC"": ""Locative"", ""FOC"": ""Focus"", ""DUR"": ""Durative"", ""PST"": ""Past""}"
even1260a-B4-61,ʨeleɟur iɲinidɟoːtteː.,ʨele-ɟur	iɲini-d-ɟoːt-t=eː,all-INS.PRFL.PL	laugh-PROG-HAB-NFUT=EMPH,They all laugh.,B4,61,even1260,even1260a,WORD_ALIGNED,"{""INS"": ""Instrumental"", ""PRFL"": ""Reflexive possessive"", ""PL"": ""Plural"", ""PROG"": ""Progressive"", ""HAB"": ""Habitual"", ""NFUT"": ""Non-future"", ""EMPH"": ""Emphatic""}"
even1260a-B4-62,"etikeːmu goːβeːtten, teːmi eʨiken urgeβeːtteneː!",etikeːm-u	goː-βeːt-te-n	teːmi	eʨi-ken	urge-βeːt-te-n=eː,old.man-PX.1SG	say-HAB-NFUT-3SG	therefore	PROX.QUAL-DIM	heavy-HAB-NFUT-3SG=EMPH,My husband says ``So that is why (the bag) was so heavy!''.,B4,62,even1260,even1260a,WORD_ALIGNED,"{""PX"": ""Possessive suffix"", ""SG"": ""Singular"", ""HAB"": ""Habitual"", ""NFUT"": ""Non-future"", ""PROX"": ""Proximal (demonstrative)"", ""QUAL"": ""Qualitative"", ""DIM"": ""Diminutive "", ""EMPH"": ""Emphatic""}"
even1260a-B4-63,i vot xolodecude ɟebboːtte.,i	vot	xolodec-u=de	ɟeb-boːt-te,and.R	presentational.R	meat.jelly.R-ACC=ADD	eat-HAB-NFUT,"Well, and so they ate meat jelly.",B4,63,even1260,even1260a,WORD_ALIGNED,"{""ACC"": ""Accusative"", ""ADD"": ""Additive"", ""HAB"": ""Habitual"", ""NFUT"": ""Non-future""}"
even1260a-B4-64,giakiʨ biː staralas oleːtteji dallaʨ.,giaki-ʨ	biː	staralas	oleː-t-te-ji	dalla-ʨ,various-ADVR	1SG	tried.R	cook-TAM2-VS.PURP-PRFL.SG	tasty-ADVR,I tried to cook tasty things.' (lit. `tried to cook tastily',B4,64,even1260,even1260a,WORD_ALIGNED,"{""ADVR"": ""Adverbializer"", ""SG"": ""Singular"", ""TAM"": ""Polysemous TAM marker"", ""VS"": ""Variable-subject converb"", ""PURP"": ""Purposive"", ""PRFL"": ""Reflexive possessive""}"
even1260a-B4-65,pirožkiβde nekkoːttem.,pirožki-β=de	nek-koːt-te-m,pirozhki.R-ACC=ADD	do-HAB-NFUT-1SG,I also make pirozhki.,B4,65,even1260,even1260a,WORD_ALIGNED,"{""ACC"": ""Accusative"", ""ADD"": ""Additive"", ""HAB"": ""Habitual"", ""NFUT"": ""Non-future"", ""SG"": ""Singular""}"
even1260a-B4-66,"uk biβeːtten, nu čto že?",uk	bi-βeːt-te-n	nu	čto	že,be.hot	be-HAB-NFUT-3SG	well.R	what.R	PTL.R,"It's hot, but oh well.",B4,66,even1260,even1260a,WORD_ALIGNED,"{""HAB"": ""Habitual"", ""NFUT"": ""Non-future"", ""SG"": ""Singular"", ""PTL"": ""Particle""}"
even1260a-B4-67,ajaːββoːttam biː ulitteji dallaʨ.,ajaːβ-βoːt-ta-m	biː	uli-t-te-ji	dalla-ʨ,love-HAB-NFUT-1SG	1SG	feed-TAM2-VS.PURP-PRFL.SG	tasty-ADVR,I love to feed (the herders) tastily.,B4,67,even1260,even1260a,WORD_ALIGNED,"{""HAB"": ""Habitual"", ""NFUT"": ""Non-future"", ""SG"": ""Singular"", ""TAM"": ""Polysemous TAM marker"", ""VS"": ""Variable-subject converb"", ""PURP"": ""Purposive"", ""PRFL"": ""Reflexive possessive"", ""ADVR"": ""Adverbializer""}"
even1260a-B4-68,biː testoŋgaji nekkoːttem.,biː	testo-ŋ-ga-ji	nek-koːt-te-m,1SG	dough.R-POSS-DEST-PRFL.SG	do-HAB-NFUT-1SG,I make dough.,B4,68,even1260,even1260a,WORD_ALIGNED,"{""SG"": ""Singular"", ""POSS"": ""Non-canonical possession"", ""DEST"": ""Destinative"", ""PRFL"": ""Reflexive possessive"", ""HAB"": ""Habitual"", ""NFUT"": ""Non-future""}"
even1260a-B4-69,"paket celofanovyjla testoŋi neːdem, nan alkamʨala nokkoːttam.",paket	celofanovyj-la	testo-ŋ-i	neː-de-m	nan	alkamʨa-la	nok-koːt-ta-m,bag.R	plastic.R-LOC	dough.R-POSS-PRFL.SG	put-NFUT-1SG	and	yurt.pole-LOC	hang.up-HAB-NFUT-1SG,I put the dough into a plastic bag and hang it from the yurt pole.,B4,69,even1260,even1260a,WORD_ALIGNED,"{""LOC"": ""Locative"", ""POSS"": ""Non-canonical possession"", ""PRFL"": ""Reflexive possessive"", ""SG"": ""Singular"", ""NFUT"": ""Non-future"", ""HAB"": ""Habitual""}"
even1260a-B4-70,"vot, uže er diːn oːβaːttan, ja bystrenko uronju, ɲanda nokaʨidɟoːttam.",vot	uže	er	diːn	oː-βaːt-ta-n	ja	bystrenko	uronju	ɲan=da	noka-ʨi-d-ɟoːt-ta-m,presentational.R	already.R	DP	EQU	become-HAB-NFUT-3SG	1SG.R	quickly.R	drop.R	and=ADD	hang.up-TAM2-PROG-HAB-NFUT-1SG,When it becomes big like this I quickly punch it down and again hang it up.'\footnote{Here she shows with her hands how the plastic bag has filled out with the rising dough.,B4,70,even1260,even1260a,WORD_ALIGNED,"{""DP"": ""Discourse particle"", ""EQU"": ""Equative of measurable extent"", ""HAB"": ""Habitual"", ""NFUT"": ""Non-future"", ""SG"": ""Singular"", ""ADD"": ""Additive"", ""TAM"": ""Polysemous TAM marker"", ""PROG"": ""Progressive""}"
even1260a-B4-71,"eʨin illakanda uŋŋoːttem uronilloːttem, ɲan dostallam i ... ɲanda okaŋʨiβaːtta bejil.",eʨin	il-lakan=da	uŋ-ŋoːt-te-m	uronil-loːt-te-m	ɲan	dostal-la-m	i	ɲan=da	okaŋʨi-βaːt-ta	beji-l,PROX.QUAL	three-ITER.ADV=ADD	FLR-HAB-NFUT-1SG	drop.PST.M.R-HAB-NFUT-1SG	and	get.PST.M.R-NFUT-1SG	and.R	and=ADD	be.happy-HAB-NFUT	man-PL,"I do like that three times, punch down (the dough), and then I get it (and make pirozhki), and again the men are happy.'\footnote{She again showed with gestures how she forms the pirozhki.",B4,71,even1260,even1260a,WORD_ALIGNED,"{""PROX"": ""Proximal (demonstrative)"", ""QUAL"": ""Qualitative"", ""ITER"": ""Iterative (aspect)"", ""ADV"": ""Adverb"", ""ADD"": ""Additive"", ""FLR"": ""Filler"", ""HAB"": ""Habitual"", ""NFUT"": ""Non-future"", ""SG"": ""Singular"", ""PST"": ""Past"", ""PL"": ""Plural""}"
even1260a-B5-1,min agdiβu bisin Afanasij Innokentevič.,min	agdiβ-u	bi-si-n	Afanasij	Innokentevič,1SG.OBL	older.brother-PX.1SG	be-PST-3SG	PN	PN,"I had an older brother, Afanasij Innokentevič.'\footnote{This is only one of several siblings of Valentina Axmetova's who were all very much older than her. As becomes clear in line (\ref{ex:B5-6}), Afanasij was married.",B5,1,even1260,even1260a,WORD_ALIGNED,"{""SG"": ""Singular"", ""OBL"": ""Oblique"", ""PX"": ""Possessive suffix"", ""PST"": ""Past"", ""PN"": ""Proper noun""}"
even1260a-B5-2,noŋan bisin oromŋa.,noŋan	bi-si-n	oro-mŋa,3SG	be-PST-3SG	reindeer(domestic)-AGNR,He was a reindeer herder.,B5,2,even1260,even1260a,WORD_ALIGNED,"{""SG"": ""Singular"", ""PST"": ""Past"", ""AGNR"": ""Agent nominalizer""}"
even1260a-B5-3,agdiβu Kirill Innokentevič Tβajaːndu bidmi noŋmanda tiarurin Tβajaːntaki orden.,agdiβ-u	Kirill	Innokentevič	Tβajaːn-du	bi-d-mi	noŋman=da	tiaru-ri-n	Tβajaːn-taki	or-de-n,older.brother-PX.1SG	PN	PN	TOPO-DAT.ESS	live-PROG-SS.COND	3SG.ACC=ADD	send.word-PST-3SG	TOPO-ALL	go(UNIDIR)-VS.PURP-3SG,"When my older brother Kirill Innokentevič lived in Tvajan, he sent word to him (Afanasij) that he should come to Tvajan.'\footnote{Kirill was Valentina Axmetova's oldest brother; he was the director of the collective farm in Tvajan at the time of this narrative.",B5,3,even1260,even1260a,WORD_ALIGNED,"{""PX"": ""Possessive suffix"", ""SG"": ""Singular"", ""PN"": ""Proper noun"", ""TOPO"": ""Toponym"", ""DAT"": ""Dative"", ""ESS"": ""Essive"", ""PROG"": ""Progressive"", ""SS"": ""Same-subject converb"", ""COND"": ""Conditional-Temporal (converb)"", ""ACC"": ""Accusative"", ""ADD"": ""Additive"", ""PST"": ""Past"", ""ALL"": ""Allative"", ""UNIDIR"": ""Unidirectional"", ""VS"": ""Variable-subject converb"", ""PURP"": ""Purposive""}"
even1260a-B5-4,noŋan emuβkenin pastuxa etikekekem giagan.,noŋan	em-u-βke-ni-n	pastuxa	etike-keke-m	gia-ga-n,3SG	come-VAL-CAUS-PST-3SG	herder.ACC.R	old.man-DIM.INDEF-ACC	friend-DEST-PX.3SG,He sent him an old man as a team mate.,B5,4,even1260,even1260a,WORD_ALIGNED,"{""SG"": ""Singular"", ""VAL"": ""Valency-change"", ""CAUS"": ""Causative"", ""PST"": ""Past"", ""ACC"": ""Accusative"", ""DIM"": ""Diminutive "", ""INDEF"": ""Indefinite"", ""DEST"": ""Destinative"", ""PX"": ""Possessive suffix""}"
even1260a-B5-5,i vot ilniɟur nulgedditen noŋartan.,i	vot	il-ni-ɟur	nulge-d-di-ten	noŋartan,and.R	presentational.R	three-COLL-INS.PRFL.PL	migrate-PROG-PST-3PL	3PL,"And so they migrated the three of them.'\footnote{The three people are Afanasij, Afanasij's wife, and the old man sent as a team mate.",B5,5,even1260,even1260a,WORD_ALIGNED,"{""COLL"": ""Collective"", ""INS"": ""Instrumental"", ""PRFL"": ""Reflexive possessive"", ""PL"": ""Plural"", ""PROG"": ""Progressive"", ""PST"": ""Past""}"
even1260a-B5-6,"ujikamu nemnožko samaːn bisin, ʨeleɟur goːβeːtte.",ujikam-u	nemnožko	samaːn	bi-si-n	ʨele-ɟur	goː-βeːt-te,sister.in.law-PX.1SG	a.bit.R	shaman	be-PST-3SG	all-INS.PRFL.PL	say-HAB-NFUT,"My sister-in-law was a bit of a shaman, everyone said (so).",B5,6,even1260,even1260a,WORD_ALIGNED,"{""PX"": ""Possessive suffix"", ""SG"": ""Singular"", ""PST"": ""Past"", ""INS"": ""Instrumental"", ""PRFL"": ""Reflexive possessive"", ""PL"": ""Plural"", ""HAB"": ""Habitual"", ""NFUT"": ""Non-future""}"
even1260a-B5-7,"tarak ujikamu, agdiβu atikaːnni biː goːβeːttem ujikan.",tarak	ujikam-u	agdiβ-u	atikaːn-ni	biː	goː-βeːt-te-m	ujikan,DIST	sister.in.law-PX.1SG	older.brother-PX.1SG	old.woman-PX.3SG	1SG	say-HAB-NFUT-1SG	sister.in.law,"That is my sister-in-law, my brother's wife, I called her \textit{ujikan}.",B5,7,even1260,even1260a,WORD_ALIGNED,"{""DIST"": ""Distal demonstrative"", ""PX"": ""Possessive suffix"", ""SG"": ""Singular"", ""HAB"": ""Habitual"", ""NFUT"": ""Non-future""}"
even1260a-B5-8,"noŋanasi noŋan eɲindukun Paka biʨeduk bejeken starinnoe bisin, uŋduk istuk aŋaːnatla.",noŋana=si	noŋan	eɲin-duku-n	Paka	biʨe-duk	bejken	starinnoe	bi-si-n	uŋ-duk	is-tuk	aŋaːna-tla,3SG=CONTR	3SG	mother-ABL-PX.3SG	PN	NOMPST-ABL	doll	old.R	be-PST-3SG	FLR-ABL	hide-ABL	sew-PASS.PTCP,"She had an old doll from her mother, sewed out of leather.",B5,8,even1260,even1260a,WORD_ALIGNED,"{""SG"": ""Singular"", ""CONTR"": ""Contrastive"", ""ABL"": ""Ablative"", ""PX"": ""Possessive suffix"", ""PN"": ""Proper noun"", ""NOMPST"": ""Nominal past"", ""PST"": ""Past"", ""FLR"": ""Filler"", ""PASS"": ""Passive"", ""PTCP"": ""Participle""}"
even1260a-B5-9,"bejeken, bejkeken.",bejken	bejke-ken,doll	doll-DIM,"A doll, a little doll.",B5,9,even1260,even1260a,WORD_ALIGNED,"{""DIM"": ""Diminutive ""}"
even1260a-B5-10,"kuxljankalattin, untanda bisin, aːβunnida korbaka.",kuxljanka-la-t-ti-n	unta-n=da	bi-si-n	aːβun-ni=da	korbaka,fur.shirt.R-VR-TAM2-PST-3SG	fur.boots-PX.3SG=ADD	be-PST-3SG	hat-PX.3SG=ADD	hat.with.beads,"He wore a fur shirt, he had fur boots and a hat, a \textit{korbaka} (a hat decorated with beads).",B5,10,even1260,even1260a,WORD_ALIGNED,"{""VR"": ""Verbalizer"", ""TAM"": ""Polysemous TAM marker"", ""PST"": ""Past"", ""SG"": ""Singular"", ""PX"": ""Possessive suffix"", ""ADD"": ""Additive""}"
even1260a-B5-11,"i uriniɟuresi noŋartan abdulba eʨin noːdiʨ neːβeːtte, ele muŋgeren biβeːtten.",i	uri-niɟure=si	noŋartan	abdul-ba	eʨin	noːdi-ʨ	neː-βeːt-te	e-le	muŋgere-n	bi-βeːt-te-n,and.R	set.up.camp-SS.ANT.PL=CONTR	3PL	paired.bags-ACC	PROX.QUAL	pretty-ADVR	put-HAB-NFUT	PROX-LOC	paired.saddle.bags-PX.3SG	be-HAB-NFUT-3SG,"And when they set up camp they put the bags nicely like this, and the saddle-bags are here.",B5,11,even1260,even1260a,WORD_ALIGNED,"{""SS"": ""Same-subject converb"", ""ANT"": ""Anterior (converb)"", ""PL"": ""Plural"", ""CONTR"": ""Contrastive"", ""ACC"": ""Accusative"", ""PROX"": ""Proximal (demonstrative)"", ""QUAL"": ""Qualitative"", ""ADVR"": ""Adverbializer"", ""HAB"": ""Habitual"", ""NFUT"": ""Non-future"", ""LOC"": ""Locative"", ""PX"": ""Possessive suffix"", ""SG"": ""Singular""}"
even1260a-B5-12,tabiʨ taraβasi nuːgβeːtten bejekejekeːm.,tabiʨ	tara-βa=si	nuːg-βeːt-te-n	bejeke-jekeː-m,and.then	DIST-ACC=CONTR	take.out-HAB-NFUT-3SG	doll-DIM.DEF-ACC,"Then she took that out, the little doll.",B5,12,even1260,even1260a,WORD_ALIGNED,"{""DIST"": ""Distal demonstrative"", ""ACC"": ""Accusative"", ""CONTR"": ""Contrastive"", ""HAB"": ""Habitual"", ""NFUT"": ""Non-future"", ""SG"": ""Singular"", ""DIM"": ""Diminutive "", ""DEF"": ""Definite""}"
even1260a-B5-13,bejekejekeːnisi ɲimkaŋinda biβeːtten.,bejeke-jekeːni=si	ɲimka-ŋi-n=da	bi-βeːt-te-n,doll-DIM.DEF=CONTR	staff-POSS-PX.3SG=ADD	be-HAB-NFUT-3SG,And the little doll had a staff.,B5,13,even1260,even1260a,WORD_ALIGNED,"{""DIM"": ""Diminutive "", ""DEF"": ""Definite"", ""CONTR"": ""Contrastive"", ""POSS"": ""Non-canonical possession"", ""PX"": ""Possessive suffix"", ""SG"": ""Singular"", ""ADD"": ""Additive"", ""HAB"": ""Habitual"", ""NFUT"": ""Non-future""}"
even1260a-B5-14,tala iluβaːttan abduldula.,ta-la	il-u-βaːt-ta-n	abdul-dula,DIST-LOC	stand.up-VAL-HAB-NFUT-3SG	paired.bags-LOC,"She leant (the doll) there, against the packs.",B5,14,even1260,even1260a,WORD_ALIGNED,"{""DIST"": ""Distal demonstrative"", ""LOC"": ""Locative"", ""VAL"": ""Valency-change"", ""HAB"": ""Habitual"", ""NFUT"": ""Non-future"", ""SG"": ""Singular""}"
even1260a-B5-15,potom nipkeβeːtten.,potom	nipke-βeːt-te-n,then.R	close-HAB-NFUT-3SG,Then she covered (everything).,B5,15,even1260,even1260a,WORD_ALIGNED,"{""HAB"": ""Habitual"", ""NFUT"": ""Non-future"", ""SG"": ""Singular""}"
even1260a-B5-16,i orolasi ikutiʨ eli togalaŋʨidɟoːtta.,i	oro-la=si	ikutiʨ	e-li	toga-laŋʨi-d-ɟoːt-ta,and.R	reindeer(domestic)-PL=CONTR	directly	PROX-PROL	lie.down(of.animals)-?-PROG-HAB-NFUT,And the reindeer lie right here (next to the things).,B5,16,even1260,even1260a,WORD_ALIGNED,"{""PL"": ""Plural"", ""CONTR"": ""Contrastive"", ""PROX"": ""Proximal (demonstrative)"", ""PROL"": ""Prolative"", ""PROG"": ""Progressive"", ""HAB"": ""Habitual"", ""NFUT"": ""Non-future""}"
even1260a-B5-17,niːde enni noŋmutan kusʨiβeːtte.,niː=de	e-n-ni	noŋmutan	kusʨi-βeːt-te,who=ADD	NEG-NFUT-3SG	3PL.ACC	herd.reindeer(day)-HAB-NEG.CVB,Nobody herded them.,B5,17,even1260,even1260a,WORD_ALIGNED,"{""ADD"": ""Additive"", ""NEG"": ""Negative; by itself: Negative auxiliary"", ""NFUT"": ""Non-future"", ""SG"": ""Singular"", ""PL"": ""Plural"", ""ACC"": ""Accusative"", ""HAB"": ""Habitual"", ""CVB"": ""Converb""}"
even1260a-B5-18,taʨin tara.,taʨin	tara,DIST.QUAL	DP,That's it.,B5,18,even1260,even1260a,WORD_ALIGNED,"{""DIST"": ""Distal demonstrative"", ""QUAL"": ""Qualitative"", ""DP"": ""Discourse particle""}"
even1260a-B5-19,"noŋan nemnožko koldovala, ʨeleɟur aːritan.",noŋan	nemnožko	koldovala	ʨele-ɟur	aː-ri-tan,3SG	a.bit.R	made.magic.R	all-INS.PRFL.PL	know-PST-3PL,"She made a bit of magic, all knew.",B5,19,even1260,even1260a,WORD_ALIGNED,"{""SG"": ""Singular"", ""INS"": ""Instrumental"", ""PRFL"": ""Reflexive possessive"", ""PL"": ""Plural"", ""PST"": ""Past""}"
even1260a-B6-1,"tarakam ujun anŋanaŋu bisin, ujun.",tarakam	ujun	anŋana-ŋ-u	bi-si-n	ujun,at.that.time	nine	year-POSS-PX.1SG	be-PST-3SG	nine,I was then nine years old.,B6,1,even1260,even1260a,WORD_ALIGNED,"{""POSS"": ""Non-canonical possession"", ""PX"": ""Possessive suffix"", ""SG"": ""Singular"", ""PST"": ""Past""}"
even1260a-B6-2,"uriɟeːnniβu oŋnikakan oŋŋoːttameː, akmi entekeːje geleːriβu.",uri-ɟeːn-ni-βu	oŋ-nika-kan	oŋ-ŋoːt-ta-m=eː	akm-i	entekeːje	geleː-ri-βu,go(UNIDIR)-CMPS-PST-1SG	cry-SS.SIM1-DIM	cry-HAB-NFUT-1SG=EMPH	father-PRFL.SG	strong	miss-PST-1SG,"I left crying, I cried, I missed my father badly.",B6,2,even1260,even1260a,WORD_ALIGNED,"{""UNIDIR"": ""Unidirectional"", ""CMPS"": ""Compassionate"", ""PST"": ""Past"", ""SG"": ""Singular"", ""SS"": ""Same-subject converb"", ""SIM"": ""Simultaneous (converb)"", ""DIM"": ""Diminutive "", ""HAB"": ""Habitual"", ""NFUT"": ""Non-future"", ""EMPH"": ""Emphatic"", ""PRFL"": ""Reflexive possessive""}"
even1260a-B6-3,"aːnŋaʨiɟilmida elgedu dolbu oŋidɟoːttam, eʨin ullaji doːdun oŋŋoːttam.",aːnŋa-ʨi-ɟi-l-mi=da	elge-du	dolbu	oŋi-d-ɟoːt-ta-m	eʨin	ulla-ji	doː-du-n	oŋ-ŋoːt-ta-m,stop.for.the.night-TAM2-PROG-INCH-SS.COND=ADD	interval-DAT.ESS	night	cry-PROG-HAB-NFUT-1SG	PROX.QUAL	blanket-PRFL.SG	inside-DAT.ESS-PX.3SG	cry-HAB-NFUT-1SG,"And when we stopped for the night along the way, I cried through the night, crying like this inside my sleeping bag.",B6,3,even1260,even1260a,WORD_ALIGNED,"{""TAM"": ""Polysemous TAM marker"", ""PROG"": ""Progressive"", ""INCH"": ""Inchoative"", ""SS"": ""Same-subject converb"", ""COND"": ""Conditional-Temporal (converb)"", ""ADD"": ""Additive"", ""DAT"": ""Dative"", ""ESS"": ""Essive"", ""HAB"": ""Habitual"", ""NFUT"": ""Non-future"", ""SG"": ""Singular"", ""PROX"": ""Proximal (demonstrative)"", ""QUAL"": ""Qualitative"", ""PRFL"": ""Reflexive possessive"", ""PX"": ""Possessive suffix""}"
even1260a-B6-4,"sestraβ Domna Grigorevna- noŋnun eʨin ukleβeːttem: eɟi oŋkir, doldaɟikil, odli!",sestra-β	Domna	Grigorevna	noŋnun	eʨin	ukle-βeːt-te-m	e-ɟi	oŋ-kir	dolda-ɟiki-l	od-li,sister.R-PX.1SG	PN	PN	3SG.COM	PROX.QUAL	sleep-HAB-NFUT-1SG	NEG-IMP.SG	cry-PROH.SG	hear-APPR-PL	stop-IMP.SG,"My sister Domna Grigorevna -- I used to sleep together with her, like this -- (said): ``Don't cry or they'll hear, stop''.",B6,4,even1260,even1260a,WORD_ALIGNED,"{""PX"": ""Possessive suffix"", ""SG"": ""Singular"", ""PN"": ""Proper noun"", ""COM"": ""Comitative"", ""PROX"": ""Proximal (demonstrative)"", ""QUAL"": ""Qualitative"", ""HAB"": ""Habitual"", ""NFUT"": ""Non-future"", ""NEG"": ""Negative; by itself: Negative auxiliary"", ""IMP"": ""Imperative"", ""PROH"": ""Prohibitive"", ""APPR"": ""Apprehensive"", ""PL"": ""Plural""}"
even1260a-B6-5,"ɲan uklesnoːttem, esem aːβaːtta.",ɲan	ukle-s-noːt-te-m	e-se-m	aː-βaːt-ta,and	sleep-TAM1-HAB-NFUT-1SG	NEG-NFUT-1SG	know-HAB-NEG.CVB,"And I fall asleep, don't notice (how).",B6,5,even1260,even1260a,WORD_ALIGNED,"{""TAM"": ""Polysemous TAM marker"", ""HAB"": ""Habitual"", ""NFUT"": ""Non-future"", ""SG"": ""Singular"", ""NEG"": ""Negative; by itself: Negative auxiliary"", ""CVB"": ""Converb""}"
even1260a-B6-6,"Essola emniβu, ɲan korovalbada elekes ittiβu, ʨiβiɲaβda.",Esso-la	em-ni-βu	ɲan	korova-l-ba=da	elekes	it-ti-βu	ʨiβiɲa-β=da,TOPO-LOC	come-PST-1SG	and	cow.R-PL-ACC=ADD	at.first	see-PST-1SG	pig.R-ACC=ADD,"I came to Esso and saw cows for the first time, and pigs.",B6,6,even1260,even1260a,WORD_ALIGNED,"{""TOPO"": ""Toponym"", ""LOC"": ""Locative"", ""PST"": ""Past"", ""SG"": ""Singular"", ""PL"": ""Plural"", ""ACC"": ""Accusative"", ""ADD"": ""Additive""}"
even1260a-B6-7,"učiteljun oroʨ bisin, Grigorij Trifonovič Solodikov.",učitel-jun	oroʨ	bi-si-n	Grigorij	Trifonovič	Solodikov,teacher.R-PX.1PL.EX	Even	be-PST-3SG	PN	PN	PN,"Our teacher was an Even, Grigorij Trifonovič Solodikov.",B6,7,even1260,even1260a,WORD_ALIGNED,"{""PX"": ""Possessive suffix"", ""PL"": ""Plural"", ""EX"": ""Exclusive"", ""PST"": ""Past"", ""SG"": ""Singular"", ""PN"": ""Proper noun""}"
even1260a-B6-8,ajeː ajeː.,aj=eː	aj=eː,good=EMPH	good=EMPH,(He was) very very good.,B6,8,even1260,even1260a,WORD_ALIGNED,"{""EMPH"": ""Emphatic""}"
even1260a-B6-9,"iak biː, ɲuːʨidiʨ toredeji aːriβu eʨiβu aːr.",iak	biː	ɲuːʨi-di-ʨ	tore-de-ji	aː-ri-βu	e-ʨi-βu	aː-r,what	1SG	Russian-ADJR(ETHNIC)-ADVR	speak-VS.PURP-PRFL.SG	know-PST-1SG	NEG-PST-1SG	know-NEG.CVB,"And I didn't know how to speak Russian.'\footnote{This is literally a rhetorical question: `And I, did I know how to speak Russian? I didn't know.'",B6,9,even1260,even1260a,WORD_ALIGNED,"{""SG"": ""Singular"", ""ADJR"": ""Adjectivizer"", ""ADVR"": ""Adverbializer"", ""VS"": ""Variable-subject converb"", ""PURP"": ""Purposive"", ""PRFL"": ""Reflexive possessive"", ""PST"": ""Past"", ""NEG"": ""Negative; by itself: Negative auxiliary"", ""CVB"": ""Converb""}"
even1260a-B6-10,taʨin.,taʨin,DIST.QUAL,Like that.,B6,10,even1260,even1260a,WORD_ALIGNED,"{""DIST"": ""Distal demonstrative"", ""QUAL"": ""Qualitative""}"
even1260a-B6-11,"oɲadajida i taŋdajida aːmalkariβu, ajiʨoː, ilkan.",oɲa-da-ji=da	i	taŋ-da-ji=da	aːmalka-ri-βu	aji-ʨ=oː	ilkan,write-VS.PURP-PRFL.SG=ADD	and.R	read-VS.PURP-PRFL.SG=ADD	learn[COMPL]-PST-1SG	good-ADVR=EMPH	true,And I learned to read and write really well.,B6,11,even1260,even1260a,WORD_ALIGNED,"{""VS"": ""Variable-subject converb"", ""PURP"": ""Purposive"", ""PRFL"": ""Reflexive possessive"", ""SG"": ""Singular"", ""ADD"": ""Additive"", ""COMPL"": ""Completive"", ""PST"": ""Past"", ""ADVR"": ""Adverbializer"", ""EMPH"": ""Emphatic""}"
even1260a-B6-12,tarma vsё ravno geleːriβu akmi entekeːje.,tarma	{vsё\_ravno}	geleː-ri-βu	akm-i	entekeːje,but	all.the.same.R	miss-PST-1SG	father-PRFL.SG	strong,But nevertheless I missed my father badly.,B6,12,even1260,even1260a,WORD_ALIGNED,"{""PST"": ""Past"", ""SG"": ""Singular"", ""PRFL"": ""Reflexive possessive""}"
even1260a-B6-13,"tugenidu emnin janvarlasi ŋindarin, tar.",tugeni-du	em-ni-n	janvar-la=si	ŋin-da-ri-n	tar,winter-DAT.ESS	come-PST-3SG	January.R-LOC=CONTR	dog-VR(TRANSPORT)-PST-3SG	DP,"In winter he came, in January, by dog (sled).",B6,13,even1260,even1260a,WORD_ALIGNED,"{""DAT"": ""Dative"", ""ESS"": ""Essive"", ""PST"": ""Past"", ""SG"": ""Singular"", ""LOC"": ""Locative"", ""CONTR"": ""Contrastive"", ""VR"": ""Verbalizer"", ""DP"": ""Discourse particle""}"
even1260a-B6-14,"ɲan biː guːnem: papa, tiːk biː urɟim ɟuːtki.",ɲan	biː	guː-ne-m	papa	tiːk	biː	ur-ɟi-m	ɟuː-tki,and	1SG	say-NFUT-1SG	papa.R	now	1SG	go(UNIDIR)-FUT-1SG	house-ALL,"And I said: ``Papa, I'll go home now.''",B6,14,even1260,even1260a,WORD_ALIGNED,"{""SG"": ""Singular"", ""NFUT"": ""Non-future"", ""UNIDIR"": ""Unidirectional"", ""FUT"": ""Future"", ""ALL"": ""Allative""}"
even1260a-B6-15,iadu?,ia-du,what-DAT.ESS,(He said): ``What for?'',B6,15,even1260,even1260a,WORD_ALIGNED,"{""DAT"": ""Dative"", ""ESS"": ""Essive""}"
even1260a-B6-16,etem edu taŋadda.,e-te-m	e-du	taŋa-d-da,NEG-FUT-1SG	PROX-DAT.ESS	read-PROG-NEG.CVB,{``}I won't study here.'',B6,16,even1260,even1260a,WORD_ALIGNED,"{""NEG"": ""Negative; by itself: Negative auxiliary"", ""FUT"": ""Future"", ""SG"": ""Singular"", ""PROX"": ""Proximal (demonstrative)"", ""DAT"": ""Dative"", ""ESS"": ""Essive"", ""PROG"": ""Progressive"", ""CVB"": ""Converb""}"
even1260a-B6-17,"taŋadli, neːiɟikil!",taŋa-d-li	neːi-ɟiki-l,read-PROG-IMP.SG	scold-APPR-PL,"(He said): ``Study, or they will scold (you)!''",B6,17,even1260,even1260a,WORD_ALIGNED,"{""PROG"": ""Progressive"", ""IMP"": ""Imperative"", ""SG"": ""Singular"", ""APPR"": ""Apprehensive"", ""PL"": ""Plural""}"
even1260a-B6-18,agdigu Sergej Grigorevič tarak minude ajiʨ eturin.,agdig-u	Sergej	Grigorevič	tarak	min-u=de	aji-ʨ	etu-ri-n,older.brother-PX.1SG	PN	PN	DIST	1SG.OBL-ACC=ADD	good-ADVR	guard-PST-3SG,My older brother Sergej Grigorevič looked after me well.,B6,18,even1260,even1260a,WORD_ALIGNED,"{""PX"": ""Possessive suffix"", ""SG"": ""Singular"", ""PN"": ""Proper noun"", ""DIST"": ""Distal demonstrative"", ""OBL"": ""Oblique"", ""ACC"": ""Accusative"", ""ADD"": ""Additive"", ""ADVR"": ""Adverbializer"", ""PST"": ""Past""}"
even1260a-B6-19,ajiʨeː eturin.,aji-ʨ=eː	etu-ri-n,good-ADVR=EMPH	guard-PST-3SG,He looked after me very well.,B6,19,even1260,even1260a,WORD_ALIGNED,"{""ADVR"": ""Adverbializer"", ""EMPH"": ""Emphatic"", ""PST"": ""Past"", ""SG"": ""Singular""}"
even1260a-B6-20,posylkagakun ekmuje emuβkeβeːtte.,posylka-ga-kun	ekm-u-je	em-u-βke-βeːt-te,parcel.R-DEST-1PL.EX	mother-PX.1SG-ASS.PL	come-VAL-CAUS-HAB-NFUT,My parents sent a parcel for us.,B6,20,even1260,even1260a,WORD_ALIGNED,"{""DEST"": ""Destinative"", ""PL"": ""Plural"", ""EX"": ""Exclusive"", ""PX"": ""Possessive suffix"", ""SG"": ""Singular"", ""ASS"": ""Associative"", ""VAL"": ""Valency-change"", ""CAUS"": ""Causative"", ""HAB"": ""Habitual"", ""NFUT"": ""Non-future""}"
even1260a-B6-21,"taraβ oːn neːkʨiβeːtten, kaːmuda iaβda, kaːm.",tara-β	oːn	neː-kʨi-βeːt-te-n	kaːm-u=da	ia-β=da	kaːm,DIST-ACC	how	put-DUR-HAB-NFUT-3SG	dried.fish-ACC=ADD	GEN.EXT-ACC=ADD	dried.fish,"How he kept that (parcel), the dried fish and whatever.",B6,21,even1260,even1260a,WORD_ALIGNED,"{""DIST"": ""Distal demonstrative"", ""ACC"": ""Accusative"", ""DUR"": ""Durative"", ""HAB"": ""Habitual"", ""NFUT"": ""Non-future"", ""SG"": ""Singular"", ""ADD"": ""Additive"", ""GEN"": ""Genitive"", ""EXT"": ""Extender""}"
even1260a-B6-22,taraβ iːseʨin ɟebedɟoːttem uklesendej.,tara-β	iːseʨin	ɟebe-d-ɟoːt-te-m	ukle-sen-de-j,DIST-ACC	evening	eat-PROG-HAB-NFUT-1SG	sleep-TAM1-VS.PURP-PRFL.SG,That I ate in the evenings when I went to sleep.,B6,22,even1260,even1260a,WORD_ALIGNED,"{""DIST"": ""Distal demonstrative"", ""ACC"": ""Accusative"", ""PROG"": ""Progressive"", ""HAB"": ""Habitual"", ""NFUT"": ""Non-future"", ""SG"": ""Singular"", ""TAM"": ""Polysemous TAM marker"", ""VS"": ""Variable-subject converb"", ""PURP"": ""Purposive"", ""PRFL"": ""Reflexive possessive""}"
even1260a-B6-23,"minu neːdni uklesendeku, agdigu edu tegeʨidɟoːtten.",min-u	neː-d-ni	ukle-sen-de-ku	agdig-u	e-du	tege-ʨi-d-ɟoːt-te-n,1SG.OBL-ACC	put-NFUT-3SG	sleep-TAM1-VS.PURP-1SG	older.brother-PX.1SG	PROX-DAT.ESS	sit.down-TAM2-PROG-HAB-NFUT-3SG,He put me to bed and my older brother sits here.,B6,23,even1260,even1260a,WORD_ALIGNED,"{""SG"": ""Singular"", ""OBL"": ""Oblique"", ""ACC"": ""Accusative"", ""NFUT"": ""Non-future"", ""TAM"": ""Polysemous TAM marker"", ""VS"": ""Variable-subject converb"", ""PURP"": ""Purposive"", ""PX"": ""Possessive suffix"", ""PROX"": ""Proximal (demonstrative)"", ""DAT"": ""Dative"", ""ESS"": ""Essive"", ""PROG"": ""Progressive"", ""HAB"": ""Habitual""}"
even1260a-B6-24,"anʨinduβu, uklesendeku biː.",anʨin-du-βu	ukle-sen-de-ku	biː,space.beside-DAT.ESS-PX.1SG	sleep-TAM1-VS.PURP-1SG	1SG,Next to me so that I would go to sleep.,B6,24,even1260,even1260a,WORD_ALIGNED,"{""DAT"": ""Dative"", ""ESS"": ""Essive"", ""PX"": ""Possessive suffix"", ""SG"": ""Singular"", ""TAM"": ""Polysemous TAM marker"", ""VS"": ""Variable-subject converb"", ""PURP"": ""Purposive""}"
even1260a-B6-25,uklesnoːttem.,ukle-s-noːt-te-m,sleep-TAM1-HAB-NFUT-1SG,And I fell sleep.,B6,25,even1260,even1260a,WORD_ALIGNED,"{""TAM"": ""Polysemous TAM marker"", ""HAB"": ""Habitual"", ""NFUT"": ""Non-future"", ""SG"": ""Singular""}"
even1260a-B6-26,do zavtrakke esem ukleβeːtte.,do	zavtra=kke	e-se-m	ukle-βeːt-te,until.R	tomorrow.R=FOC	NEG-NFUT-1SG	sleep-HAB-NEG.CVB,And I probably slept till the next morning.,B6,26,even1260,even1260a,WORD_ALIGNED,"{""FOC"": ""Focus"", ""NEG"": ""Negative; by itself: Negative auxiliary"", ""NFUT"": ""Non-future"", ""SG"": ""Singular"", ""HAB"": ""Habitual"", ""CVB"": ""Converb""}"
even1260a-B6-27,baɟikar ɲan mialliɟipu.,baɟikar	ɲan	mial-liɟi=pu,morning	and	wake.up-SS.ANT.SG=CONTR,In the morning I again wake up.,B6,27,even1260,even1260a,WORD_ALIGNED,"{""SS"": ""Same-subject converb"", ""ANT"": ""Anterior (converb)"", ""SG"": ""Singular"", ""CONTR"": ""Contrastive""}"
even1260a-B6-28,oŋamaɟillam.,oŋa-ma-ɟi-l-la-m,cry-DES-PROG-INCH-NFUT-1SG,I want to cry.,B6,28,even1260,even1260a,WORD_ALIGNED,"{""DES"": ""Desiderative"", ""PROG"": ""Progressive"", ""INCH"": ""Inchoative"", ""NFUT"": ""Non-future"", ""SG"": ""Singular""}"
even1260a-B6-29,"poka taʨin oŋamaddaku ɲandasi agdigu emmoːtten, eŋeneβeːtten.",poka	taʨin	oŋa-ma-d-dak-u	ɲan=da=si	agdig-u	em-moːt-te-n	eŋe-ne-βeːt-te-n,while.R	DIST.QUAL	cry-DES-PROG-DS.COND-1SG	and=ADD=CONTR	older.brother-PX.1SG	come-HAB-NFUT-3SG	take.a.look-AM-HAB-NFUT-3SG,"While I want to cry like that my older brother again comes, comes to see (how I am).",B6,29,even1260,even1260a,WORD_ALIGNED,"{""DIST"": ""Distal demonstrative"", ""QUAL"": ""Qualitative"", ""DES"": ""Desiderative"", ""PROG"": ""Progressive"", ""DS"": ""Different-subject converb"", ""COND"": ""Conditional-Temporal (converb)"", ""SG"": ""Singular"", ""ADD"": ""Additive"", ""CONTR"": ""Contrastive"", ""PX"": ""Possessive suffix"", ""HAB"": ""Habitual"", ""NFUT"": ""Non-future"", ""AM"": ""Associated Motion""}"
even1260a-B6-30,Ilja Kirilliʨte bisin.,Ilja	Kirilliʨ=te	bi-si-n,PN	PN=ADD	be-PST-3SG,And there was Ilja Kirillič.,B6,30,even1260,even1260a,WORD_ALIGNED,"{""PN"": ""Proper noun"", ""ADD"": ""Additive"", ""PST"": ""Past"", ""SG"": ""Singular""}"
even1260a-B6-31,"minu kojeːttiten, eturiten entekeːje.",min-u	kojeː-t-ti-ten	etu-ri-ten	entekeːje,1SG.OBL-ACC	to.watch-TAM2-PST-3PL	guard-PST-3PL	strong,"They looked after me, took care of me well.",B6,31,even1260,even1260a,WORD_ALIGNED,"{""SG"": ""Singular"", ""OBL"": ""Oblique"", ""ACC"": ""Accusative"", ""TAM"": ""Polysemous TAM marker"", ""PST"": ""Past"", ""PL"": ""Plural""}"
even1260a-B6-32,"eʨiken negni, ɟuganidu, ijunjala, koncelende i načala ijuljala gaɟiβaːtta oronaʨ munu, oromŋalduk.",eʨi-ken	negni	ɟugani-du	ijunja-la	konce-le-n=de	i	načala	ijulja-la	gaɟi-βaːt-ta	orona-ʨ	mun-u	oro-mŋa-l-duk,PROX.QUAL-DIM	late.spring	summer-DAT.ESS	June.R-LOC	end.R-LOC-PX.3SG=ADD	and.R	beginning.R	July.R-LOC	fetch-HAB-NFUT	reindeer(domestic)-INS	1PL.EX.OBL-ACC	reindeer(domestic)-AGNR-PL-ABL,"And in spring, in summer, at the end of June and the beginning of July some of the reindeer herders fetched us by reindeer.",B6,32,even1260,even1260a,WORD_ALIGNED,"{""PROX"": ""Proximal (demonstrative)"", ""QUAL"": ""Qualitative"", ""DIM"": ""Diminutive "", ""DAT"": ""Dative"", ""ESS"": ""Essive"", ""LOC"": ""Locative"", ""PX"": ""Possessive suffix"", ""SG"": ""Singular"", ""ADD"": ""Additive"", ""HAB"": ""Habitual"", ""NFUT"": ""Non-future"", ""INS"": ""Instrumental"", ""PL"": ""Plural"", ""EX"": ""Exclusive"", ""OBL"": ""Oblique"", ""ACC"": ""Accusative"", ""AGNR"": ""Agent nominalizer"", ""ABL"": ""Ablative""}"
even1260a-B6-33,tarakamke eʨiβu aːmalkar badudaj orondu.,tarakam=ke	e-ʨi-βu	aːmalka-r	badu-da-j	oron-du,at.that.time=FOC	NEG-PST-1SG	learn[COMPL]-NEG.CVB	ride-VS.PURP-PRFL.SG	reindeer(domestic)-DAT.ESS,In those days I probably learnt how to ride a reindeer.,B6,33,even1260,even1260a,WORD_ALIGNED,"{""FOC"": ""Focus"", ""NEG"": ""Negative; by itself: Negative auxiliary"", ""PST"": ""Past"", ""SG"": ""Singular"", ""COMPL"": ""Completive"", ""CVB"": ""Converb"", ""VS"": ""Variable-subject converb"", ""PURP"": ""Purposive"", ""PRFL"": ""Reflexive possessive"", ""DAT"": ""Dative"", ""ESS"": ""Essive""}"
even1260a-B6-34,"djadjaβuda bisin, Abram Fedorovič.",djadja-βu=da	bi-si-n	Abram	Fedorovič,uncle.R-PX.1SG=ADD	be-PST-3SG	PN	PN,"And I had an uncle, Abram Fedorovič.",B6,34,even1260,even1260a,WORD_ALIGNED,"{""PX"": ""Possessive suffix"", ""SG"": ""Singular"", ""ADD"": ""Additive"", ""PST"": ""Past"", ""PN"": ""Proper noun""}"
even1260a-B6-35,noŋanda emmoːtten.,noŋan=da	em-moːt-te-n,3SG=ADD	come-HAB-NFUT-3SG,He also came.,B6,35,even1260,even1260a,WORD_ALIGNED,"{""SG"": ""Singular"", ""ADD"": ""Additive"", ""HAB"": ""Habitual"", ""NFUT"": ""Non-future""}"
even1260a-B6-36,ɲan orondu baduβaːttam.,ɲan	oron-du	badu-βaːt-ta-m,and	reindeer(domestic)-DAT.ESS	ride-HAB-NFUT-1SG,And I rode on a reindeer.,B6,36,even1260,even1260a,WORD_ALIGNED,"{""DAT"": ""Dative"", ""ESS"": ""Essive"", ""HAB"": ""Habitual"", ""NFUT"": ""Non-future"", ""SG"": ""Singular""}"
even1260a-B6-37,"ɲan ŋennu orduleː, baduddu, Essogiʨ oːjeː kuŋal biβeːtte.",ɲan	ŋen-n-u	or-duli=eː	badu-d-d-u	Esso-giʨ	oːj=eː	kuŋa-l	bi-βeːt-te,and	go(GNRC)-NFUT-1PL.EX	reindeer.herd-PROL=EMPH	ride-PROG-NFUT-1PL.EX	TOPO-ELAT	many=EMPH	child-PL	be-HAB-NFUT,"And we go, we go from herd to herd, from Esso there were a lot of children.",B6,37,even1260,even1260a,WORD_ALIGNED,"{""GNRC"": ""Generic"", ""NFUT"": ""Non-future"", ""PL"": ""Plural"", ""EX"": ""Exclusive"", ""PROL"": ""Prolative"", ""EMPH"": ""Emphatic"", ""PROG"": ""Progressive"", ""TOPO"": ""Toponym"", ""ELAT"": ""Elative"", ""HAB"": ""Habitual""}"
even1260a-B6-38,"aːnda egɟemkerel, uže asatkar oːʨal.",aːn=da	egɟe-mkere-l	uže	asatka-r	oː-ʨa-l,some=ADD	big-AUG.INDEF-PL	already.R	girl-PL	become-RES.PST-PL,"Some were big, had already become young women.",B6,38,even1260,even1260a,WORD_ALIGNED,"{""ADD"": ""Additive"", ""AUG"": ""Augmentative"", ""INDEF"": ""Indefinite"", ""PL"": ""Plural"", ""RES"": ""Resultative"", ""PST"": ""Past""}"
even1260a-B6-39,"ɲan elgedu daːli oːdin Leuʨenteki, biː uže aːram čto daːli oːdni.",ɲan	elge-du	daːli	oː-di-n	Leuʨen-teki	biː	uže	aː-ra-m	čto	daːli	oː-d-ni,and	interval-DAT.ESS	near	become-PST-3SG	TOPO-ALL	1SG	already.R	know-NFUT-1SG	what.R	near	become-NFUT-3SG,"And on the way, it got close to Laučan, and I already know that it's close.'\footnote{See \figref{fig:mapBys2} for the location of Laučan with respect to Esso.",B6,39,even1260,even1260a,WORD_ALIGNED,"{""DAT"": ""Dative"", ""ESS"": ""Essive"", ""PST"": ""Past"", ""SG"": ""Singular"", ""TOPO"": ""Toponym"", ""ALL"": ""Allative"", ""NFUT"": ""Non-future""}"
even1260a-B6-40,"tar Nebure gerben tardala Leuʨendule, tala ɟulle posevnoj bisin, tala ŋenniβu.",tar	Nebure	gerbe-n	tar-da-la	Leuʨen-dule	ta-la	ɟul-le	posevnoj	bi-si-n	ta-la	ŋen-ni-βu,DP	TOPO	name-PX.3SG	DIST-SIDE-LOC	TOPO-LOC	DIST-LOC	front-LOC	sowing.field.R	be-PST-3SG	DIST-LOC	go(GNRC)-PST-1SG,"There is a (hill) called Nebure there in Laučan, there used to be a sowing field there, that is where I arrived.",B6,40,even1260,even1260a,WORD_ALIGNED,"{""DP"": ""Discourse particle"", ""TOPO"": ""Toponym"", ""PX"": ""Possessive suffix"", ""SG"": ""Singular"", ""DIST"": ""Distal demonstrative"", ""LOC"": ""Locative"", ""PST"": ""Past"", ""GNRC"": ""Generic""}"
even1260a-B6-41,"ɲan minu srazu Leuʨenteki ururin etikeːn, Andrej Petrovič, Leuʨenteki.",ɲan	min-u	srazu	Leuʨen-teki	ur-u-ri-n	etikeːn	Andrej	Petrovič	Leuʨen-teki,and	1SG.OBL-ACC	at.once.R	TOPO-ALL	go(UNIDIR)-VAL-PST-3SG	old.man	PN	PN	TOPO-ALL,"And an old man, Andrej Petrovič, immediately brought me to Laučan.",B6,41,even1260,even1260a,WORD_ALIGNED,"{""SG"": ""Singular"", ""OBL"": ""Oblique"", ""ACC"": ""Accusative"", ""TOPO"": ""Toponym"", ""ALL"": ""Allative"", ""UNIDIR"": ""Unidirectional"", ""VAL"": ""Valency-change"", ""PST"": ""Past"", ""PN"": ""Proper noun""}"
even1260a-B6-42,"ɲan amaŋaβu bisin, Nikolaj Pavlovič gerben.",ɲan	amaŋa-βu	bi-si-n	Nikolaj	Pavlovič	gerbe-n,and	grandfather-PX.1SG	be-PST-3SG	PN	PN	name-PX.3SG,"And my grandfather was (there), (he was) called Nikolaj Pavlovič.'\footnote{The Bystraja Even term for `grandfather', \textit{amaŋa}, corresponds to the polite vocative form of the term for `father' in other Even dialects (\cite[104-105, 123]{Lavrillier:2024et}).",B6,42,even1260,even1260a,WORD_ALIGNED,"{""PX"": ""Possessive suffix"", ""SG"": ""Singular"", ""PST"": ""Past"", ""PN"": ""Proper noun""}"
even1260a-B6-43,"tarak minu ŋenurin, iranurin, tarjaːla, tarjaːla, guːnni, tar ɟuːtan.",tarak	min-u	ŋen-u-ri-n	iranu-ri-n	tar-jaː-la	tar-jaː-la	guː-n-ni	tar	ɟuː-tan,DIST	1SG.OBL-ACC	go(GNRC)-VAL-PST-3SG	accompany-PST-3SG	DIST-AUG-LOC	DIST-AUG-LOC	say-NFUT-3SG	DP	house-PX.3PL,"He brought me, accompanied me, ``Over there, over there'', he said, ``(is) their house''.",B6,43,even1260,even1260a,WORD_ALIGNED,"{""DIST"": ""Distal demonstrative"", ""SG"": ""Singular"", ""OBL"": ""Oblique"", ""ACC"": ""Accusative"", ""GNRC"": ""Generic"", ""VAL"": ""Valency-change"", ""PST"": ""Past"", ""AUG"": ""Augmentative"", ""LOC"": ""Locative"", ""NFUT"": ""Non-future"", ""DP"": ""Discourse particle"", ""PX"": ""Possessive suffix"", ""PL"": ""Plural""}"
even1260a-B6-44,"agdigu ɲoːmadin, Pavel Grigorevič, tarakam elekes min taŋnasiddaku.",agdig-u	ɲoːma-di-n	Pavel	Grigorevič	tarakam	elekes	min	taŋ-na.si-d-dak-u,older.brother-PX.1SG	die-PST-3SG	PN	PN	at.that.time	at.first	1SG.OBL	read-AM.IPFV-PROG-DS.COND-1SG,"My older brother had died, Pavel Grigorevič, when I had just left for school.'\footnote{The verb \textit{ɲoːme-} (mostly pronounced \textit{ɲoːma-}) is actually not a verb that takes the Nonfuture or Past tense suffix in \textit{-d-}, this must be an idiosyncratic pronunciation of Evdokija Adukanova's. The compound suffix \textit{-na.si}, glossed as -\textsc{am}.\textsc{ipfv}, gives a `go and do and return' reading (\cite{Pakendorf:2021ho}) - which actually doesn't fit the context here, since her brother died after she had left, but before she had come back.",B6,44,even1260,even1260a,WORD_ALIGNED,"{""PX"": ""Possessive suffix"", ""SG"": ""Singular"", ""PST"": ""Past"", ""PN"": ""Proper noun"", ""OBL"": ""Oblique"", ""AM"": ""Associated Motion"", ""IPFV"": ""Imperfective"", ""PROG"": ""Progressive"", ""DS"": ""Different-subject converb"", ""COND"": ""Conditional-Temporal (converb)""}"
even1260a-B6-45,"ɲan tadu ittem, iami kuŋakakakan tolle eβidden.",ɲan	ta-du	it-te-m	iami	kuŋa-kaka-kan	tol-le	eβi-d-de-n,and	DIST-DAT.ESS	see-NFUT-1SG	why	child-DIM.INDEF-DIM	outside.space-LOC	play-PROG-NFUT-3SG,"And I see a little child is playing outside.'\footnote{Here, \textit{iami} `why' has a mirative reading.",B6,45,even1260,even1260a,WORD_ALIGNED,"{""DIST"": ""Distal demonstrative"", ""DAT"": ""Dative"", ""ESS"": ""Essive"", ""NFUT"": ""Non-future"", ""SG"": ""Singular"", ""DIM"": ""Diminutive "", ""INDEF"": ""Indefinite"", ""LOC"": ""Locative"", ""PROG"": ""Progressive""}"
even1260a-B6-46,minu ittiɟi tariɟit ɟuːtki iːmelʨisnin.,min-u	it-tiɟi	tariɟit	ɟuː-tki	iː-melʨi-s-ni-n,1SG.OBL-ACC	see-SS.ANT.SG	at.once	house-ALL	enter-ACCEL-TAM1-PST-3SG,He saw me and at once jumped into the house.,B6,46,even1260,even1260a,WORD_ALIGNED,"{""SG"": ""Singular"", ""OBL"": ""Oblique"", ""ACC"": ""Accusative"", ""SS"": ""Same-subject converb"", ""ANT"": ""Anterior (converb)"", ""ALL"": ""Allative"", ""ACCEL"": ""Accelerative"", ""TAM"": ""Polysemous TAM marker"", ""PST"": ""Past""}"
even1260a-B6-47,"nuːβu Jekov, tarak eβiddin.",nuː-βu	Jekov	tarak	eβi-d-di-n,younger.sib-PX.1SG	PN	DIST	play-PROG-PST-3SG,"(It was) my younger brother Jacob, he was playing.",B6,47,even1260,even1260a,WORD_ALIGNED,"{""PX"": ""Possessive suffix"", ""SG"": ""Singular"", ""PN"": ""Proper noun"", ""DIST"": ""Distal demonstrative"", ""PROG"": ""Progressive"", ""PST"": ""Past""}"
even1260a-B6-48,min nuːβu.,min	nuː-βu,1SG.OBL	younger.sib-PX.1SG,My younger brother.,B6,48,even1260,even1260a,WORD_ALIGNED,"{""SG"": ""Singular"", ""OBL"": ""Oblique"", ""PX"": ""Possessive suffix""}"
even1260a-B6-49,"ɲan iːddem ɟuːlaji, iami ekmu ɲaːlakʨaβeː toβtidden.",ɲan	iː-d-de-m	ɟuː-la-ji	iami	ekm-u	ɲaːlakʨa-β=eː	toβti-d-de-n,and	enter-PROG-NFUT-1SG	house-LOC-PRFL.SG	why	mother-PX.1SG	fresh.offal-ACC=EMPH	chop-PROG-NFUT-3SG,"I enter my house and why, my mother is chopping \textit{ɲaːlakʨa}.'\footnote{\textit{ɲaːlakʨa} is the lungs, kidneys, and liver of a reindeer chopped finely and eaten raw, immediately after slaughtering (see \figref{fig:photoNjalakcha}).",B6,49,even1260,even1260a,WORD_ALIGNED,"{""PROG"": ""Progressive"", ""NFUT"": ""Non-future"", ""SG"": ""Singular"", ""LOC"": ""Locative"", ""PRFL"": ""Reflexive possessive"", ""PX"": ""Possessive suffix"", ""ACC"": ""Accusative"", ""EMPH"": ""Emphatic""}"
even1260a-B6-50,ɲan oron ɲaːlakʨaβan toβtidden ɟebesʨidden.,ɲan	oron	ɲaːlakʨa-βa-n	toβti-d-de-n	ɟebe-sʨi-d-de-n,and	reindeer(domestic)	fresh.offal-ACC-PX.3SG	chop-PROG-NFUT-3SG	eat-ATTN-PROG-NFUT-3SG,She's chopping reindeer \textit{ɲaːlakʨa} and eating a bit.,B6,50,even1260,even1260a,WORD_ALIGNED,"{""ACC"": ""Accusative"", ""PX"": ""Possessive suffix"", ""SG"": ""Singular"", ""PROG"": ""Progressive"", ""NFUT"": ""Non-future"", ""ATTN"": ""Attenuative""}"
even1260a-B6-51,"biː ɲan, iːriɟi ɟuːlaji oŋaladdamasi ittiɟi akmu i ekmu.",biː	ɲan	iː-riɟi	ɟuː-la-ji	oŋa-la-d-da-ma=si	it-tiɟi	akm-u	i	ekm-u,1SG	and	enter-SS.ANT.SG	house-LOC-PRFL.SG	cry-INCH-PROG-NFUT-1SG=CONTR	see-SS.ANT.SG	father-PX.1SG	and.R	mother-PX.1SG,"And I entered my house, and how I started to cry when I saw my mother and father.'\footnote{The Nominative and Accusative case forms of the Possessive 1\textsc{sg} are syncretic; here, \textit{akmu} and \textit{ekmu} are -\textsc{acc}-\textsc{px}.1\textsc{sg}.",B6,51,even1260,even1260a,WORD_ALIGNED,"{""SG"": ""Singular"", ""SS"": ""Same-subject converb"", ""ANT"": ""Anterior (converb)"", ""LOC"": ""Locative"", ""PRFL"": ""Reflexive possessive"", ""INCH"": ""Inchoative"", ""PROG"": ""Progressive"", ""NFUT"": ""Non-future"", ""CONTR"": ""Contrastive"", ""PX"": ""Possessive suffix""}"
even1260a-B6-52,"ɲan minu nakaɟilleː umekiʨ ɟebdekude elteβde buːr, neːde ele.",ɲan	min-u	naka-ɟi-l-l=eː	umekiʨ	ɟeb-de-ku=de	elte-β=de	buː-r	neː-de	e-le,and	1SG.OBL-ACC	calm.down-PROG-INCH-NFUT=EMPH	very	eat-VS.PURP-1SG=ADD	dried.meat-ACC=ADD	give-3PL	put-NFUT	PROX-LOC,"And they started to calm me, and gave me dried meat to eat, they put (me) here.",B6,52,even1260,even1260a,WORD_ALIGNED,"{""SG"": ""Singular"", ""OBL"": ""Oblique"", ""ACC"": ""Accusative"", ""PROG"": ""Progressive"", ""INCH"": ""Inchoative"", ""NFUT"": ""Non-future"", ""EMPH"": ""Emphatic"", ""VS"": ""Variable-subject converb"", ""PURP"": ""Purposive"", ""ADD"": ""Additive"", ""PL"": ""Plural"", ""PROX"": ""Proximal (demonstrative)"", ""LOC"": ""Locative""}"
even1260a-B6-53,moːminaβda dalgatta umekiʨ.,moːmina-β=da	dalgat-ta	umekiʨ,large.intestine-ACC=ADD	roast-NFUT	very,"And they roasted the (dried) large intestine.'\footnote{The large intestine of reindeers is dried and then roasted over the fire, and eaten together with the dried reindeer meat \textit{elte}.",B6,53,even1260,even1260a,WORD_ALIGNED,"{""ACC"": ""Accusative"", ""ADD"": ""Additive"", ""NFUT"": ""Non-future""}"
even1260a-B6-54,ulleŋeteneː nokuttan eʨin.,ulle-ŋe-ten=eː	noku-t-ta-n	eʨin,meat-POSS-PX.3PL=EMPH	hang.up-TAM2-NFUT-3SG	PROX.QUAL,And their (reindeer) meat is hanging like this.,B6,54,even1260,even1260a,WORD_ALIGNED,"{""POSS"": ""Non-canonical possession"", ""PX"": ""Possessive suffix"", ""PL"": ""Plural"", ""EMPH"": ""Emphatic"", ""TAM"": ""Polysemous TAM marker"", ""NFUT"": ""Non-future"", ""SG"": ""Singular"", ""PROX"": ""Proximal (demonstrative)"", ""QUAL"": ""Qualitative""}"
even1260a-B6-55,"kak raz temujodditen, mjaso nokuttan.",{kak\_raz}	temujo-d-di-ten	mjaso	noku-t-ta-n,just.then.R	slaughter-PROG-PST-3PL	meat.R	hang.up-TAM2-NFUT-3SG,"They had just slaughtered, meat was hanging.",B6,55,even1260,even1260a,WORD_ALIGNED,"{""PROG"": ""Progressive"", ""PST"": ""Past"", ""PL"": ""Plural"", ""TAM"": ""Polysemous TAM marker"", ""NFUT"": ""Non-future"", ""SG"": ""Singular""}"
even1260a-B6-56,i eβiɟilliβu nuːnumi.,i	eβi-ɟi-l-li-βu	nuː-num-i,and.R	play-PROG-INCH-PST-1SG	younger.sib-COM1-PRFL.SG,And I started to play with my youngest brother.,B6,56,even1260,even1260a,WORD_ALIGNED,"{""PROG"": ""Progressive"", ""INCH"": ""Inchoative"", ""PST"": ""Past"", ""SG"": ""Singular"", ""COM"": ""Comitative"", ""PRFL"": ""Reflexive possessive""}"
even1260a-B6-57,ɲan tara.,ɲan	tara,and	DP,That's it.,B6,57,even1260,even1260a,WORD_ALIGNED,"{""DP"": ""Discourse particle""}"
even1260a-B7-1,"kuŋa bimi tar ordu buː ereger bisiβun, biː ɟoːŋʨiram tar ordu biʨeji.",kuŋa	bi-mi	tar	or-du	buː	ereger	bi-si-βun	biː	ɟoː-ŋʨi-ra-m	tar	or-du	bi-ʨe-ji,child	be-SS.COND	DIST	reindeer.herd-DAT.ESS	1PL.EX	always	be-PST-1PL.EX	1SG	remember-DUR-NFUT-1SG	DP	reindeer.herd-DAT.ESS	live-PST.PTCP-PRFL.SG,"When I was a child we were always in the herd, I remember how I lived in the herd.",B7,1,even1260,even1260a,WORD_ALIGNED,"{""SS"": ""Same-subject converb"", ""COND"": ""Conditional-Temporal (converb)"", ""DIST"": ""Distal demonstrative"", ""DAT"": ""Dative"", ""ESS"": ""Essive"", ""PL"": ""Plural"", ""EX"": ""Exclusive"", ""PST"": ""Past"", ""SG"": ""Singular"", ""DUR"": ""Durative"", ""NFUT"": ""Non-future"", ""DP"": ""Discourse particle"", ""PTCP"": ""Participle"", ""PRFL"": ""Reflexive possessive""}"
even1260a-B7-2,"nuːjida Gena bakutʨaβan ɟoːŋʨiram, mindu tarakam bisin ɟuːr anŋanu, adikana, ɟapkan atkikan.",nuː-ji=da	Gena	baku-t-ʨa-βa-n	ɟoː-ŋʨi-ra-m	min-du	tarakam	bi-si-n	ɟuːr	anŋan-u	adi=kana	ɟapkan	atkikan,younger.sib-PRFL.SG=ADD	PN	be.born-TAM2-PST.PTCP-ACC-3SG	remember-DUR-NFUT-1SG	1SG.OBL-DAT.ESS	at.that.time	be-PST-3SG	two	year-ACC	how.many=FOC	eight	month,"I remember how my younger brother Gena was born, I was then two years old, how much, and eight months.",B7,2,even1260,even1260a,WORD_ALIGNED,"{""PRFL"": ""Reflexive possessive"", ""SG"": ""Singular"", ""ADD"": ""Additive"", ""PN"": ""Proper noun"", ""TAM"": ""Polysemous TAM marker"", ""PST"": ""Past"", ""PTCP"": ""Participle"", ""ACC"": ""Accusative"", ""DUR"": ""Durative"", ""NFUT"": ""Non-future"", ""OBL"": ""Oblique"", ""DAT"": ""Dative"", ""ESS"": ""Essive"", ""FOC"": ""Focus""}"
even1260a-B7-3,"taraβ ɟoːŋʨiram, Gena bakurin Birkaŋaj gerben urekʨen.",tara-β	ɟoː-ŋʨi-ra-m	Gena	baku-ri-n	Birkaŋaj	gerbe-n	urekʨen,DIST-ACC	remember-DUR-NFUT-1SG	PN	be.born-PST-3SG	TOPO	name-PX.3SG	hill,"That I remember, Gena was born, a hill with the name Birkaŋaj.",B7,3,even1260,even1260a,WORD_ALIGNED,"{""DIST"": ""Distal demonstrative"", ""ACC"": ""Accusative"", ""DUR"": ""Durative"", ""NFUT"": ""Non-future"", ""SG"": ""Singular"", ""PN"": ""Proper noun"", ""PST"": ""Past"", ""TOPO"": ""Toponym"", ""PX"": ""Possessive suffix""}"
even1260a-B7-4,egɟeːn urekʨen bisni.,egɟeːn	urekʨen	bi-s-ni,big	hill	be-NFUT-3SG,It's a big hill.,B7,4,even1260,even1260a,WORD_ALIGNED,"{""NFUT"": ""Non-future"", ""SG"": ""Singular""}"
even1260a-B7-5,"ikaːβeːttekke taraβ uŋel, Essola Nulguremŋel:",ikaː-βeːt-te=kke	tara-β	uŋe-l	Esso-la	Nulgure-mŋe-l,sing-HAB-NFUT=FOC	DIST-ACC	FLR-PL	TOPO-LOC	PN-NR(GROUP.MEMBER)-PL,"They sing about that, don't they, the Nulgur members in Esso:'\footnote{Nulgur is a folklore ensemble in Esso.",B7,5,even1260,even1260a,WORD_ALIGNED,"{""HAB"": ""Habitual"", ""NFUT"": ""Non-future"", ""FOC"": ""Focus"", ""DIST"": ""Distal demonstrative"", ""ACC"": ""Accusative"", ""FLR"": ""Filler"", ""PL"": ""Plural"", ""TOPO"": ""Toponym"", ""LOC"": ""Locative"", ""PN"": ""Proper noun"", ""NR"": ""Nominalizer""}"
even1260a-B7-6,"Birkaŋaj, Birkaŋaj, eregerda tanmuʨaddan.",Birkaŋaj	Birkaŋaj	ereger=da	tanmu-ʨa-d-da-n,TOPO	TOPO	always=ADD	become.foggy-TAM2-PROG-NFUT-3SG,"Birkaŋaj, Birkaŋaj, always foggy.",B7,6,even1260,even1260a,WORD_ALIGNED,"{""TOPO"": ""Toponym"", ""ADD"": ""Additive"", ""TAM"": ""Polysemous TAM marker"", ""PROG"": ""Progressive"", ""NFUT"": ""Non-future"", ""SG"": ""Singular""}"
even1260a-B7-7,noŋan ajdit ereger tanmuʨʨoːttan.,noŋan	ajdit	ereger	tanmu-ʨ-ʨoːt-ta-n,3SG	truth	always	become.foggy-TAM2-HAB-NFUT-3SG,It truly is always covered in fog.,B7,7,even1260,even1260a,WORD_ALIGNED,"{""SG"": ""Singular"", ""TAM"": ""Polysemous TAM marker"", ""HAB"": ""Habitual"", ""NFUT"": ""Non-future""}"
even1260a-B7-8,"buː Tβajaːndu bimi, binokliʨ kojeːʨidɟoːttu taraβ Birkaŋaju, megdin ejelen ojʨiriɟur.",buː	Tβajaːn-du	bi-mi	binokli-ʨ	kojeː-ʨi-d-ɟoːt-t-u	tara-β	Birkaŋaj-u	megdin	eje-le-n	ojʨi-riɟur,1PL.EX	TOPO-DAT.ESS	be-SS.COND	binoculars.R-INS	to.watch-TAM2-PROG-HAB-NFUT-1PL.EX	DIST-ACC	TOPO-ACC	high.riverbank	peak-LOC-PX.3SG	go.up-SS.ANT.PL,"When we were in Tvajan, we looked at that Birkaŋaj with binoculars, having climbed up to the top of the riverbank.",B7,8,even1260,even1260a,WORD_ALIGNED,"{""PL"": ""Plural"", ""EX"": ""Exclusive"", ""TOPO"": ""Toponym"", ""DAT"": ""Dative"", ""ESS"": ""Essive"", ""SS"": ""Same-subject converb"", ""COND"": ""Conditional-Temporal (converb)"", ""INS"": ""Instrumental"", ""TAM"": ""Polysemous TAM marker"", ""PROG"": ""Progressive"", ""HAB"": ""Habitual"", ""NFUT"": ""Non-future"", ""DIST"": ""Distal demonstrative"", ""ACC"": ""Accusative"", ""LOC"": ""Locative"", ""PX"": ""Possessive suffix"", ""SG"": ""Singular"", ""ANT"": ""Anterior (converb)""}"
even1260a-B7-9,"tabit ɲan ɟoːŋʨiram, taʨinda, tože ilan anŋanu bisin, tara.",tabit	ɲan	ɟoː-ŋʨi-ra-m	taʨin=da	tože	ilan	anŋan-u	bi-si-n	tara,and.then	and	remember-DUR-NFUT-1SG	DIST.QUAL=ADD	also.R	three	year-PX.1SG	be-PST-3SG	DP,"And then I remember, I was also three years old.",B7,9,even1260,even1260a,WORD_ALIGNED,"{""DUR"": ""Durative"", ""NFUT"": ""Non-future"", ""SG"": ""Singular"", ""DIST"": ""Distal demonstrative"", ""QUAL"": ""Qualitative"", ""ADD"": ""Additive"", ""PX"": ""Possessive suffix"", ""PST"": ""Past"", ""DP"": ""Discourse particle""}"
even1260a-B7-10,"ajit taraβ ɟoːŋʨiram, Gena tar togtaki mirkesnin.",aji-t	tara-β	ɟoː-ŋʨi-ra-m	Gena	tar	tog-taki	mirke-s-ni-n,good-ADVR	DIST-ACC	remember-DUR-NFUT-1SG	PN	DIST	fire-ALL	crawl-TAM1-PST-3SG,"I remember that well, Gena started to crawl towards the fire.",B7,10,even1260,even1260a,WORD_ALIGNED,"{""ADVR"": ""Adverbializer"", ""DIST"": ""Distal demonstrative"", ""ACC"": ""Accusative"", ""DUR"": ""Durative"", ""NFUT"": ""Non-future"", ""SG"": ""Singular"", ""PN"": ""Proper noun"", ""ALL"": ""Allative"", ""TAM"": ""Polysemous TAM marker"", ""PST"": ""Past""}"
even1260a-B7-11,biː noŋman ekmi uːtmi asukut emeːniβu.,biː	noŋman	ekm-i	uːt-mi	asukut	emeː-ni-βu,1SG	3SG.ACC	mother-PRFL.SG	run.after-SS.COND	almost	leave-PST-1SG,"I nearly left him, since I ran (lit. `running') after my mother.",B7,11,even1260,even1260a,WORD_ALIGNED,"{""SG"": ""Singular"", ""ACC"": ""Accusative"", ""PRFL"": ""Reflexive possessive"", ""SS"": ""Same-subject converb"", ""COND"": ""Conditional-Temporal (converb)"", ""PST"": ""Past""}"
even1260a-B7-12,ɲan eldurda muranderil emniten tar.,ɲan	eldur=da	muran-de-ri-l	em-ni-ten	tar,and	fortunately=ADD	horse-VR(TRANSPORT)-PRS.PTCP-PL	come-PST-3PL	DP,And what luck that horsemen came then.,B7,12,even1260,even1260a,WORD_ALIGNED,"{""ADD"": ""Additive"", ""VR"": ""Verbalizer"", ""PRS"": ""Present"", ""PTCP"": ""Participle"", ""PL"": ""Plural"", ""PST"": ""Past"", ""DP"": ""Discourse particle""}"
even1260a-B7-13,Gena togtaki mirkeddin.,Gena	tog-taki	mirke-d-di-n,PN	fire-ALL	crawl-PROG-PST-3SG,Gena was crawling towards the fire.,B7,13,even1260,even1260a,WORD_ALIGNED,"{""PN"": ""Proper noun"", ""ALL"": ""Allative"", ""PROG"": ""Progressive"", ""PST"": ""Past"", ""SG"": ""Singular""}"
even1260a-B7-14,noŋan ɲuŋen atkikaŋan bisin tarakam tar.,noŋan	ɲuŋen	atkika-ŋa-n	bi-si-n	tarakam	tar,3SG	six	month-POSS-PX.3SG	be-PST-3SG	at.that.time	DP,He was six months old then.,B7,14,even1260,even1260a,WORD_ALIGNED,"{""SG"": ""Singular"", ""POSS"": ""Non-canonical possession"", ""PX"": ""Possessive suffix"", ""PST"": ""Past"", ""DP"": ""Discourse particle""}"
even1260a-B7-15,tabit ɲan tugenidu sorok devjatyj pjatidesjatyj god uže selotki nulgeriβun.,tabit	ɲan	tugeni-du	sorok	devjatyj	pjatidesjatyj	god	uže	selo-tki	nulge-ri-βun,and.then	and	winter-DAT.ESS	fourty.R	ninth.R	fiftieth.R	year.R	already.R	village.R-ALL	migrate-PST-1PL.EX,And then in the winter of 1949-50 we moved to the village.'\footnote{Raisa Solodikova would have been about five years old at the time of the move.,B7,15,even1260,even1260a,WORD_ALIGNED,"{""DAT"": ""Dative"", ""ESS"": ""Essive"", ""ALL"": ""Allative"", ""PST"": ""Past"", ""PL"": ""Plural"", ""EX"": ""Exclusive""}"
even1260a-B7-16,"ɲan orgiʨ emniɟi, elekes biː ʨakaru iʨiddiβu, kuskovoju.",ɲan	or-giʨ	em-niɟi	elekes	biː	ʨakar-u	iʨi-d-di-βu	kuskovoj-u,and	reindeer.herd-ELAT	come-SS.ANT.SG	at.first	1SG	sugar.R-ACC	see-PROG-PST-1SG	lump.R-ACC,"And having come from the herd I saw sugar, lump sugar, for the first time.",B7,16,even1260,even1260a,WORD_ALIGNED,"{""ELAT"": ""Elative"", ""SS"": ""Same-subject converb"", ""ANT"": ""Anterior (converb)"", ""SG"": ""Singular"", ""ACC"": ""Accusative"", ""PROG"": ""Progressive"", ""PST"": ""Past""}"
even1260a-B7-17,"uŋeʨ ordu bimi eβidɟoːttu, ɟolaʨ, burkaŋi goːβeːtte, eʨin tar tariʨ eβidɟoːttu, goːβeːtte kameški.",uŋe-ʨ	or-du	bi-mi	eβi-d-ɟoːt-t-u	ɟola-ʨ	burkaŋi	goː-βeːt-te	eʨin	tar	tari-ʨ	eβi-d-ɟoːt-t-u	goː-βeːt-te	kameški,FLR-INS	reindeer.herd-DAT.ESS	be-SS.COND	play-PROG-HAB-NFUT-1PL.EX	stone-INS	pebbles	say-HAB-NFUT	PROX.QUAL	DP	DIST-INS	play-PROG-HAB-NFUT-1PL.EX	say-HAB-NFUT	knucklebones.R,"When we were in the herd we used to play with stones called ``\textit{burkaŋi}'', and we played with those, they call (the game) ``knucklebones''.'\footnote{The stones called \textit{burkaŋi} are white and resemble flint.",B7,17,even1260,even1260a,WORD_ALIGNED,"{""FLR"": ""Filler"", ""INS"": ""Instrumental"", ""DAT"": ""Dative"", ""ESS"": ""Essive"", ""SS"": ""Same-subject converb"", ""COND"": ""Conditional-Temporal (converb)"", ""PROG"": ""Progressive"", ""HAB"": ""Habitual"", ""NFUT"": ""Non-future"", ""PL"": ""Plural"", ""EX"": ""Exclusive"", ""PROX"": ""Proximal (demonstrative)"", ""QUAL"": ""Qualitative"", ""DP"": ""Discourse particle"", ""DIST"": ""Distal demonstrative""}"
even1260a-B7-18,biː ɲan ʨakaru ittiɟi taʨin eβiɟilliβu.,biː	ɲan	ʨakar-u	it-tiɟi	taʨin	eβi-ɟi-l-li-βu,1SG	and	sugar.R-ACC	see-SS.ANT.SG	DIST.QUAL	play-PROG-INCH-PST-1SG,And having seen the (lump) sugar I started to play like that (using the sugar).,B7,18,even1260,even1260a,WORD_ALIGNED,"{""SG"": ""Singular"", ""ACC"": ""Accusative"", ""SS"": ""Same-subject converb"", ""ANT"": ""Anterior (converb)"", ""DIST"": ""Distal demonstrative"", ""QUAL"": ""Qualitative"", ""PROG"": ""Progressive"", ""INCH"": ""Inchoative"", ""PST"": ""Past""}"
even1260a-B7-19,eʨiβu tar ʨakaru aːr.,e-ʨi-βu	tar	ʨakar-u	aː-r,NEG-PST-1SG	DP	sugar.R-ACC	know-NEG.CVB,I didn't know sugar.,B7,19,even1260,even1260a,WORD_ALIGNED,"{""NEG"": ""Negative; by itself: Negative auxiliary"", ""PST"": ""Past"", ""SG"": ""Singular"", ""DP"": ""Discourse particle"", ""ACC"": ""Accusative"", ""CVB"": ""Converb""}"
even1260a-B7-20,jabolukukan tar biː ajaːβalliβu tariɟit.,jaboluk-u-kan	tar	biː	ajaːβa-l-li-βu	tariɟit,apple.R-ACC-DIM	DP	1SG	love-INCH-PST-1SG	at.once,Only apples I loved right away.,B7,20,even1260,even1260a,WORD_ALIGNED,"{""ACC"": ""Accusative"", ""DIM"": ""Diminutive "", ""DP"": ""Discourse particle"", ""SG"": ""Singular"", ""INCH"": ""Inchoative"", ""PST"": ""Past""}"
even1260a-B7-21,"biː ɲan magazintaki orroːttem, unijemŋe ɟuldedun nurgenedɟoːttem, jablokaŋgaji gasʨimi.",biː	ɲan	magazin-taki	or-roːt-te-m	unije-mŋe	ɟul-de-du-n	nurgene-d-ɟoːt-te-m	jabloka-ŋ-ga-ji	gasʨi-mi,1SG	and	shop.R-ALL	go(UNIDIR)-HAB-NFUT-1SG	to.trade-AGNR	front-SIDE-DAT.ESS-PX.3SG	dance-PROG-HAB-NFUT-1SG	apple.R-POSS-DEST-PRFL.SG	to.request-SS.COND,"And so I used to go to the shop and dance in front of the salesperson, asking for an apple for myself.",B7,21,even1260,even1260a,WORD_ALIGNED,"{""SG"": ""Singular"", ""ALL"": ""Allative"", ""UNIDIR"": ""Unidirectional"", ""HAB"": ""Habitual"", ""NFUT"": ""Non-future"", ""AGNR"": ""Agent nominalizer"", ""DAT"": ""Dative"", ""ESS"": ""Essive"", ""PX"": ""Possessive suffix"", ""PROG"": ""Progressive"", ""POSS"": ""Non-canonical possession"", ""DEST"": ""Destinative"", ""PRFL"": ""Reflexive possessive"", ""SS"": ""Same-subject converb"", ""COND"": ""Conditional-Temporal (converb)""}"
even1260a-B7-22,elekes tar uŋu suxofruktyβda ittiɟi biː gerbuttiβu deβenŋit olgitʨa.,elekes	tar	uŋ-u	suxofrukty-β=da	it-tiɟi	biː	gerbut-ti-βu	deβenŋit	olgi-t-ʨa,at.first	DP	FLR-ACC	dried.fruit.R-ACC=ADD	see-SS.ANT.SG	1SG	think-PST-1SG	mushroom	to.dry[TR]-TAM2-PST.PTCP,"The first time I saw dried fruit, I thought it was dried mushrooms.",B7,22,even1260,even1260a,WORD_ALIGNED,"{""DP"": ""Discourse particle"", ""FLR"": ""Filler"", ""ACC"": ""Accusative"", ""ADD"": ""Additive"", ""SS"": ""Same-subject converb"", ""ANT"": ""Anterior (converb)"", ""SG"": ""Singular"", ""PST"": ""Past"", ""TR"": ""Transitive"", ""TAM"": ""Polysemous TAM marker"", ""PTCP"": ""Participle""}"
even1260a-B7-23,"taraβ tare, goːβeːttem iadu ɲan deβenŋitu akmu unin, oːjakka bujli tar deβenŋit.",tara-β	tare	goː-βeːt-te-m	ia-du	ɲan	deβenŋit-u	akm-u	uni-n	oːja=kka	buj-li	tar	deβenŋit,DIST-ACC	DP	say-HAB-NFUT-1SG	what-DAT.ESS	and	mushroom-ACC	father-PX.1SG	to.trade-3SG	many=FOC	forest-PROL	DIST	mushroom,"About this I thought, ``Why did my father buy mushrooms, there are so many of them in the forest, those mushrooms''.",B7,23,even1260,even1260a,WORD_ALIGNED,"{""DIST"": ""Distal demonstrative"", ""ACC"": ""Accusative"", ""DP"": ""Discourse particle"", ""HAB"": ""Habitual"", ""NFUT"": ""Non-future"", ""SG"": ""Singular"", ""DAT"": ""Dative"", ""ESS"": ""Essive"", ""PX"": ""Possessive suffix"", ""FOC"": ""Focus"", ""PROL"": ""Prolative""}"
even1260a-B7-24,buː bisiβun Tβajaːndula.,buː	bi-si-βun	Tβajaːn-dula,1PL.EX	live-PST-1PL.EX	TOPO-LOC,We lived in Tvajan.'\footnote{Tvajan (see \figref{fig:mapBys2}) was liquidated in 1964-1965; the inhabitants were resettled in Bystraja until that was closed down in the mid-1970s and they had to move to Esso.,B7,24,even1260,even1260a,WORD_ALIGNED,"{""PL"": ""Plural"", ""EX"": ""Exclusive"", ""PST"": ""Past"", ""TOPO"": ""Toponym"", ""LOC"": ""Locative""}"
even1260a-B7-25,"nononkana taŋniβu tadu selodu Tβajaːndu, ɲan načalnyj školaβ oddiɟur ɲan Essotki upkutneriβun, tadu internattu bisiβun.",nonon=kana	taŋ-ni-βu	ta-du	selo-du	Tβajaːn-du	ɲan	načalnyj	škola-β	od-diɟur	ɲan	Esso-tki	upkut-ne-ri-βun	ta-du	internat-tu	bi-si-βun,beginning=FOC	read-PST-1SG	DIST-DAT.ESS	village.R-DAT.ESS	TOPO-DAT.ESS	and	primary.R	school.R-ACC	stop-SS.ANT.PL	and	TOPO-ALL	learn-AM-PST-1PL.EX	DIST-DAT.ESS	boarding.school.R-DAT.ESS	live-PST-1PL.EX,"At first I studied (went to school) there, in the village Tvajan, and having finished primary school we went to Esso to study, there we lived in the boarding school.",B7,25,even1260,even1260a,WORD_ALIGNED,"{""FOC"": ""Focus"", ""PST"": ""Past"", ""SG"": ""Singular"", ""DIST"": ""Distal demonstrative"", ""DAT"": ""Dative"", ""ESS"": ""Essive"", ""TOPO"": ""Toponym"", ""ACC"": ""Accusative"", ""SS"": ""Same-subject converb"", ""ANT"": ""Anterior (converb)"", ""PL"": ""Plural"", ""ALL"": ""Allative"", ""AM"": ""Associated Motion"", ""EX"": ""Exclusive""}"
even1260a-B7-26,ɲan učebnyj god oddakan buː orroːttu muraniʨ.,ɲan	učebnyj	god	od-daka-n	buː	or-roːt-t-u	murani-ʨ,and	school.R	year.R	stop-DS.COND-3SG	1PL.EX	go(UNIDIR)-HAB-NFUT-1PL.EX	horse-INS,"And when the school year ended, we left by horse.",B7,26,even1260,even1260a,WORD_ALIGNED,"{""DS"": ""Different-subject converb"", ""COND"": ""Conditional-Temporal (converb)"", ""SG"": ""Singular"", ""PL"": ""Plural"", ""EX"": ""Exclusive"", ""UNIDIR"": ""Unidirectional"", ""HAB"": ""Habitual"", ""NFUT"": ""Non-future"", ""INS"": ""Instrumental""}"
even1260a-B7-27,munu gaɟiβaːtta kolxoz muralɟin.,mun-u	gaɟi-βaːt-ta	kolxoz	mura-l-ɟi-n,1PL.EX.OBL-ACC	fetch-HAB-NFUT	collective.farm.R	horse-PL-INS-PX.3SG,They fetched us with the horses of the collective farm.,B7,27,even1260,even1260a,WORD_ALIGNED,"{""PL"": ""Plural"", ""EX"": ""Exclusive"", ""OBL"": ""Oblique"", ""ACC"": ""Accusative"", ""HAB"": ""Habitual"", ""NFUT"": ""Non-future"", ""INS"": ""Instrumental"", ""PX"": ""Possessive suffix"", ""SG"": ""Singular""}"
even1260a-B7-28,"badusnoːttu, oːjeː biβeːtte.",badu-s-noːt-t-u	oːj=eː	bi-βeːt-te,ride-TAM1-HAB-NFUT-1PL.EX	many=EMPH	be-HAB-NFUT,"We rode off, there were very many (children).",B7,28,even1260,even1260a,WORD_ALIGNED,"{""TAM"": ""Polysemous TAM marker"", ""HAB"": ""Habitual"", ""NFUT"": ""Non-future"", ""PL"": ""Plural"", ""EX"": ""Exclusive"", ""EMPH"": ""Emphatic""}"
even1260a-B7-29,"muralbun aːdunda abal biβeːtten, ɲan egɟedmer algandaβaːtta.",mura-l-bun	aːdun=da	abal	bi-βeːt-te-n	ɲan	egɟe-dmer	algan-da-βaːt-ta,horse-PL-PX.1PL.EX	sometimes=ADD	few	be-HAB-NFUT-3SG	and	big-SEL	foot-VR(TRANSPORT)-HAB-NFUT,"Sometimes there were few horses, and the big (children) went on foot.",B7,29,even1260,even1260a,WORD_ALIGNED,"{""PL"": ""Plural"", ""PX"": ""Possessive suffix"", ""EX"": ""Exclusive"", ""ADD"": ""Additive"", ""HAB"": ""Habitual"", ""NFUT"": ""Non-future"", ""SG"": ""Singular"", ""SEL"": ""Selective"", ""VR"": ""Verbalizer""}"
even1260a-B7-30,a kuʨuker baduβaːtta.,a	kuʨuke-r	badu-βaːt-ta,ADVRS.CONJ.R	small-PL	ride-HAB-NFUT,And the little (children) rode.,B7,30,even1260,even1260a,WORD_ALIGNED,"{""ADVRS"": ""Adversative"", ""CONJ"": ""Conjunction"", ""PL"": ""Plural"", ""HAB"": ""Habitual"", ""NFUT"": ""Non-future""}"
even1260a-B7-31,"ɲan aːdunda tilka, okaːt tilkaŋʨirakan, giːsadɟoːttu.",ɲan	aːdun=da	tilka	okaːt	tilka-ŋ-ʨi-raka-n	giːsa-d-ɟoːt-t-u,and	sometimes=ADD	flood	river	flood-VR-DUR-DS.COND-3SG	circumvent-PROG-HAB-NFUT-1PL.EX,"And sometimes there was high water, when the river was flooded we went around.",B7,31,even1260,even1260a,WORD_ALIGNED,"{""ADD"": ""Additive"", ""VR"": ""Verbalizer"", ""DUR"": ""Durative"", ""DS"": ""Different-subject converb"", ""COND"": ""Conditional-Temporal (converb)"", ""SG"": ""Singular"", ""PROG"": ""Progressive"", ""HAB"": ""Habitual"", ""NFUT"": ""Non-future"", ""PL"": ""Plural"", ""EX"": ""Exclusive""}"
even1260a-B7-32,"tar goruː ŋennoːttu, miamda ineŋu aːdunda.",tar	goru	ŋen-noːt-t-u	mia-m=da	ineŋ-u	aːdun=da,DP	long	go(GNRC)-HAB-NFUT-1PL.EX	ten-ACC=ADD	day-ACC	sometimes=ADD,"We went for a long time, sometimes even ten days.",B7,32,even1260,even1260a,WORD_ALIGNED,"{""DP"": ""Discourse particle"", ""GNRC"": ""Generic"", ""HAB"": ""Habitual"", ""NFUT"": ""Non-future"", ""PL"": ""Plural"", ""EX"": ""Exclusive"", ""ACC"": ""Accusative"", ""ADD"": ""Additive""}"
even1260a-B7-33,taʨin tar udanda biseken oːjaβda ɟuːr ɟulekude ineŋu.,taʨin	tar	udan=da	bi-seke-n	oːja-β=da	ɟuːr\_ɟulek-u=de	ineŋ-u,DIST.QUAL	DP	rain=ADD	be-DS.COND-3SG	many-ACC=ADD	two_in.addition-ACC=ADD	day-ACC,"And when it was rainy, many days, even 12 days.'\footnote{Horses cannot be saddled in the rain, so one has to wait somewhere until the rain stops.",B7,33,even1260,even1260a,WORD_ALIGNED,"{""DIST"": ""Distal demonstrative"", ""QUAL"": ""Qualitative"", ""DP"": ""Discourse particle"", ""ADD"": ""Additive"", ""DS"": ""Different-subject converb"", ""COND"": ""Conditional-Temporal (converb)"", ""SG"": ""Singular"", ""ACC"": ""Accusative""}"
even1260a-B7-34,tarma ebɟende biβeːtten umekiʨ.,tarma	ebɟen-de	bi-βeːt-te-n	umekiʨ,but	be.interested-ADVR	be-HAB-NFUT-3SG	very,But it was very interesting.,B7,34,even1260,even1260a,WORD_ALIGNED,"{""ADVR"": ""Adverbializer"", ""HAB"": ""Habitual"", ""NFUT"": ""Non-future"", ""SG"": ""Singular""}"
even1260a-B7-35,"bəjɟi tuːren targida, Seredinnyj Xrebet goːβeːtte, noːd umekiʨ.",bəjɟi	tuːre-n	tar-gida	{Sredinnyj\_Xrebet}	goː-βeːt-te	noːd	umekiʨ,itself	land-PX.3SG	DIST-SIDE	TOPO	say-HAB-NFUT	pretty	very,"The land itself on that side, it is called the Sredinny Range, is very beautiful.",B7,35,even1260,even1260a,WORD_ALIGNED,"{""PX"": ""Possessive suffix"", ""SG"": ""Singular"", ""DIST"": ""Distal demonstrative"", ""TOPO"": ""Toponym"", ""HAB"": ""Habitual"", ""NFUT"": ""Non-future""}"
even1260a-B7-36,"tala urekʨende binni, Ičinskaja Sopka, vulkan, xxx ipiŋej.",ta-la	urekʨen=de	bi-n-ni	{Ičinskaja\_Sopka}	vulkan	xxx	ipiŋej,DIST-LOC	mountain=ADD	be-NFUT-3SG	TOPO	volcano.R	{\relax}	volcano.KOR,"There's a mountain there, right, the Ichinskaja Sopka, a volcano, (we say) \textit{ipiŋej}.'\footnote{In English, the volcano is called Ichinsky (see Figures \ref{fig:mapBys2} and \ref{fig:photoIchinsky}). The Icha river takes its source here.",B7,36,even1260,even1260a,WORD_ALIGNED,"{""DIST"": ""Distal demonstrative"", ""LOC"": ""Locative"", ""ADD"": ""Additive"", ""NFUT"": ""Non-future"", ""SG"": ""Singular"", ""TOPO"": ""Toponym"", ""KOR"": ""Koryak borrowing""}"
even1260a-B7-37,"tali ereger, aːdun, baːji biβeːtten.",ta-li	ereger	aːdun	baːji	bi-βeːt-te-n,DIST-PROL	always	sometimes	good.weather	be-HAB-NFUT-3SG,It's always -- sometimes -- good weather there.,B7,37,even1260,even1260a,WORD_ALIGNED,"{""DIST"": ""Distal demonstrative"", ""PROL"": ""Prolative"", ""HAB"": ""Habitual"", ""NFUT"": ""Non-future"", ""SG"": ""Singular""}"
even1260a-B7-38,ereger tali tar uŋni okreli turkidaβaːttu.,ereger	ta-li	tar	uŋ-ni	okre-li	turki-da-βaːt-t-u,always	DIST-PROL	DP	FLR-PROL	tundra-PROL	sled-VR(TRANSPORT)-HAB-NFUT-1PL.EX,"We always went that way, via the tundra.",B7,38,even1260,even1260a,WORD_ALIGNED,"{""DIST"": ""Distal demonstrative"", ""PROL"": ""Prolative"", ""DP"": ""Discourse particle"", ""FLR"": ""Filler"", ""VR"": ""Verbalizer"", ""HAB"": ""Habitual"", ""NFUT"": ""Non-future"", ""PL"": ""Plural"", ""EX"": ""Exclusive""}"
even1260a-B7-39,ɲan Ketaʨam uŋniɟur ɲan ʨaski ɲan giːsiɟilloːttu edeβur okaːt entekeːje uŋnin.,ɲan	Ketaʨa-m	uŋ-niɟur	ɲan	ʨa-ski	ɲan	giːsi-ɟi-l-loːt-t-u	e-de-βur	okaːt	entekeːje	uŋ-ni-n,and	TOPO-ACC	FLR-SS.ANT.PL	and	far-ADVB.ALL	and	circumvent-PROG-INCH-HAB-NFUT-1PL.EX	NEG-VS.PURP-PRFL.PL	river	strong	FLR-PST-3SG,"And having (passed) the Ketachan (river) we continued on and went around so that we wouldn't (fall into the river) -- the river did whatchamacallit (?flowed) very fast.'\footnote{The Ketachan, a tributary of the Icha, is a very narrow and deep river.",B7,39,even1260,even1260a,WORD_ALIGNED,"{""TOPO"": ""Toponym"", ""ACC"": ""Accusative"", ""FLR"": ""Filler"", ""SS"": ""Same-subject converb"", ""ANT"": ""Anterior (converb)"", ""PL"": ""Plural"", ""ADVB"": ""Adverbial"", ""ALL"": ""Allative"", ""PROG"": ""Progressive"", ""INCH"": ""Inchoative"", ""HAB"": ""Habitual"", ""NFUT"": ""Non-future"", ""EX"": ""Exclusive"", ""NEG"": ""Negative; by itself: Negative auxiliary"", ""VS"": ""Variable-subject converb"", ""PURP"": ""Purposive"", ""PRFL"": ""Reflexive possessive"", ""PST"": ""Past"", ""SG"": ""Singular""}"
even1260a-B7-40,ɲan ureʨilte tilkaŋʨiriβu ŋennoːttu.,ɲan	ureʨilte	tilka-ŋ-ʨi-ri-βu	ŋen-noːt-t-u,and	no.difference	flood-VR-DUR-PRS.PTCP-ACC	go(GNRC)-HAB-NFUT-1PL.EX,And we went through the flood after all.,B7,40,even1260,even1260a,WORD_ALIGNED,"{""VR"": ""Verbalizer"", ""DUR"": ""Durative"", ""PRS"": ""Present"", ""PTCP"": ""Participle"", ""ACC"": ""Accusative"", ""GNRC"": ""Generic"", ""HAB"": ""Habitual"", ""NFUT"": ""Non-future"", ""PL"": ""Plural"", ""EX"": ""Exclusive""}"
even1260a-B7-41,ɲan taʨin uŋniɟur ɲan oroldulida ŋennoːttu.,ɲan	taʨin	uŋ-niɟur	ɲan	oro-l-duli=da	ŋen-noːt-t-u,and	DIST.QUAL	FLR-SS.ANT.PL	and	reindeer.herd-PL-PROL=ADD	go(GNRC)-HAB-NFUT-1PL.EX,And having done like that we went via the reindeer herds (from herd to herd).,B7,41,even1260,even1260a,WORD_ALIGNED,"{""DIST"": ""Distal demonstrative"", ""QUAL"": ""Qualitative"", ""FLR"": ""Filler"", ""SS"": ""Same-subject converb"", ""ANT"": ""Anterior (converb)"", ""PL"": ""Plural"", ""PROL"": ""Prolative"", ""ADD"": ""Additive"", ""GNRC"": ""Generic"", ""HAB"": ""Habitual"", ""NFUT"": ""Non-future"", ""EX"": ""Exclusive""}"
even1260a-B7-42,"oromŋaleː munu ajiʨ arʨimkaβaːtte, temujodɟoːttede.",oro-mŋa-l=eː	mun-u	aji-ʨ	arʨimka-βaːt-te	temujo-d-ɟoːt-te=de,reindeer(domestic)-AGNR-PL=EMPH	1PL.EX.OBL-ACC	good-ADVR	meet-HAB-NFUT	slaughter-PROG-HAB-NFUT=ADD,"The reindeer herders met us well, they slaughtered (reindeer).",B7,42,even1260,even1260a,WORD_ALIGNED,"{""AGNR"": ""Agent nominalizer"", ""PL"": ""Plural"", ""EMPH"": ""Emphatic"", ""EX"": ""Exclusive"", ""OBL"": ""Oblique"", ""ACC"": ""Accusative"", ""ADVR"": ""Adverbializer"", ""HAB"": ""Habitual"", ""NFUT"": ""Non-future"", ""PROG"": ""Progressive"", ""ADD"": ""Additive""}"
even1260a-B7-43,"buː tar giakiβ ɲan ɲaːlakʨatidɟoːttuda, ulleβde, ɟuːrbede ineŋu tadu bidɟoːttu.",buː	tar	giaki-β	ɲan	ɲaːlakʨa-ti-d-ɟoːt-t-u=da	ulle-β=de	ɟuːr-be=de	ineŋ-u	ta-du	bi-d-ɟoːt-t-u,1PL.EX	DP	various-ACC	and	fresh.offal-VR(EAT)-PROG-HAB-NFUT-1PL.EX=ADD	meat-ACC=ADD	two-ACC=ADD	day-ACC	DIST-DAT.ESS	be-PROG-HAB-NFUT-1PL.EX,"We (ate) various (products) there, we ate \textit{ɲaːlakʨa} and meat, sometimes we were there for two days.'\footnote{\textit{ɲaːlakʨa} is finely chopped offal from freshly slaughtered reindeer (see \figref{fig:photoNjalakcha}).",B7,43,even1260,even1260a,WORD_ALIGNED,"{""PL"": ""Plural"", ""EX"": ""Exclusive"", ""DP"": ""Discourse particle"", ""ACC"": ""Accusative"", ""VR"": ""Verbalizer"", ""PROG"": ""Progressive"", ""HAB"": ""Habitual"", ""NFUT"": ""Non-future"", ""ADD"": ""Additive"", ""DIST"": ""Distal demonstrative"", ""DAT"": ""Dative"", ""ESS"": ""Essive""}"
even1260a-B7-44,ɲan tar orroːttu ʨaski tar Tβajaːkla tar.,ɲan	tar	or-roːt-t-u	ʨa-ski	tar	Tβajaː-kla	tar,and	DP	go(UNIDIR)-HAB-NFUT-1PL.EX	far-ADVB.ALL	DIST	TOPO-LIM	DP,And then we would go on to Tvajan.,B7,44,even1260,even1260a,WORD_ALIGNED,"{""DP"": ""Discourse particle"", ""UNIDIR"": ""Unidirectional"", ""HAB"": ""Habitual"", ""NFUT"": ""Non-future"", ""PL"": ""Plural"", ""EX"": ""Exclusive"", ""ADVB"": ""Adverbial"", ""ALL"": ""Allative"", ""DIST"": ""Distal demonstrative"", ""TOPO"": ""Toponym"", ""LIM"": ""Limitative""}"
even1260a-B7-45,"Tβajaːndu ɲan uŋmi uteddiɟur ɲan uŋeɟilloːttu, beleɟilloːttu.",Tβajaːn-du	ɲan	uŋ-mi	ute-d-diɟur	ɲan	uŋe-ɟi-l-loːt-t-u	bele-ɟi-l-loːt-t-u,TOPO-DAT.ESS	and	FLR-SS.COND	to.rest-PROG-SS.ANT.PL	and	FLR-PROG-INCH-HAB-NFUT-1PL.EX	help-PROG-INCH-HAB-NFUT-1PL.EX,"In Tvajan, after having rested, we started to help.",B7,45,even1260,even1260a,WORD_ALIGNED,"{""TOPO"": ""Toponym"", ""DAT"": ""Dative"", ""ESS"": ""Essive"", ""FLR"": ""Filler"", ""SS"": ""Same-subject converb"", ""COND"": ""Conditional-Temporal (converb)"", ""PROG"": ""Progressive"", ""ANT"": ""Anterior (converb)"", ""PL"": ""Plural"", ""INCH"": ""Inchoative"", ""HAB"": ""Habitual"", ""NFUT"": ""Non-future"", ""EX"": ""Exclusive""}"
even1260a-B7-46,"kolxoz kartopiŋŋonda pololadɟoːttu, senokosduda koroval senoŋgatan uŋedɟoːttuda.",kolxoz	kartopi-ŋ-ŋo-n=da	polola-d-ɟoːt-t-u	senokos-du=da	korova-l	seno-ŋ-ga-tan	uŋe-d-ɟoːt-t-u=da,collective.farm.R	potato.R-POSS-ACC-PX.3SG=ADD	to.weed.PST.M.R-PROG-HAB-NFUT-1PL.EX	haymaking.R-DAT.ESS=ADD	cow.R-PL	hay.R-POSS-DEST-PX.3PL	FLR-PROG-HAB-NFUT-1PL.EX=ADD,"We weeded the potatoes of the collective farm, and at the haymaking we did whatchamacallit (made hay) for the cows.",B7,46,even1260,even1260a,WORD_ALIGNED,"{""POSS"": ""Non-canonical possession"", ""ACC"": ""Accusative"", ""PX"": ""Possessive suffix"", ""SG"": ""Singular"", ""ADD"": ""Additive"", ""PST"": ""Past"", ""PROG"": ""Progressive"", ""HAB"": ""Habitual"", ""NFUT"": ""Non-future"", ""PL"": ""Plural"", ""EX"": ""Exclusive"", ""DAT"": ""Dative"", ""ESS"": ""Essive"", ""DEST"": ""Destinative"", ""FLR"": ""Filler""}"
even1260a-B7-47,ɲan oddiɟur ɲan teliɟekteki orroːttu.,ɲan	od-diɟur	ɲan	teliɟek-teki	or-roːt-t-u,and	stop-SS.ANT.PL	and	fishing.camp-ALL	go(UNIDIR)-HAB-NFUT-1PL.EX,And having finished we left for the fishing camp.,B7,47,even1260,even1260a,WORD_ALIGNED,"{""SS"": ""Same-subject converb"", ""ANT"": ""Anterior (converb)"", ""PL"": ""Plural"", ""ALL"": ""Allative"", ""UNIDIR"": ""Unidirectional"", ""HAB"": ""Habitual"", ""NFUT"": ""Non-future"", ""EX"": ""Exclusive""}"
even1260a-B7-48,ɲan taʨinta teliɟektu tar beledɟoːttutitta.,ɲan	taʨin=ta	teliɟek-tu	tar	bele-d-ɟoːt-t-u=tit=ta,and	DIST.QUAL=ADD	fishing.camp-DAT.ESS	DP	help-PROG-HAB-NFUT-1PL.EX=EMPH=ADD,And there in the fishing camp we also helped.,B7,48,even1260,even1260a,WORD_ALIGNED,"{""DIST"": ""Distal demonstrative"", ""QUAL"": ""Qualitative"", ""ADD"": ""Additive"", ""DAT"": ""Dative"", ""ESS"": ""Essive"", ""DP"": ""Discourse particle"", ""PROG"": ""Progressive"", ""HAB"": ""Habitual"", ""NFUT"": ""Non-future"", ""PL"": ""Plural"", ""EX"": ""Exclusive"", ""EMPH"": ""Emphatic""}"
even1260a-B7-49,"jaraŋga ŋinalni tara uliŋatenda uŋu kaːmu olgiʨʨoːttu, ɲirimʨaβan, giakiβ, esni iakta uŋŋoːtte.",jaraŋga	ŋina-l-ni	tara	uli-n-ga-ten=da	uŋ-u	kaːm-u	olgi-ʨ-ʨoːt-t-u	ɲirimʨa-βa-n	giaki-β	e-s-ni	iak=ta	uŋ-ŋoːt-te,teepee.R	dog-PL-PX.3SG	DP	feed-NR-DEST-PX.3PL=ADD	FLR-ACC	dried.fish-ACC	to.dry[TR]-TAM2-HAB-NFUT-1PL.EX	spine.of.fish-ACC-PX.3SG	various-ACC	NEG-NFUT-3SG	what=ADD	FLR-HAB-NEG.CVB,"The dogs of the ``(Red) Yurt'', for their food we dried fish, fish spines, various things, nothing was whatchamacallit (thrown out).'\footnote{The \textit{jaraŋga ŋinalni} were the dogs of the ``\textit{krasnaja jaranga}'' (Red Yurt) mobile culture units.",B7,49,even1260,even1260a,WORD_ALIGNED,"{""PL"": ""Plural"", ""PX"": ""Possessive suffix"", ""SG"": ""Singular"", ""DP"": ""Discourse particle"", ""NR"": ""Nominalizer"", ""DEST"": ""Destinative"", ""ADD"": ""Additive"", ""FLR"": ""Filler"", ""ACC"": ""Accusative"", ""TR"": ""Transitive"", ""TAM"": ""Polysemous TAM marker"", ""HAB"": ""Habitual"", ""NFUT"": ""Non-future"", ""EX"": ""Exclusive"", ""NEG"": ""Negative; by itself: Negative auxiliary"", ""CVB"": ""Converb""}"
even1260a-B7-50,"ollo uŋŋon esu taʨinnun usiŋeʨʨoːtte, ʨeleβen keːŋgulele ulloːttu olloβ, tala uŋden, muniʨe oːdan.",ollo	uŋ-ŋo-n	e-s-u	taʨin=nun	usiŋe-ʨ-ʨoːt-te	ʨele-βe-n	keːŋgule-le	ul-loːt-t-u	ollo-β	ta-la	uŋ-de-n	muni-ʨe	oː-da-n,fish	FLR-ACC-PX.3SG	NEG-NFUT-1PL.EX	DIST.QUAL=EMPH	throw-TAM2-HAB-NEG.CVB	all-ACC-PX.3SG	pit-LOC	dig-HAB-NFUT-1PL.EX	fish-ACC	DIST-LOC	FLR-VS.PURP-3SG	to.rot-PST.PTCP	become-VS.PURP-3SG,"And we didn't just throw away parts of the fish, (we used) everything, they buried the fish in a pit, so that there it would become \textit{muniʨa} (fermented fish).",B7,50,even1260,even1260a,WORD_ALIGNED,"{""FLR"": ""Filler"", ""ACC"": ""Accusative"", ""PX"": ""Possessive suffix"", ""SG"": ""Singular"", ""NEG"": ""Negative; by itself: Negative auxiliary"", ""NFUT"": ""Non-future"", ""PL"": ""Plural"", ""EX"": ""Exclusive"", ""DIST"": ""Distal demonstrative"", ""QUAL"": ""Qualitative"", ""EMPH"": ""Emphatic"", ""TAM"": ""Polysemous TAM marker"", ""HAB"": ""Habitual"", ""CVB"": ""Converb"", ""LOC"": ""Locative"", ""VS"": ""Variable-subject converb"", ""PURP"": ""Purposive"", ""PST"": ""Past"", ""PTCP"": ""Participle""}"
even1260a-B7-51,ɲan taraβ ŋinaltitta ɟebboːtte.,ɲan	tara-β	ŋina-l=tit=ta	ɟeb-boːt-te,and	DIST-ACC	dog-PL=EMPH=ADD	eat-HAB-NFUT,"And that the dogs ate, too.",B7,51,even1260,even1260a,WORD_ALIGNED,"{""DIST"": ""Distal demonstrative"", ""ACC"": ""Accusative"", ""PL"": ""Plural"", ""EMPH"": ""Emphatic"", ""ADD"": ""Additive"", ""HAB"": ""Habitual"", ""NFUT"": ""Non-future""}"
even1260a-B7-52,"ɲan oddakan tar avgust mudakaptakan, ɲanda uredɟoːttu taʨin tar Essotki.",ɲan	od-daka-n	tar	avgust	mudaka-p-taka-n	ɲan=da	ure-d-ɟoːt-t-u	taʨin	tar	Esso-tki,and	stop-DS.COND-3SG	DP	August.R	to.finish[TR]-MED-DS.COND-3SG	and=ADD	go(UNIDIR)-PROG-HAB-NFUT-1PL.EX	DIST.QUAL	DP	TOPO-ALL,"And when it finished, when August ended, we again left for Esso.",B7,52,even1260,even1260a,WORD_ALIGNED,"{""DS"": ""Different-subject converb"", ""COND"": ""Conditional-Temporal (converb)"", ""SG"": ""Singular"", ""DP"": ""Discourse particle"", ""TR"": ""Transitive"", ""MED"": ""Mediopassive"", ""ADD"": ""Additive"", ""UNIDIR"": ""Unidirectional"", ""PROG"": ""Progressive"", ""HAB"": ""Habitual"", ""NFUT"": ""Non-future"", ""PL"": ""Plural"", ""EX"": ""Exclusive"", ""DIST"": ""Distal demonstrative"", ""QUAL"": ""Qualitative"", ""TOPO"": ""Toponym"", ""ALL"": ""Allative""}"
even1260a-B7-53,aːdunda uŋni ŋennoːttu.,aːdun=da	uŋ-ni	ŋen-noːt-t-u,sometimes=ADD	FLR-PROL	go(GNRC)-HAB-NFUT-1PL.EX,Sometimes we went along whatchamacallit.,B7,53,even1260,even1260a,WORD_ALIGNED,"{""ADD"": ""Additive"", ""FLR"": ""Filler"", ""PROL"": ""Prolative"", ""GNRC"": ""Generic"", ""HAB"": ""Habitual"", ""NFUT"": ""Non-future"", ""PL"": ""Plural"", ""EX"": ""Exclusive""}"
even1260a-B7-54,"aŋidali oːtaranduli tarakkal aːmnak, ɲuŋemde nadamda ineŋu ŋennoːttu.",aŋida-li	oːtaran-duli	tarak=kal	aːmnak	ɲuŋe-m=de	nada-m=da	ineŋ-u	ŋen-noːt-t-u,other.side-PROL	road-PROL	DIST=CONTR	quickly	six-ACC=ADD	seven-ACC=ADD	day-ACC	go(GNRC)-HAB-NFUT-1PL.EX,"Along the road on the other side, then we went fast, six or seven days.",B7,54,even1260,even1260a,WORD_ALIGNED,"{""PROL"": ""Prolative"", ""DIST"": ""Distal demonstrative"", ""CONTR"": ""Contrastive"", ""ACC"": ""Accusative"", ""ADD"": ""Additive"", ""GNRC"": ""Generic"", ""HAB"": ""Habitual"", ""NFUT"": ""Non-future"", ""PL"": ""Plural"", ""EX"": ""Exclusive""}"
even1260a-B7-55,min akmu biʨesi ŋuːnet ŋennoːtten Essoduk Tβajaːntaki ilamda ineŋu.,min	akm-u	biʨe=si	ŋuːnet	ŋen-noːt-te-n	Esso-duk	Tβajaːn-taki	ila-m=da	ineŋ-u,1SG.OBL	father-PX.1SG	NOMPST=CONTR	straight	go(GNRC)-HAB-NFUT-3SG	TOPO-ABL	TOPO-ALL	three-ACC=ADD	day-ACC,"My late father went straight from Esso to Tvajan in three days.'\footnote{Judging from the map, the distance between Esso and Tvajan is approximately 160 km.",B7,55,even1260,even1260a,WORD_ALIGNED,"{""SG"": ""Singular"", ""OBL"": ""Oblique"", ""PX"": ""Possessive suffix"", ""NOMPST"": ""Nominal past"", ""CONTR"": ""Contrastive"", ""GNRC"": ""Generic"", ""HAB"": ""Habitual"", ""NFUT"": ""Non-future"", ""TOPO"": ""Toponym"", ""ABL"": ""Ablative"", ""ALL"": ""Allative"", ""ACC"": ""Accusative"", ""ADD"": ""Additive""}"
even1260a-B7-56,"umneken buː baduriβun tali tar akmu munu Essotki iranurin tar, tunŋamte ineŋu ŋenniβun.",um-neken	buː	badu-ri-βun	ta-li	tar	akm-u	mun-u	Esso-tki	iranu-ri-n	tar	tunŋa-m=te	ineŋ-u	ŋen-ni-βun,one-ITER.ADV	1PL.EX	ride-PST-1PL.EX	DIST-PROL	DP	father-PX.1SG	1PL.EX.OBL-ACC	TOPO-ALL	accompany-PST-3SG	DP	five-ACC=PTL	day-ACC	go(GNRC)-PST-1PL.EX,"Once we were going there, and my father was taking us to Esso, and we went only five days.",B7,56,even1260,even1260a,WORD_ALIGNED,"{""ITER"": ""Iterative (aspect)"", ""ADV"": ""Adverb"", ""PL"": ""Plural"", ""EX"": ""Exclusive"", ""PST"": ""Past"", ""DIST"": ""Distal demonstrative"", ""PROL"": ""Prolative"", ""DP"": ""Discourse particle"", ""PX"": ""Possessive suffix"", ""SG"": ""Singular"", ""OBL"": ""Oblique"", ""ACC"": ""Accusative"", ""TOPO"": ""Toponym"", ""ALL"": ""Allative"", ""PTL"": ""Particle"", ""GNRC"": ""Generic""}"
even1260a-B7-57,"kuŋalusi oːja bisiten, ŋuːneʨ.",kuŋa-lu=si	oːja	bi-si-ten	ŋuːneʨ,child-PL=CONTR	many	be-PST-3PL	straight,"Because there were a lot of children, (we went) direct.",B7,57,even1260,even1260a,WORD_ALIGNED,"{""PL"": ""Plural"", ""CONTR"": ""Contrastive"", ""PST"": ""Past""}"
even1260a-B7-58,akmusi ɟuːlbeda oːʨʨoːttan.,akm-u=si	ɟuː-l-be=da	oː-ʨ-ʨoːt-ta-n,father-PX.1SG=CONTR	house-PL-ACC=ADD	make-TAM2-HAB-NFUT-3SG,And my father built houses.,B7,58,even1260,even1260a,WORD_ALIGNED,"{""PX"": ""Possessive suffix"", ""SG"": ""Singular"", ""CONTR"": ""Contrastive"", ""PL"": ""Plural"", ""ACC"": ""Accusative"", ""ADD"": ""Additive"", ""TAM"": ""Polysemous TAM marker"", ""HAB"": ""Habitual"", ""NFUT"": ""Non-future""}"
even1260a-B7-59,"aːdunda ordula keɲeli oːdakan, uŋneken ɲan noŋman ortaki uruβkeβeːtte.",aːdun=da	or-dula	keɲeli	oː-daka-n	uŋ-neke-n	ɲan	noŋman	or-taki	ur-u-βke-βeːt-te,sometimes=ADD	reindeer.herd-LOC	bad	become-DS.COND-3SG	FLR-DS.COND-3SG	and	3SG.ACC	reindeer.herd-ALL	go(UNIDIR)-VAL-CAUS-HAB-NFUT,And sometimes when it got bad in the herd they sent him to the herd.'\footnote{What Raisa Solodikova said is literally ``asked someone to send/bring him''; to send someone would be \textit{urukeβeːtte} (the causative without the valency-changing suffix).,B7,59,even1260,even1260a,WORD_ALIGNED,"{""ADD"": ""Additive"", ""LOC"": ""Locative"", ""DS"": ""Different-subject converb"", ""COND"": ""Conditional-Temporal (converb)"", ""SG"": ""Singular"", ""FLR"": ""Filler"", ""ACC"": ""Accusative"", ""ALL"": ""Allative"", ""UNIDIR"": ""Unidirectional"", ""VAL"": ""Valency-change"", ""CAUS"": ""Causative"", ""HAB"": ""Habitual"", ""NFUT"": ""Non-future""}"
even1260a-B7-60,"tala ɲan ajiʨ uže orbe uŋneketen, ɲanda orroːtten selotki.",ta-la	ɲan	aji-ʨ	uže	or-be	uŋ-neke-ten	ɲan=da	or-roːt-te-n	selo-tki,DIST-LOC	and	good-ADVR	already.R	reindeer.herd-ACC	FLR-DS.COND-3PL	and=ADD	go(UNIDIR)-HAB-NFUT-3SG	village.R-ALL,"And then when they were doing well in the herd (lit. `when they already thingummied the reindeer well there'), then he went (back) to the village.",B7,60,even1260,even1260a,WORD_ALIGNED,"{""DIST"": ""Distal demonstrative"", ""LOC"": ""Locative"", ""ADVR"": ""Adverbializer"", ""ACC"": ""Accusative"", ""FLR"": ""Filler"", ""DS"": ""Different-subject converb"", ""COND"": ""Conditional-Temporal (converb)"", ""PL"": ""Plural"", ""ADD"": ""Additive"", ""UNIDIR"": ""Unidirectional"", ""HAB"": ""Habitual"", ""NFUT"": ""Non-future"", ""SG"": ""Singular"", ""ALL"": ""Allative""}"
even1260a-B7-61,biː kuʨuken bimi ereger akandi boddoːttiβ.,biː	kuʨuken	bi-mi	ereger	akan-di	bod-doːt-ti-β,1SG	small	be-SS.COND	always	father-DAT.PRFL.SG	follow-HAB-PST-1SG,When I was small I always accompanied my father.,B7,61,even1260,even1260a,WORD_ALIGNED,"{""SG"": ""Singular"", ""SS"": ""Same-subject converb"", ""COND"": ""Conditional-Temporal (converb)"", ""DAT"": ""Dative"", ""PRFL"": ""Reflexive possessive"", ""HAB"": ""Habitual"", ""PST"": ""Past""}"
even1260a-B7-62,"aːdunda akmu ortaki orroːtten, eŋeneβeːtten, uruβkeβeːtte.",aːdun=da	akm-u	or-taki	or-roːt-te-n	eŋe-ne-βeːt-te-n	ur-u-βke-βeːt-te,sometimes=ADD	father-PX.1SG	reindeer.herd-ALL	go(UNIDIR)-HAB-NFUT-3SG	take.a.look-AM-HAB-NFUT-3SG	go(UNIDIR)-VAL-CAUS-HAB-NFUT,"Sometimes my father went to the herd, he went to look, they sent (for him).",B7,62,even1260,even1260a,WORD_ALIGNED,"{""ADD"": ""Additive"", ""PX"": ""Possessive suffix"", ""SG"": ""Singular"", ""ALL"": ""Allative"", ""UNIDIR"": ""Unidirectional"", ""HAB"": ""Habitual"", ""NFUT"": ""Non-future"", ""AM"": ""Associated Motion"", ""VAL"": ""Valency-change"", ""CAUS"": ""Causative""}"
even1260a-B7-63,biː ɲan ɟuganidu muraniʨ ɲan baduβaːttam noŋannun ereːger.,biː	ɲan	ɟugani-du	murani-ʨ	ɲan	badu-βaːt-ta-m	noŋan-nun	ereːger,1SG	and	summer-DAT.ESS	horse-INS	and	ride-HAB-NFUT-1SG	3SG-COM1	always,"And in summer I rode with him on horseback, always.",B7,63,even1260,even1260a,WORD_ALIGNED,"{""SG"": ""Singular"", ""DAT"": ""Dative"", ""ESS"": ""Essive"", ""INS"": ""Instrumental"", ""HAB"": ""Habitual"", ""NFUT"": ""Non-future"", ""COM"": ""Comitative""}"
even1260a-B7-64,boddoːtmagen bisiβ.,bod-doːt-magen	bi-si-β,follow-HAB-NR(LOVE)	be-PST-1SG,I loved to accompany him (lit: I was a lover of accompanying).,B7,64,even1260,even1260a,WORD_ALIGNED,"{""HAB"": ""Habitual"", ""NR"": ""Nominalizer"", ""PST"": ""Past"", ""SG"": ""Singular""}"
even1260a-B7-65,"alganda aβuskida urreken, biː bodesnoːttem.",algan=da	aβu-ski=da	ur-reke-n	biː	bode-s-noːt-te-m,foot=ADD	where-ADVB.ALL=ADD	go(UNIDIR)-DS.COND-3SG	1SG	accompany-TAM1-HAB-NFUT-1SG,"Even when he went somewhere on foot, I followed.",B7,65,even1260,even1260a,WORD_ALIGNED,"{""ADD"": ""Additive"", ""ADVB"": ""Adverbial"", ""ALL"": ""Allative"", ""UNIDIR"": ""Unidirectional"", ""DS"": ""Different-subject converb"", ""COND"": ""Conditional-Temporal (converb)"", ""SG"": ""Singular"", ""TAM"": ""Polysemous TAM marker"", ""HAB"": ""Habitual"", ""NFUT"": ""Non-future""}"
even1260a-B7-66,ɲan tugenidu pilomaterialu uŋedɟoːtte.,ɲan	tugeni-du	pilomaterial-u	uŋe-d-ɟoːt-te,and	winter-DAT.ESS	lumber.R-ACC	FLR-PROG-HAB-NFUT,And in winter they (prepared) lumber.,B7,66,even1260,even1260a,WORD_ALIGNED,"{""DAT"": ""Dative"", ""ESS"": ""Essive"", ""ACC"": ""Accusative"", ""FLR"": ""Filler"", ""PROG"": ""Progressive"", ""HAB"": ""Habitual"", ""NFUT"": ""Non-future""}"
even1260a-B7-67,"lesopilkaten bisin, bujla okaːt uːlilen, tala.",lesopilka-ten	bi-si-n	buj-la	okaːt	uːli-le-n	ta-la,saw.mill.R-PX.3PL	be-PST-3SG	forest-LOC	river	edge-LOC-PX.3SG	DIST-LOC,"They had a sawmill in the forest, at the edge of the river, over there.",B7,67,even1260,even1260a,WORD_ALIGNED,"{""PX"": ""Possessive suffix"", ""PL"": ""Plural"", ""PST"": ""Past"", ""SG"": ""Singular"", ""LOC"": ""Locative"", ""DIST"": ""Distal demonstrative""}"
even1260a-B7-68,ɲan ɟugani oːdakan talatitta rybelkegeβur nekkoːttu.,ɲan	ɟugani	oː-daka-n	ta-la=tit=ta	rybelke-ge-βur	nek-koːt-t-u,and	summer	become-DS.COND-3SG	DIST-LOC=EMPH=ADD	fishing.camp.R-DEST-PRFL.PL	do-HAB-NFUT-1PL.EX,And when summer came we made a fishing camp for ourselves right there.,B7,68,even1260,even1260a,WORD_ALIGNED,"{""DS"": ""Different-subject converb"", ""COND"": ""Conditional-Temporal (converb)"", ""SG"": ""Singular"", ""DIST"": ""Distal demonstrative"", ""LOC"": ""Locative"", ""EMPH"": ""Emphatic"", ""ADD"": ""Additive"", ""DEST"": ""Destinative"", ""PRFL"": ""Reflexive possessive"", ""PL"": ""Plural"", ""HAB"": ""Habitual"", ""NFUT"": ""Non-future"", ""EX"": ""Exclusive""}"
even1260a-B7-69,ɲan boloni oːklan buː ɲan školetki tar rybelkeduk taŋnaβaːttu.,ɲan	boloni	oː-kla-n	buː	ɲan	škole-tki	tar	rybelke-duk	taŋ-na-βaːt-t-u,and	late.autumn	become-VS.TRM-3SG	1PL.EX	and	school.R-ALL	DP	fishing.camp.R-ABL	read-AM-HAB-NFUT-1PL.EX,And until it became autumn we went to school to study from that fishing camp.,B7,69,even1260,even1260a,WORD_ALIGNED,"{""VS"": ""Variable-subject converb"", ""TRM"": ""Terminative (converb)"", ""SG"": ""Singular"", ""PL"": ""Plural"", ""EX"": ""Exclusive"", ""ALL"": ""Allative"", ""DP"": ""Discourse particle"", ""ABL"": ""Ablative"", ""AM"": ""Associated Motion"", ""HAB"": ""Habitual"", ""NFUT"": ""Non-future""}"
even1260a-B7-70,koʨ ilanda kilometr biβeːtten.,koʨ	ilan=da	kilometr	bi-βeːt-te-n,probably	three=ADD	km.R	be-HAB-NFUT-3SG,It was probably three kilometres.,B7,70,even1260,even1260a,WORD_ALIGNED,"{""ADD"": ""Additive"", ""HAB"": ""Habitual"", ""NFUT"": ""Non-future"", ""SG"": ""Singular""}"
even1260a-B7-71,"ɲan iːseʨin ɲan urokur upkuttiɟur ɲanda orroːttu rybelketki, baɟikar ɲan badiʨ orroːttu školetki.",ɲan	iːseʨin	ɲan	urok-ur	upkut-tiɟur	ɲan=da	or-roːt-t-u	rybelke-tki	baɟikar	ɲan	badiʨ	or-roːt-t-u	škole-tki,and	evening	and	lesson.R-PRFL.PL	learn-SS.ANT.PL	and=ADD	go(UNIDIR)-HAB-NFUT-1PL.EX	fishing.camp.R-ALL	morning	and	early	go(UNIDIR)-HAB-NFUT-1PL.EX	school.R-ALL,"And in the evening, after having learnt our lessons, we again went to the fishing camp, and early in the morning we went to school.",B7,71,even1260,even1260a,WORD_ALIGNED,"{""PRFL"": ""Reflexive possessive"", ""PL"": ""Plural"", ""SS"": ""Same-subject converb"", ""ANT"": ""Anterior (converb)"", ""ADD"": ""Additive"", ""UNIDIR"": ""Unidirectional"", ""HAB"": ""Habitual"", ""NFUT"": ""Non-future"", ""EX"": ""Exclusive"", ""ALL"": ""Allative""}"
even1260a-B7-72,esuda opazdalloːtte.,e-s-u=da	opazdal-loːt-te,NEG-NFUT-1PL.EX=ADD	be.late.PST.M.R-HAB-NEG.CVB,We weren't even late.,B7,72,even1260,even1260a,WORD_ALIGNED,"{""NEG"": ""Negative; by itself: Negative auxiliary"", ""NFUT"": ""Non-future"", ""PL"": ""Plural"", ""EX"": ""Exclusive"", ""ADD"": ""Additive"", ""PST"": ""Past"", ""HAB"": ""Habitual"", ""CVB"": ""Converb""}"
even1260a-B7-73,taʨin tar.,taʨin	tar,DIST.QUAL	DP,Like that.,B7,73,even1260,even1260a,WORD_ALIGNED,"{""DIST"": ""Distal demonstrative"", ""QUAL"": ""Qualitative"", ""DP"": ""Discourse particle""}"
even1260a-B7-74,ɲan aːdunda meːrker elgeʨidɟoːttu.,ɲan	aːdun=da	meː-r-ke-r	elge-ʨi-d-ɟoːt-t-u,and	sometimes=ADD	REFL-PL-DIM-PL	to.fish(pole)-TAM2-PROG-HAB-NFUT-1PL.EX,And sometimes we ourselves fished with a pole hook.'\footnote{See \figref{fig:photoElge} (in \textref{text:B11}) for a photo of a pole hook.,B7,74,even1260,even1260a,WORD_ALIGNED,"{""ADD"": ""Additive"", ""REFL"": ""Reflexive pronoun"", ""PL"": ""Plural"", ""DIM"": ""Diminutive "", ""TAM"": ""Polysemous TAM marker"", ""PROG"": ""Progressive"", ""HAB"": ""Habitual"", ""NFUT"": ""Non-future"", ""EX"": ""Exclusive""}"
even1260a-B7-75,"umneken ɲan taʨin tar uŋmi gianumi Valja Tylkanovagli munu beririten, buː giala rybelkele ŋenniβun.",um-neken	ɲan	taʨin	tar	uŋ-mi	gia-num-i	Valja	Tylkanova-gli	mun-u	beri-ri-ten	buː	gia-la	rybelke-le	ŋen-ni-βun,one-ITER.ADV	and	DIST.QUAL	DP	FLR-SS.COND	friend-COM1-PRFL.SG	PN	PN-COM2	1PL.EX.OBL-ACC	lose-PST-3PL	1PL.EX	other-LOC	fishing.camp.R-LOC	go(GNRC)-PST-1PL.EX,"One day when I was doing like that with my friend, with Valja Tylkanova, they lost us, we went to another fishing camp.",B7,75,even1260,even1260a,WORD_ALIGNED,"{""ITER"": ""Iterative (aspect)"", ""ADV"": ""Adverb"", ""DIST"": ""Distal demonstrative"", ""QUAL"": ""Qualitative"", ""DP"": ""Discourse particle"", ""FLR"": ""Filler"", ""SS"": ""Same-subject converb"", ""COND"": ""Conditional-Temporal (converb)"", ""COM"": ""Comitative"", ""PRFL"": ""Reflexive possessive"", ""SG"": ""Singular"", ""PN"": ""Proper noun"", ""PL"": ""Plural"", ""EX"": ""Exclusive"", ""OBL"": ""Oblique"", ""ACC"": ""Accusative"", ""PST"": ""Past"", ""LOC"": ""Locative"", ""GNRC"": ""Generic""}"
even1260a-B7-76,"imŋen uže sentjabrlak aːmnak imŋeβaːtten, ɲan eɲtilbun ɲan geleteɟilliten.",imŋen	uže	sentjabr-la=k	aːmnak	imŋe-βaːt-te-n	ɲan	eɲtil-bun	ɲan	gelete-ɟi-l-li-ten,darkness	already.R	September.R-LOC=FOC	quickly	become.dark-HAB-NFUT-3SG	and	parents-PX.1PL.EX	and	look.for-PROG-INCH-PST-3PL,"It was already dark, in September it gets dark quickly, right, and our parents started to look for us.",B7,76,even1260,even1260a,WORD_ALIGNED,"{""LOC"": ""Locative"", ""FOC"": ""Focus"", ""HAB"": ""Habitual"", ""NFUT"": ""Non-future"", ""SG"": ""Singular"", ""PX"": ""Possessive suffix"", ""PL"": ""Plural"", ""EX"": ""Exclusive"", ""PROG"": ""Progressive"", ""INCH"": ""Inchoative"", ""PST"": ""Past""}"
even1260a-B7-77,uŋne keːŋgulele keːta nukuja oːja uŋedden.,uŋ-ne	keːŋgule-le	keːta	nukuja	oːja	uŋe-d-de-n,FLR-LOC	pit-LOC	chum.salmon	decrepit	many	FLR-PROG-NFUT-3SG,"In a pit there were a lot of chum salmon spawners.'\footnote{The term \textit{keːta nukuja} refers to a salmon fish that has reached the end of its journey upriver and that is about to spawn and die, so by then it is very old and weak. This is caught for dog food, but not for human consumption, since it does not taste good. The salmon fished for human consumption is still at the beginning of its journey upriver and has firm flesh.",B7,77,even1260,even1260a,WORD_ALIGNED,"{""FLR"": ""Filler"", ""LOC"": ""Locative"", ""PROG"": ""Progressive"", ""NFUT"": ""Non-future"", ""SG"": ""Singular""}"
even1260a-B7-78,kojeːʨidmi ɲan asukut tar biː iruːniβu oɲiŋagdu tar muːle.,kojeː-ʨi-d-mi	ɲan	asukut	tar	biː	iruː-ni-βu	oɲi-ŋag-du	tar	muː-le,to.watch-TAM2-PROG-SS.COND	and	almost	DP	1SG	slide.down-PST-1SG	sand-NR(COLL)-DAT.ESS	DIST	water-LOC,And looking I nearly slid down on the sandy patch into the water.,B7,78,even1260,even1260a,WORD_ALIGNED,"{""TAM"": ""Polysemous TAM marker"", ""PROG"": ""Progressive"", ""SS"": ""Same-subject converb"", ""COND"": ""Conditional-Temporal (converb)"", ""DP"": ""Discourse particle"", ""SG"": ""Singular"", ""PST"": ""Past"", ""NR"": ""Nominalizer"", ""COLL"": ""Collective"", ""DAT"": ""Dative"", ""ESS"": ""Essive"", ""DIST"": ""Distal demonstrative"", ""LOC"": ""Locative""}"
even1260a-B7-79,eldurde Valja elgeji esenɟin uŋnin minu.,eldur=de	Valja	elge-ji	esen-ɟi-n	uŋ-ni-n	min-u,fortunately=ADD	PN	pole.hook-PRFL.SG	handle-INS-PX.3SG	FLR-PST-3SG	1SG.OBL-ACC,Fortunately Valja thingummied me (pulled me out) with the handle of her fishhook.,B7,79,even1260,even1260a,WORD_ALIGNED,"{""ADD"": ""Additive"", ""PN"": ""Proper noun"", ""PRFL"": ""Reflexive possessive"", ""SG"": ""Singular"", ""INS"": ""Instrumental"", ""PX"": ""Possessive suffix"", ""FLR"": ""Filler"", ""PST"": ""Past"", ""OBL"": ""Oblique"", ""ACC"": ""Accusative""}"
even1260a-B7-80,"ɲan buː neːiβriβun, esu ɲan uŋŋoːtte.",ɲan	buː	neːi-β-ri-βun	e-s-u	ɲan	uŋ-ŋoːt-te,and	1PL.EX	scold-ADVRS-PST-1PL.EX	NEG-NFUT-1PL.EX	and	FLR-HAB-NEG.CVB,And we were scolded and didn't do whatchamacallit again (weren't naughty anymore).,B7,80,even1260,even1260a,WORD_ALIGNED,"{""PL"": ""Plural"", ""EX"": ""Exclusive"", ""ADVRS"": ""Adversative"", ""PST"": ""Past"", ""NEG"": ""Negative; by itself: Negative auxiliary"", ""NFUT"": ""Non-future"", ""FLR"": ""Filler"", ""HAB"": ""Habitual"", ""CVB"": ""Converb""}"
even1260a-B7-81,"ereːger ɟuganidu ulleŋun biβeːtten, temujodaril boritmatʨoːtta.",ereːger	ɟugani-du	ulle-ŋ-un	bi-βeːt-te-n	temujoda-ri-l	bori-t-mat-ʨoːt-ta,always	summer-DAT.ESS	meat-POSS-PX.1PL.EX	be-HAB-NFUT-3SG	go.fetch.meat-PRS.PTCP-PL	share-TAM2-REC-HAB-NFUT,"We always had meat in spring/summer, those who went for (reindeer) meat shared (with the others).",B7,81,even1260,even1260a,WORD_ALIGNED,"{""DAT"": ""Dative"", ""ESS"": ""Essive"", ""POSS"": ""Non-canonical possession"", ""PX"": ""Possessive suffix"", ""PL"": ""Plural"", ""EX"": ""Exclusive"", ""HAB"": ""Habitual"", ""NFUT"": ""Non-future"", ""SG"": ""Singular"", ""PRS"": ""Present"", ""PTCP"": ""Participle"", ""TAM"": ""Polysemous TAM marker"", ""REC"": ""Reciprocal""}"
even1260a-B7-82,"ɲan ŋiːde temujoβeːtten, taʨinda borittoːtte ereger.",ɲan	ŋiː=de	temujo-βeːt-te-n	taʨin=da	bori-t-toːt-te	ereger,and	who=ADD	slaughter-HAB-NFUT-3SG	DIST.QUAL=ADD	share-TAM2-HAB-NFUT	always,"And whoever slaughtered also shared like that, always.",B7,82,even1260,even1260a,WORD_ALIGNED,"{""ADD"": ""Additive"", ""HAB"": ""Habitual"", ""NFUT"": ""Non-future"", ""SG"": ""Singular"", ""DIST"": ""Distal demonstrative"", ""QUAL"": ""Qualitative"", ""TAM"": ""Polysemous TAM marker""}"
even1260a-B7-83,"ollaβ ɲan akmu, noŋan ʨeledukun ɟulle uŋŋoːtten, uže majla bejʨilloːtten olloβ.",olla-β	ɲan	akm-u	noŋan	ʨele-duku-n	ɟul-le	uŋ-ŋoːt-te-n	uže	maj-la	bejʨi-l-loːt-te-n	ollo-β,fish-ACC	and	father-PX.1SG	3SG	all-ABL-PX.3SG	front-LOC	FLR-HAB-NFUT-3SG	already.R	May.R-LOC	catch-INCH-HAB-NFUT-3SG	fish-ACC,"Also fish -- my father, he did whatchamacallit (fished) before everyone else, already in May he started to catch fish.",B7,83,even1260,even1260a,WORD_ALIGNED,"{""ACC"": ""Accusative"", ""PX"": ""Possessive suffix"", ""SG"": ""Singular"", ""ABL"": ""Ablative"", ""LOC"": ""Locative"", ""FLR"": ""Filler"", ""HAB"": ""Habitual"", ""NFUT"": ""Non-future"", ""INCH"": ""Inchoative""}"
even1260a-B7-84,ɲan uŋniɟi boriβaːttan taʨinta ɲan minu ŋenuβkeβeːtten.,ɲan	uŋ-niɟi	bori-βaːt-ta-n	taʨin=ta	ɲan	min-u	ŋen-u-βke-βeːt-te-n,and	FLR-SS.ANT.SG	share-HAB-NFUT-3SG	DIST.QUAL=ADD	and	1SG.OBL-ACC	go(GNRC)-VAL-CAUS-HAB-NFUT-3SG,And having done whatchamacallit he also shared like that and made me bring (the fish to others).,B7,84,even1260,even1260a,WORD_ALIGNED,"{""FLR"": ""Filler"", ""SS"": ""Same-subject converb"", ""ANT"": ""Anterior (converb)"", ""SG"": ""Singular"", ""HAB"": ""Habitual"", ""NFUT"": ""Non-future"", ""DIST"": ""Distal demonstrative"", ""QUAL"": ""Qualitative"", ""ADD"": ""Additive"", ""OBL"": ""Oblique"", ""ACC"": ""Accusative"", ""GNRC"": ""Generic"", ""VAL"": ""Valency-change"", ""CAUS"": ""Causative""}"
even1260a-B7-85,"i goːβeːtten ereldude ŋenuli, taralduda.",i	goː-βeːt-te-n	ere-l-du=de	ŋen-u-li	tara-l-du=da,and.R	say-HAB-NFUT-3SG	PROX-PL-DAT.ESS=ADD	go(GNRC)-VAL-IMP.SG	DIST-PL-DAT.ESS=ADD,"And he said ``Take (fish) to these, to those''.",B7,85,even1260,even1260a,WORD_ALIGNED,"{""HAB"": ""Habitual"", ""NFUT"": ""Non-future"", ""SG"": ""Singular"", ""PROX"": ""Proximal (demonstrative)"", ""PL"": ""Plural"", ""DAT"": ""Dative"", ""ESS"": ""Essive"", ""ADD"": ""Additive"", ""GNRC"": ""Generic"", ""VAL"": ""Valency-change"", ""IMP"": ""Imperative"", ""DIST"": ""Distal demonstrative""}"
even1260a-B7-86,"timin ɲanda tar unteldu ɲan ŋenudɟoːttem tar, imŋemde.",timin	ɲan=da	tar	unte-l-du	ɲan	ŋen-u-d-ɟoːt-te-m	tar	imŋe-m=de,tomorrow	and=ADD	DP	other-PL-DAT.ESS	and	go(GNRC)-VAL-PROG-HAB-NFUT-1SG	DP	darkness-ACC=ADD,"The next day I again carried (fish) to others, in the dark.",B7,86,even1260,even1260a,WORD_ALIGNED,"{""ADD"": ""Additive"", ""DP"": ""Discourse particle"", ""PL"": ""Plural"", ""DAT"": ""Dative"", ""ESS"": ""Essive"", ""GNRC"": ""Generic"", ""VAL"": ""Valency-change"", ""PROG"": ""Progressive"", ""HAB"": ""Habitual"", ""NFUT"": ""Non-future"", ""SG"": ""Singular"", ""ACC"": ""Accusative""}"
even1260a-B7-87,"tar, biː tar atkikaneʨ umneken eŋulliβu.",tar	biː	tar	atkikane-ʨ	um-neken	eŋu-l-li-βu,DP	1SG	DP	moon-INS	one-ITER.ADV	be.frightened-INCH-PST-1SG,And then I was once frightened by the moon.,B7,87,even1260,even1260a,WORD_ALIGNED,"{""DP"": ""Discourse particle"", ""SG"": ""Singular"", ""INS"": ""Instrumental"", ""ITER"": ""Iterative (aspect)"", ""ADV"": ""Adverb"", ""INCH"": ""Inchoative"", ""PST"": ""Past""}"
even1260a-B7-88,"ŋenuseddiβu tegeːle bisildu tar, uŋmi ɲan imŋenin.",ŋen-u-se-d-di-βu	tege-le	bi-si-l-du	tar	uŋ-mi	ɲan	imŋe-ni-n,go(GNRC)-VAL-TAM1-PROG-PST-1SG	distance-LOC	live-PRS.PTCP-PL-DAT.ESS	DP	FLR-SS.COND	and	become.dark-PST-3SG,I was carrying (fish) to (people) who lived far away and while doing that it got dark.,B7,88,even1260,even1260a,WORD_ALIGNED,"{""GNRC"": ""Generic"", ""VAL"": ""Valency-change"", ""TAM"": ""Polysemous TAM marker"", ""PROG"": ""Progressive"", ""PST"": ""Past"", ""SG"": ""Singular"", ""LOC"": ""Locative"", ""PRS"": ""Present"", ""PTCP"": ""Participle"", ""PL"": ""Plural"", ""DAT"": ""Dative"", ""ESS"": ""Essive"", ""DP"": ""Discourse particle"", ""FLR"": ""Filler"", ""SS"": ""Same-subject converb"", ""COND"": ""Conditional-Temporal (converb)""}"
even1260a-B7-89,ɲan atkikan tar togeʨin uŋnin ʨidalin minu ulurigʨin nekrin.,ɲan	atkikan	tar	togeʨin	uŋ-ni-n	ʨida-li-n	min-u	ulu-ri-gʨin	nek-ri-n,and	moon	DP	cloud	FLR-PROL-PX.3SG	opposite.side-PROL-PX.3SG	1SG.OBL-ACC	chase-PRS.PTCP-SML	do-PST-3SG,"And when the moon (went) behind the clouds, it was as if it was chasing me.",B7,89,even1260,even1260a,WORD_ALIGNED,"{""DP"": ""Discourse particle"", ""FLR"": ""Filler"", ""PROL"": ""Prolative"", ""PX"": ""Possessive suffix"", ""SG"": ""Singular"", ""OBL"": ""Oblique"", ""ACC"": ""Accusative"", ""PRS"": ""Present"", ""PTCP"": ""Participle"", ""SML"": ""Similative"", ""PST"": ""Past""}"
even1260a-B7-90,biː ɲan eŋulliɟi oŋnikan ɲoːŋʨiriβu.,biː	ɲan	eŋu-l-liɟi	oŋ-nikan	ɲoː-ŋʨi-ri-βu,1SG	and	be.frightened-INCH-SS.ANT.SG	cry-SS.SIM1	run.away-DUR-PST-1SG,And I got a fright and ran away crying.,B7,90,even1260,even1260a,WORD_ALIGNED,"{""SG"": ""Singular"", ""INCH"": ""Inchoative"", ""SS"": ""Same-subject converb"", ""ANT"": ""Anterior (converb)"", ""SIM"": ""Simultaneous (converb)"", ""DUR"": ""Durative"", ""PST"": ""Past""}"
even1260a-B7-91,iasʨinni?,ia-sʨi-nni,do.what-ATTN-2SG,(They asked): ``What's with you?''.,B7,91,even1260,even1260a,WORD_ALIGNED,"{""ATTN"": ""Attenuative"", ""SG"": ""Singular""}"
even1260a-B7-92,guːnem minu atkikan ulutten.,guː-ne-m	min-u	atkikan	ulu-t-te-n,say-NFUT-1SG	1SG.OBL-ACC	moon	chase-TAM2-NFUT-3SG,I said ``The moon is chasing me''.,B7,92,even1260,even1260a,WORD_ALIGNED,"{""NFUT"": ""Non-future"", ""SG"": ""Singular"", ""OBL"": ""Oblique"", ""ACC"": ""Accusative"", ""TAM"": ""Polysemous TAM marker""}"
even1260a-B7-93,"ɲan guːniten, atkikan togeʨin uŋneken uŋnen, ulurigʨin nekren.",ɲan	guː-ni-ten	atkikan	togeʨin	uŋ-neke-n	uŋ-ne-n	ulu-ri-gʨin	nek-re-n,and	say-PST-3PL	moon	cloud	FLR-DS.COND-3SG	FLR-NFUT-3SG	chase-PRS.PTCP-SML	do-NFUT-3SG,"And they said ``When the moon (is behind) the clouds it's whatchamacallit, as if it chases you''.",B7,93,even1260,even1260a,WORD_ALIGNED,"{""PST"": ""Past"", ""PL"": ""Plural"", ""FLR"": ""Filler"", ""DS"": ""Different-subject converb"", ""COND"": ""Conditional-Temporal (converb)"", ""SG"": ""Singular"", ""NFUT"": ""Non-future"", ""PRS"": ""Present"", ""PTCP"": ""Participle"", ""SML"": ""Similative""}"
even1260a-B7-94,taʨin tar.,taʨin	tar,DIST.QUAL	DP,Like that.,B7,94,even1260,even1260a,WORD_ALIGNED,"{""DIST"": ""Distal demonstrative"", ""QUAL"": ""Qualitative"", ""DP"": ""Discourse particle""}"
even1260a-B7-95,"ʨas, odedɟipesi.",ʨas	ode-d-ɟi-pe=si,DP	stop-PROG-FUT-1PL.IN=CONTR,"Well, we'll stop.",B7,95,even1260,even1260a,WORD_ALIGNED,"{""DP"": ""Discourse particle"", ""PROG"": ""Progressive"", ""FUT"": ""Future"", ""PL"": ""Plural"", ""IN"": ""Inclusive"", ""CONTR"": ""Contrastive""}"
even1260a-B8-1,biː bisem Rimma Maksimovna Egorova.,biː	bi-se-m	Rimma	Maksimovna	Egorova,1SG	be-NFUT-1SG	PN	PN	PN,I am Rimma Maksimovna Egorova.,B8,1,even1260,even1260a,WORD_ALIGNED,"{""SG"": ""Singular"", ""NFUT"": ""Non-future"", ""PN"": ""Proper noun""}"
even1260a-B8-2,biː oroʨ bisem.,biː	oroʨ	bi-se-m,1SG	Even	be-NFUT-1SG,I am an Even.,B8,2,even1260,even1260a,WORD_ALIGNED,"{""SG"": ""Singular"", ""NFUT"": ""Non-future""}"
even1260a-B8-3,biː bakuriβu Tβajaːndu.,biː	baku-ri-βu	Tβajaːn-du,1SG	be.born-PST-1SG	TOPO-DAT.ESS,"I was born in Tvajan.'\footnote{Tvajan (see \figref{fig:mapBys2}) was a settlement that existed for about 30 years, from the mid-to late 1930s to the mid-1960s, when it was closed by the Soviet authorities.",B8,3,even1260,even1260a,WORD_ALIGNED,"{""SG"": ""Singular"", ""PST"": ""Past"", ""TOPO"": ""Toponym"", ""DAT"": ""Dative"", ""ESS"": ""Essive""}"
even1260a-B8-4,tarak Tβajaːn bisni tegeleː Essoduk.,tarak	Tβajaːn	bi-s-ni	tege-le=eː	Esso-duk,DP	TOPO	be-NFUT-3SG	distance-LOC=EMPH	TOPO-ABL,This Tvajan is very far from Esso.,B8,4,even1260,even1260a,WORD_ALIGNED,"{""DP"": ""Discourse particle"", ""TOPO"": ""Toponym"", ""NFUT"": ""Non-future"", ""SG"": ""Singular"", ""LOC"": ""Locative"", ""EMPH"": ""Emphatic"", ""ABL"": ""Ablative""}"
even1260a-B8-5,"kuʨuken bimi biː sadiktaki olloːtʨoːttem, tarma abalu biː tala girkaβaːttiβu, baːriβu.",kuʨuken	bi-mi	biː	sadik-taki	olloːt-ʨoːt-te-m	tarma	abal-u	biː	ta-la	girka-βaːt-ti-βu	baː-ri-βu,small	be-SS.COND	1SG	kindergarten.R-ALL	go(MULTIDIR)-HAB-NFUT-1SG	but	few-ACC	1SG	DIST-LOC	walk-HAB-PST-1SG	not.want-PST-1SG,"When I was small I went to kindergarten, but I rarely went there, didn't want to.",B8,5,even1260,even1260a,WORD_ALIGNED,"{""SS"": ""Same-subject converb"", ""COND"": ""Conditional-Temporal (converb)"", ""SG"": ""Singular"", ""ALL"": ""Allative"", ""MULTIDIR"": ""Multidirectional"", ""HAB"": ""Habitual"", ""NFUT"": ""Non-future"", ""ACC"": ""Accusative"", ""DIST"": ""Distal demonstrative"", ""LOC"": ""Locative"", ""PST"": ""Past""}"
even1260a-B8-6,ereger biː nuːŋilbi boduβaːʨidɟoːttam.,ereger	biː	nuː-ŋil-bi	bod-u-βaːʨi-d-ɟoːt-ta-m,always	1SG	younger.sib-PL(KIN)-PRFL.SG	accompany-VAL-HAB-PROG-HAB-NFUT-1SG,I always took along my younger siblings.,B8,6,even1260,even1260a,WORD_ALIGNED,"{""SG"": ""Singular"", ""PL"": ""Plural"", ""PRFL"": ""Reflexive possessive"", ""VAL"": ""Valency-change"", ""HAB"": ""Habitual"", ""PROG"": ""Progressive"", ""NFUT"": ""Non-future""}"
even1260a-B8-7,"eɲtilbun gurgeːβʨidɟoːtte, buːsi tugenidu irukeʨidɟoːttu məgdinduk turkikaniʨ.",eɲtil-bun	gurgeːβʨi-d-ɟoːt-te	buː=si	tugeni-du	irukeʨi-d-ɟoːt-t-u	məgdin-duk	turki-kani-ʨ,parents-PX.1PL.EX	work-PROG-HAB-NFUT	1PL.EX=CONTR	winter-DAT.ESS	go.for.ride-PROG-HAB-NFUT-1PL.EX	high.riverbank-ABL	sled-DIM-INS,"Our parents worked, we however in winter went for rides from the riverbank, by sled.",B8,7,even1260,even1260a,WORD_ALIGNED,"{""PX"": ""Possessive suffix"", ""PL"": ""Plural"", ""EX"": ""Exclusive"", ""PROG"": ""Progressive"", ""HAB"": ""Habitual"", ""NFUT"": ""Non-future"", ""CONTR"": ""Contrastive"", ""DAT"": ""Dative"", ""ESS"": ""Essive"", ""ABL"": ""Ablative"", ""DIM"": ""Diminutive "", ""INS"": ""Instrumental""}"
even1260a-B8-8,ʨeːleβ ineŋu.,ʨeːle-β	ineŋ-u,all-ACC	day-ACC,All day.,B8,8,even1260,even1260a,WORD_ALIGNED,"{""ACC"": ""Accusative""}"
even1260a-B8-9,aːdunda gaβaːttu ŋin turkiβan.,aːdun=da	ga-βaːt-t-u	ŋin	turki-βa-n,sometimes=ADD	take-HAB-NFUT-1PL.EX	dog	sled-ACC-PX.3SG,Sometimes we used to take a dog sled.,B8,9,even1260,even1260a,WORD_ALIGNED,"{""ADD"": ""Additive"", ""HAB"": ""Habitual"", ""NFUT"": ""Non-future"", ""PL"": ""Plural"", ""EX"": ""Exclusive"", ""ACC"": ""Accusative"", ""PX"": ""Possessive suffix"", ""SG"": ""Singular""}"
even1260a-B8-10,munisi ŋinalbun oːja bisin.,muni=si	ŋina-l-bun	oːja	bi-si-n,1PL.EX.OBL=CONTR	dog-PL-PX.1PL.EX	many	be-PST-3SG,We had many dogs.,B8,10,even1260,even1260a,WORD_ALIGNED,"{""PL"": ""Plural"", ""EX"": ""Exclusive"", ""OBL"": ""Oblique"", ""CONTR"": ""Contrastive"", ""PX"": ""Possessive suffix"", ""PST"": ""Past"", ""SG"": ""Singular""}"
even1260a-B8-11,"akmun dengaβ, počtaβ emuβeːtten aβgiʨuttasi Tβajaːntaki.",akm-un	denga-β	počta-β	em-u-βeːt-te-n	aβ-giʨ=utta=si	Tβajaːn-taki,father-PX.1PL.EX	money.R-ACC	post.R-ACC	come-VAL-HAB-NFUT-3SG	where-ELAT=INDEF=CONTR	TOPO-ALL,"Our father brought money, the post, from somewhere to Tvajan.",B8,11,even1260,even1260a,WORD_ALIGNED,"{""PX"": ""Possessive suffix"", ""PL"": ""Plural"", ""EX"": ""Exclusive"", ""ACC"": ""Accusative"", ""VAL"": ""Valency-change"", ""HAB"": ""Habitual"", ""NFUT"": ""Non-future"", ""SG"": ""Singular"", ""ELAT"": ""Elative"", ""INDEF"": ""Indefinite"", ""CONTR"": ""Contrastive"", ""TOPO"": ""Toponym"", ""ALL"": ""Allative""}"
even1260a-B8-12,ereger ŋindadɟoːttan.,ereger	ŋin-da-d-ɟoːt-ta-n,always	dog-VR(TRANSPORT)-PROG-HAB-NFUT-3SG,He always went by dog (sled).,B8,12,even1260,even1260a,WORD_ALIGNED,"{""VR"": ""Verbalizer"", ""PROG"": ""Progressive"", ""HAB"": ""Habitual"", ""NFUT"": ""Non-future"", ""SG"": ""Singular""}"
even1260a-B8-13,"Essotkida ŋindaβaːttan, uruβeːtten ŋiːβde, bolnicatki uruβeːtten, ŋinaʨ.",Esso-tki=da	ŋin-da-βaːt-ta-n	ur-u-βeːt-te-n	ŋiː-β=de	bolnica-tki	ur-u-βeːt-te-n	ŋina-ʨ,TOPO-ALL=ADD	dog-VR(TRANSPORT)-HAB-NFUT-3SG	go(UNIDIR)-VAL-HAB-NFUT-3SG	who-ACC=ADD	hospital.R-ALL	go(UNIDIR)-VAL-HAB-NFUT-3SG	dog-INS,"And to Esso he went by dogsled, he took away somebody, took them to the hospital, by dog(sled).",B8,13,even1260,even1260a,WORD_ALIGNED,"{""TOPO"": ""Toponym"", ""ALL"": ""Allative"", ""ADD"": ""Additive"", ""VR"": ""Verbalizer"", ""HAB"": ""Habitual"", ""NFUT"": ""Non-future"", ""SG"": ""Singular"", ""UNIDIR"": ""Unidirectional"", ""VAL"": ""Valency-change"", ""ACC"": ""Accusative"", ""INS"": ""Instrumental""}"
even1260a-B8-14,irellekenesi murindadɟoːtta oroʨel.,irel-leke-ne=si	murin-da-d-ɟoːt-ta	oroʨe-l,melt-DS.COND-3SG=CONTR	horse-VR(TRANSPORT)-PROG-HAB-NFUT	Even-PL,"When the snow melted, they used to go by horse, the Evens.",B8,14,even1260,even1260a,WORD_ALIGNED,"{""DS"": ""Different-subject converb"", ""COND"": ""Conditional-Temporal (converb)"", ""SG"": ""Singular"", ""CONTR"": ""Contrastive"", ""VR"": ""Verbalizer"", ""PROG"": ""Progressive"", ""HAB"": ""Habitual"", ""NFUT"": ""Non-future"", ""PL"": ""Plural""}"
even1260a-B8-15,tarakam ʨeleɟur ŋinaltan bisin.,tarakam	ʨele-ɟur	ŋina-l-tan	bi-si-n,at.that.time	all-INS.PRFL.PL	dog-PL-PX.3PL	be-PST-3SG,In those days all had dogs.,B8,15,even1260,even1260a,WORD_ALIGNED,"{""INS"": ""Instrumental"", ""PRFL"": ""Reflexive possessive"", ""PL"": ""Plural"", ""PX"": ""Possessive suffix"", ""PST"": ""Past"", ""SG"": ""Singular""}"
even1260a-B8-16,"muraltanda bisin, aʨʨasi mašina bisin, traktorkakan umen bisin.",mura-l-tan=da	bi-si-n	aʨʨa=si	mašina	bi-si-n	traktor-kakan	umen	bi-si-n,horse-PL-PX.3PL=ADD	be-PST-3SG	NEG.EXIST=CONTR	car.R	be-PST-3SG	tractor.R-DIM.INDEF	one	be-PST-3SG,"They had horses, there were no vehicles, there was one puny tractor.",B8,16,even1260,even1260a,WORD_ALIGNED,"{""PL"": ""Plural"", ""PX"": ""Possessive suffix"", ""ADD"": ""Additive"", ""PST"": ""Past"", ""SG"": ""Singular"", ""NEG"": ""Negative; by itself: Negative auxiliary"", ""EXIST"": ""Existential"", ""CONTR"": ""Contrastive"", ""DIM"": ""Diminutive "", ""INDEF"": ""Indefinite""}"
even1260a-B8-17,emudɟoːtten bazgiʨ produktyβ.,em-u-d-ɟoːt-te-n	baz-giʨ	produkty-β,come-VAL-PROG-HAB-NFUT-3SG	base.R-ELAT	produce.R-ACC,"It brought food from the base.'\footnote{The base (\textit{baza} in Russian) was a little port (Icha) on the coast of the Oxotsk Sea (Tvajan was located about 80 km inland, on the river Tvajan, a tributary of the Icha river). Food and other products were brought to the port of Icha by sea, stored there, and then transported overland to Tvajan.",B8,17,even1260,even1260a,WORD_ALIGNED,"{""VAL"": ""Valency-change"", ""PROG"": ""Progressive"", ""HAB"": ""Habitual"", ""NFUT"": ""Non-future"", ""SG"": ""Singular"", ""ELAT"": ""Elative"", ""ACC"": ""Accusative""}"
even1260a-B8-18,"ɲanasi Essogiʨ, Essolada bisil tože taʨin badudɟoːtta, Tβajaːntaki.",ɲana=si	Esso-giʨ	Esso-la=da	bi-si-l	tože	taʨin	badu-d-ɟoːt-ta	Tβajaːn-taki,and=CONTR	TOPO-ELAT	TOPO-LOC=ADD	live-PRS.PTCP-PL	also.R	DIST.QUAL	ride-PROG-HAB-NFUT	TOPO-ALL,"From Esso, those who lived in Esso also rode like that (by horse and dog) to Tvajan.",B8,18,even1260,even1260a,WORD_ALIGNED,"{""CONTR"": ""Contrastive"", ""TOPO"": ""Toponym"", ""ELAT"": ""Elative"", ""LOC"": ""Locative"", ""ADD"": ""Additive"", ""PRS"": ""Present"", ""PTCP"": ""Participle"", ""PL"": ""Plural"", ""DIST"": ""Distal demonstrative"", ""QUAL"": ""Qualitative"", ""PROG"": ""Progressive"", ""HAB"": ""Habitual"", ""NFUT"": ""Non-future"", ""ALL"": ""Allative""}"
even1260a-B8-19,"ereger kuŋalba uruβeːtte, školaβ oddakatan.",ereger	kuŋa-l-ba	ur-u-βeːt-te	škola-β	od-daka-tan,always	child-PL-ACC	go(UNIDIR)-VAL-HAB-NFUT	school.R-ACC	stop-DS.COND-3PL,"They always brought the children (home) when they finished school (at the end of the school year, for the holidays).'\footnote{See \textref{text:B07}, lines \ref{ex:B7-26}-\ref{ex:B7-44} for a detailed description of the trip back home from school.",B8,19,even1260,even1260a,WORD_ALIGNED,"{""PL"": ""Plural"", ""ACC"": ""Accusative"", ""UNIDIR"": ""Unidirectional"", ""VAL"": ""Valency-change"", ""HAB"": ""Habitual"", ""NFUT"": ""Non-future"", ""DS"": ""Different-subject converb"", ""COND"": ""Conditional-Temporal (converb)""}"
even1260a-B8-20,"uruβeːtte ɟuːtkiten, kanikuly oːdakan, muraniʨ.",ur-u-βeːt-te	ɟuː-tki-ten	kanikuly	oː-daka-n	murani-ʨ,go(UNIDIR)-VAL-HAB-NFUT	house-ALL-PX.3PL	holidays.R	become-DS.COND-3SG	horse-INS,"They brought them to their houses, when the holidays started, by horse.",B8,20,even1260,even1260a,WORD_ALIGNED,"{""UNIDIR"": ""Unidirectional"", ""VAL"": ""Valency-change"", ""HAB"": ""Habitual"", ""NFUT"": ""Non-future"", ""ALL"": ""Allative"", ""PX"": ""Possessive suffix"", ""PL"": ""Plural"", ""DS"": ""Different-subject converb"", ""COND"": ""Conditional-Temporal (converb)"", ""SG"": ""Singular"", ""INS"": ""Instrumental""}"
even1260a-B8-21,oːja muram ʨakkoːtta.,oːja	mura-m	ʨak-koːt-ta,many	horse-ACC	gather[TR]-HAB-NFUT,They gathered many horses.,B8,21,even1260,even1260a,WORD_ALIGNED,"{""ACC"": ""Accusative"", ""TR"": ""Transitive"", ""HAB"": ""Habitual"", ""NFUT"": ""Non-future""}"
even1260a-B8-22,"ɲanasi buː alaʨidɟoːttu, agdiŋilbun Raja, Gena emmoːtte Essogiʨ.",ɲana=si	buː	alaʨi-d-ɟoːt-t-u	agdi-ŋil-bun	Raja	Gena	em-moːt-te	Esso-giʨ,and=CONTR	1PL.EX	wait-PROG-HAB-NFUT-1PL.EX	older-PL(KIN)-PX.1PL.EX	PN	PN	come-HAB-NFUT	TOPO-ELAT,"And we waited, our elder (siblings), Raja, Gena, used to come from Esso.'\footnote{The families at home in Tvajan were informed via the radio when the schoolchildren set off from Esso, and then they started waiting, since it could take a long time until they actually arrived home. It generally took about a week from Esso to Tvajan on horseback, in bad weather up to two weeks.",B8,22,even1260,even1260a,WORD_ALIGNED,"{""CONTR"": ""Contrastive"", ""PL"": ""Plural"", ""EX"": ""Exclusive"", ""PROG"": ""Progressive"", ""HAB"": ""Habitual"", ""NFUT"": ""Non-future"", ""PX"": ""Possessive suffix"", ""PN"": ""Proper noun"", ""TOPO"": ""Toponym"", ""ELAT"": ""Elative""}"
even1260a-B8-23,alaʨidɟoːttam ereger.,alaʨi-d-ɟoːt-ta-m	ereger,wait-PROG-HAB-NFUT-1SG	always,I always waited.,B8,23,even1260,even1260a,WORD_ALIGNED,"{""PROG"": ""Progressive"", ""HAB"": ""Habitual"", ""NFUT"": ""Non-future"", ""SG"": ""Singular""}"
even1260a-B8-24,ɲanasi tarakam tar rybalkatki orroːttu emneketen.,ɲana=si	tarakam	tar	rybalka-tki	or-roːt-t-u	em-neke-ten,and=CONTR	at.that.time	DP	fishing.camp.R-ALL	go(UNIDIR)-HAB-NFUT-1PL.EX	come-DS.COND-3PL,"And then we went to the fishing camp, when they arrived.",B8,24,even1260,even1260a,WORD_ALIGNED,"{""CONTR"": ""Contrastive"", ""DP"": ""Discourse particle"", ""ALL"": ""Allative"", ""UNIDIR"": ""Unidirectional"", ""HAB"": ""Habitual"", ""NFUT"": ""Non-future"", ""PL"": ""Plural"", ""EX"": ""Exclusive"", ""DS"": ""Different-subject converb"", ""COND"": ""Conditional-Temporal (converb)""}"
even1260a-B8-25,"tadu oːjaβeː olloβ epkuβeːttu, kolxoz olloŋgan.",ta-du	oːja-β=eː	ollo-β	epku-βeːt-t-u	kolxoz	ollo-ŋ-ga-n,DIST-DAT.ESS	many-ACC=EMPH	fish-ACC	catch-HAB-NFUT-1PL.EX	collective.farm.R	fish-POSS-DEST-PX.3SG,"There we caught much fish, fish for the collective farm.",B8,25,even1260,even1260a,WORD_ALIGNED,"{""DIST"": ""Distal demonstrative"", ""DAT"": ""Dative"", ""ESS"": ""Essive"", ""ACC"": ""Accusative"", ""EMPH"": ""Emphatic"", ""HAB"": ""Habitual"", ""NFUT"": ""Non-future"", ""PL"": ""Plural"", ""EX"": ""Exclusive"", ""POSS"": ""Non-canonical possession"", ""DEST"": ""Destinative"", ""PX"": ""Possessive suffix"", ""SG"": ""Singular""}"
even1260a-B8-26,"ereger akmun brigadir bisin, ekmunisi kaːmgidɟoːttan.",ereger	akm-un	brigadir	bi-si-n	ekm-uni=si	kaːm-gi-d-ɟoːt-ta-n,always	father-PX.1PL.EX	brigade.leader.R	be-PST-3SG	mother-PX.1PL.EX=CONTR	dried.fish-VR(MAKE.FOOD)-PROG-HAB-NFUT-3SG,"Our father was always brigade leader, and our mother produced dried fish.",B8,26,even1260,even1260a,WORD_ALIGNED,"{""PX"": ""Possessive suffix"", ""PL"": ""Plural"", ""EX"": ""Exclusive"", ""PST"": ""Past"", ""SG"": ""Singular"", ""CONTR"": ""Contrastive"", ""VR"": ""Verbalizer"", ""PROG"": ""Progressive"", ""HAB"": ""Habitual"", ""NFUT"": ""Non-future""}"
even1260a-B8-27,"ɲanasi emniβun eβeski, Bystrojtaki.",ɲana=si	em-ni-βun	eβe-ski	Bystraja-taki,and=CONTR	come-PST-1PL.EX	PROX-ADVB.ALL	TOPO-ALL,"And then we came here to Bystraja.'\footnote{The inhabitants of Tvajan were resettled in Bystraja (see \figref{fig:mapBys2}) when Tvajan was closed in 1964-1965. Bystraja was closed in its turn ten years later and the inhabitants resettled in Esso (see \cite[42]{Pakendorf:2024qb}, for a summary of the successive resettlements).",B8,27,even1260,even1260a,WORD_ALIGNED,"{""CONTR"": ""Contrastive"", ""PST"": ""Past"", ""PL"": ""Plural"", ""EX"": ""Exclusive"", ""PROX"": ""Proximal (demonstrative)"", ""ADVB"": ""Adverbial"", ""ALL"": ""Allative"", ""TOPO"": ""Toponym""}"
even1260a-B8-28,taʨintitta eɲtilbun ereger rybalkadɟoːtta.,taʨin=tit=ta	eɲtil-bun	ereger	rybalka-d-ɟoːt-ta,DIST.QUAL=EMPH=ADD	parents-PX.1PL.EX	always	fishing.camp.R-PROG-HAB-NFUT,Just the same our parents were always fishing.,B8,28,even1260,even1260a,WORD_ALIGNED,"{""DIST"": ""Distal demonstrative"", ""QUAL"": ""Qualitative"", ""EMPH"": ""Emphatic"", ""ADD"": ""Additive"", ""PX"": ""Possessive suffix"", ""PL"": ""Plural"", ""EX"": ""Exclusive"", ""PROG"": ""Progressive"", ""HAB"": ""Habitual"", ""NFUT"": ""Non-future""}"
even1260a-B8-29,buːsi Essola taŋniβun.,buː=si	Esso-la	taŋ-ni-βun,1PL.EX=CONTR	TOPO-LOC	read-PST-1PL.EX,And we studied (went to school) in Esso.,B8,29,even1260,even1260a,WORD_ALIGNED,"{""PL"": ""Plural"", ""EX"": ""Exclusive"", ""CONTR"": ""Contrastive"", ""TOPO"": ""Toponym"", ""LOC"": ""Locative"", ""PST"": ""Past""}"
even1260a-B8-30,ɲan tara.,ɲan	tara,and	DP,That's all.,B8,30,even1260,even1260a,WORD_ALIGNED,"{""DP"": ""Discourse particle""}"
even1260a-B9-1,"kuʨukeːn bimi rybalkadu biddiβu eniŋeːlnumi, eniŋeːβude bisin minŋi nan biː eniŋeːldu biddiβu.",kuʨukeːn	bi-mi	rybalka-du	bi-d-di-βu	eniŋeː-l-num-i	eniŋeː-βu=de	bi-si-n	min-ŋi	nan	biː	eniŋeː-l-du	bi-d-di-βu,small	be-SS.COND	fishing.camp.R-DAT.ESS	live-PROG-PST-1SG	grandmother-PL-COM1-PRFL.SG	grandmother-PX.1SG=ADD	be-PST-3SG	1SG.OBL-PSR	and	1SG	grandmother-PL-DAT.ESS	live-PROG-PST-1SG,"When I was small I lived in a fishing camp with my grandmothers, I had a grandmother, and I lived with the grannies.",B9,1,even1260,even1260a,WORD_ALIGNED,"{""SS"": ""Same-subject converb"", ""COND"": ""Conditional-Temporal (converb)"", ""DAT"": ""Dative"", ""ESS"": ""Essive"", ""PROG"": ""Progressive"", ""PST"": ""Past"", ""SG"": ""Singular"", ""PL"": ""Plural"", ""COM"": ""Comitative"", ""PRFL"": ""Reflexive possessive"", ""PX"": ""Possessive suffix"", ""ADD"": ""Additive"", ""OBL"": ""Oblique"", ""PSR"": ""Possessor""}"
even1260a-B9-2,"nan tarakam tara noŋartan ollaβ bejʨidɟoːtta, kaːmgidɟoːtta, iːseʨikle umekiʨ.",nan	tarakam	tara	noŋartan	olla-β	bejʨi-d-ɟoːt-ta	kaːm-gi-d-ɟoːt-ta	iːseʨi-kle	umekiʨ,and	at.that.time	DP	3PL	fish-ACC	catch-PROG-HAB-NFUT	dried.fish-VR(MAKE.FOOD)-PROG-HAB-NFUT	evening-LIM	very,And in those days they were catching and drying fish until late every evening.,B9,2,even1260,even1260a,WORD_ALIGNED,"{""DP"": ""Discourse particle"", ""PL"": ""Plural"", ""ACC"": ""Accusative"", ""PROG"": ""Progressive"", ""HAB"": ""Habitual"", ""NFUT"": ""Non-future"", ""VR"": ""Verbalizer"", ""LIM"": ""Limitative""}"
even1260a-B9-3,buː alaʨiɟeːnɲoːttu.,buː	alaʨi-ɟeːn-ɲoːt-t-u,1PL.EX	wait-CMPS-HAB-NFUT-1PL.EX,"We waited (for them), (poor us).'\footnote{The `we' here probably refers to Natalija Tylkanova and the half-blind old woman Irina (see synopsis and the following line), since the two of them sat around in the camp all day.",B9,3,even1260,even1260a,WORD_ALIGNED,"{""PL"": ""Plural"", ""EX"": ""Exclusive"", ""CMPS"": ""Compassionate"", ""HAB"": ""Habitual"", ""NFUT"": ""Non-future""}"
even1260a-B9-4,"nane munnunesi bisin unet umen atikaːn, balikaʨ.",nane	mun-nune=si	bi-si-n	unet	umen	atikaːn	balikaʨ,and	1PL.EX.OBL-COM1=CONTR	be-PST-3SG	still	one	old.woman	blind,"And there was another old woman with us, (she was) blind.",B9,4,even1260,even1260a,WORD_ALIGNED,"{""PL"": ""Plural"", ""EX"": ""Exclusive"", ""OBL"": ""Oblique"", ""COM"": ""Comitative"", ""CONTR"": ""Contrastive"", ""PST"": ""Past"", ""SG"": ""Singular""}"
even1260a-B9-5,eʨ ajiʨ itte.,e-ʨ	aji-ʨ	it-te,NEG-PST	good-ADVR	see-NEG.CVB,(She) didn't see well.,B9,5,even1260,even1260a,WORD_ALIGNED,"{""NEG"": ""Negative; by itself: Negative auxiliary"", ""PST"": ""Past"", ""ADVR"": ""Adverbializer"", ""CVB"": ""Converb""}"
even1260a-B9-6,"nan eniŋeːβu emmoːtten tali guːnɟidɟoːtten, ilebeɟi?",nan	eniŋeː-βu	em-moːt-te-n	ta-li	guːn-ɟid-ɟoːt-te-n	i-le=beɟi,and	grandmother-PX.1SG	come-HAB-NFUT-3SG	DIST-PROL	say-PROG-HAB-NFUT-3SG	INTERR-LOC=EMPH,"And my grandmother came there and asked, ``Where on earth?''.",B9,6,even1260,even1260a,WORD_ALIGNED,"{""PX"": ""Possessive suffix"", ""SG"": ""Singular"", ""HAB"": ""Habitual"", ""NFUT"": ""Non-future"", ""DIST"": ""Distal demonstrative"", ""PROL"": ""Prolative"", ""PROG"": ""Progressive"", ""INTERR"": ""Interrogative root"", ""LOC"": ""Locative"", ""EMPH"": ""Emphatic""}"
even1260a-B9-7,"tarakasi atikaːn balikaʨ aβuskiβuʨ olloːtten, iːseʨinte oːdakan.",taraka=si	atikaːn	balikaʨ	aβu-ski=βuʨ	olloːt-te-n	iːseʨin=te	oː-daka-n,DIST=CONTR	old.woman	blind	where-ADVB.ALL=INDEF	go(MULTIDIR)-NFUT-3SG	evening=PTL	become-DS.COND-3SG,This blind old woman kept going away somewhere as soon as it became evening.,B9,7,even1260,even1260a,WORD_ALIGNED,"{""DIST"": ""Distal demonstrative"", ""CONTR"": ""Contrastive"", ""ADVB"": ""Adverbial"", ""ALL"": ""Allative"", ""INDEF"": ""Indefinite"", ""MULTIDIR"": ""Multidirectional"", ""NFUT"": ""Non-future"", ""SG"": ""Singular"", ""PTL"": ""Particle"", ""DS"": ""Different-subject converb"", ""COND"": ""Conditional-Temporal (converb)""}"
even1260a-B9-8,oseːlʨe eniŋeːβu giatki atikaːntaki guːnɟidden aβuskibeɟi Irina olloːtten ilede miːɟinde.,oseːl-ʨe	eniŋeː-βu	gia-tki	atikaːn-taki	guːn-ɟid-de-n	aβu-ski=beɟi	Irina	olloːt-te-n	i-le=de	miː-ɟi-n=de,become.tired-PST.PTCP	grandmother-PX.1SG	other-ALL	old.woman-ALL	say-PROG-NFUT-3SG	where-ADVB.ALL=EMPH	PN	go(MULTIDIR)-NFUT-3SG	INTERR-LOC=ADD	get.lost-FUT-3SG=ADD,"My tired grandmother asked the other old woman, ``Where on earth does Irina go, she'll get lost somewhere!''.",B9,8,even1260,even1260a,WORD_ALIGNED,"{""PST"": ""Past"", ""PTCP"": ""Participle"", ""PX"": ""Possessive suffix"", ""SG"": ""Singular"", ""ALL"": ""Allative"", ""PROG"": ""Progressive"", ""NFUT"": ""Non-future"", ""ADVB"": ""Adverbial"", ""EMPH"": ""Emphatic"", ""PN"": ""Proper noun"", ""MULTIDIR"": ""Multidirectional"", ""INTERR"": ""Interrogative root"", ""LOC"": ""Locative"", ""ADD"": ""Additive"", ""FUT"": ""Future""}"
even1260a-B9-9,nanda iamipte timin olloːtte iːseʨin dolbakla ollaŋuβur kaːmgiɟeːnɲoːtta noknikarda.,nan=da	iami=pte	timin	olloːt-te	iːseʨin	dolba-kla	olla-ŋu-βur	kaːm-gi-ɟeːn-ɲoːt-ta	nok-nika-r=da,and=ADD	why=INDEF	tomorrow	go(MULTIDIR)-NFUT	evening	night-LIM	fish-POSS-PRFL.PL	dried.fish-VR(MAKE.FOOD)-CMPS-HAB-NFUT	hang.up-SS.SIM1-3PL=ADD,"And again for some reason they went the next day in the evening until nightfall, they prepared their dried fish (poor them), hanging it up.'\footnote{See \figref{fig:photoDryingFish} for an illustration of this process.",B9,9,even1260,even1260a,WORD_ALIGNED,"{""ADD"": ""Additive"", ""INDEF"": ""Indefinite"", ""MULTIDIR"": ""Multidirectional"", ""NFUT"": ""Non-future"", ""LIM"": ""Limitative"", ""POSS"": ""Non-canonical possession"", ""PRFL"": ""Reflexive possessive"", ""PL"": ""Plural"", ""VR"": ""Verbalizer"", ""CMPS"": ""Compassionate"", ""HAB"": ""Habitual"", ""SS"": ""Same-subject converb"", ""SIM"": ""Simultaneous (converb)""}"
even1260a-B9-10,ereger taʨin gurgeːβʨiɟeːnɲoːtte.,ereger	taʨin	gurgeːβʨi-ɟeːn-ɲoːt-te,always	DIST.QUAL	work-CMPS-HAB-NFUT,"They always worked like that, the poor things.",B9,10,even1260,even1260a,WORD_ALIGNED,"{""DIST"": ""Distal demonstrative"", ""QUAL"": ""Qualitative"", ""CMPS"": ""Compassionate"", ""HAB"": ""Habitual"", ""NFUT"": ""Non-future""}"
even1260a-B9-11,nan umneken tar nanda guːnɟidde ilebeɟi,nan	um-neken	tar	nan=da	guːn-ɟid-de	i-le=beɟi,and	one-ITER.ADV	DP	and=ADD	say-PROG-NFUT	INTERR-LOC=EMPH,"And once, they again say, ``Where on earth (is she)?''",B9,11,even1260,even1260a,WORD_ALIGNED,"{""ITER"": ""Iterative (aspect)"", ""ADV"": ""Adverb"", ""DP"": ""Discourse particle"", ""ADD"": ""Additive"", ""PROG"": ""Progressive"", ""NFUT"": ""Non-future"", ""INTERR"": ""Interrogative root"", ""LOC"": ""Locative"", ""EMPH"": ""Emphatic""}"
even1260a-B9-12,iami emneketente iami atikaːn ukal aβuskiβuʨ olloːtten?,iami	em-neke-ten=te	iami	atikaːn	ukal	aβu-ski=βuʨ	olloːt-te-n,why	come-DS.COND-3PL=PTL	why	old.woman	already	where-ADVB.ALL=INDEF	go(MULTIDIR)-NFUT-3SG,Why does the old woman go somewhere as soon as they arrive?,B9,12,even1260,even1260a,WORD_ALIGNED,"{""DS"": ""Different-subject converb"", ""COND"": ""Conditional-Temporal (converb)"", ""PL"": ""Plural"", ""PTL"": ""Particle"", ""ADVB"": ""Adverbial"", ""ALL"": ""Allative"", ""INDEF"": ""Indefinite"", ""MULTIDIR"": ""Multidirectional"", ""NFUT"": ""Non-future"", ""SG"": ""Singular""}"
even1260a-B9-13,"aβuskibeɟi urren nanda, miːɟin taβur atikaːn, iasʨiddanbaɟi.",aβu-ski=beɟi	ur-re-n	nan=da	miː-ɟi-n	taβur	atikaːn	ia-sʨi-d-da-n=baɟi,where-ADVB.ALL=EMPH	go(UNIDIR)-NFUT-3SG	and=ADD	get.lost-FUT-3SG	DEM.RECOGN	old.woman	do.what-ATTN-PROG-NFUT-3SG=EMPH,"{``}Where did she go, she'll get lost again, that old woman, what on earth is she doing?''",B9,13,even1260,even1260a,WORD_ALIGNED,"{""ADVB"": ""Adverbial"", ""ALL"": ""Allative"", ""EMPH"": ""Emphatic"", ""UNIDIR"": ""Unidirectional"", ""NFUT"": ""Non-future"", ""SG"": ""Singular"", ""ADD"": ""Additive"", ""FUT"": ""Future"", ""DEM"": ""Demonstrative"", ""RECOGN"": ""Recognitional"", ""ATTN"": ""Attenuative"", ""PROG"": ""Progressive""}"
even1260a-B9-14,"nan, biː umneken guːnem oːna:",nan	biː	um-neken	guː-ne-m	oːna,and	1SG	one-ITER.ADV	say-NFUT-1SG	DP,And once I said:,B9,14,even1260,even1260a,WORD_ALIGNED,"{""SG"": ""Singular"", ""ITER"": ""Iterative (aspect)"", ""ADV"": ""Adverb"", ""NFUT"": ""Non-future"", ""DP"": ""Discourse particle""}"
even1260a-B9-15,noŋan oːnka ʨaktiŋasan taβur ukal amŋisandula uŋedden kaːmu timiβeːʨidden.,noŋan	oːn=ka	ʨakti-ŋa-san	taβur	ukal	amŋisan-dula	uŋe-d-de-n	kaːm-u	timi-βeːʨi-d-de-n,3SG	how=FOC	agile-POSS-PX.2PL	DEM.RECOGN	already	smokehouse-LOC	FLR-PROG-NFUT-3SG	dried.fish-ACC	touch-HAB-PROG-NFUT-3SG,"She, this busy one of yours, she is already in the smokehouse checking the dried fish.'\footnote{Natalia Tylkanova's grandmother and the husband and wife had been secretly and somewhat sarcastically referring to half-blind Irina as the ``busy one'', since Irina did nothing all day, just sat around. She wasn't expected to do much, but it was felt that she could at least go and feed the fire in the smokehouse. Instead, she did nothing all day, and only disappeared in the evenings.",B9,15,even1260,even1260a,WORD_ALIGNED,"{""SG"": ""Singular"", ""FOC"": ""Focus"", ""POSS"": ""Non-canonical possession"", ""PX"": ""Possessive suffix"", ""PL"": ""Plural"", ""DEM"": ""Demonstrative"", ""RECOGN"": ""Recognitional"", ""LOC"": ""Locative"", ""FLR"": ""Filler"", ""PROG"": ""Progressive"", ""NFUT"": ""Non-future"", ""ACC"": ""Accusative"", ""HAB"": ""Habitual""}"
even1260a-B9-16,"nan tara urip eniŋeːlbu inimeɟilliten tarə tar, ebɟelliten.",nan	tara	urip	eniŋeː-l-bu	inime-ɟi-l-li-ten	tarə	tar	ebɟe-l-li-ten,and	DP	aforementioned	grandmother-PL-PX.1SG	smile-PROG-INCH-PST-3PL	DP	DP	be.interested-INCH-PST-3PL,"And these grannies smiled, they thought that was interesting.'\footnote{The grannies thought it was funny that a little child every evening listened to their constant questions about where Irina was going, and that in the end she couldn't hold back and spoke up, referring to the half-blind old woman by the sarcastic epithet ``busy one''. This kind of behaviour (a child making a judgement about an adult's behaviour) was, however, not really condoned, so the grannies didn't laugh out loud, only smiled a bit to themselves. The episode obviously made a deep impression on Natalija Tylkanova's grandmother, since she reminded her about it ten years later.",B9,16,even1260,even1260a,WORD_ALIGNED,"{""DP"": ""Discourse particle"", ""PL"": ""Plural"", ""PX"": ""Possessive suffix"", ""SG"": ""Singular"", ""PROG"": ""Progressive"", ""INCH"": ""Inchoative"", ""PST"": ""Past""}"
